{
    "alpha": 100,
    "hidden_states": {
        "Pop1": [
            0.0,
            0.07491657222782305,
            0.10604272536007923,
            0.14855742394702537,
            0.21580789669577022,
            0.3074076691947747,
            0.4381634138622006,
            0.6322056478147415,
            0.9093733965747917,
            1.2930203111175809,
            1.8504972960216035,
            2.7075815323930064,
            4.101311423482975,
            7.044130789255063,
            5007.846789973266,
            Infinity
        ]
    },
    "model": {
        "N0": 0.0625,
        "class": "SMCModel",
        "knots": [
            0.07491657222782305,
            0.14855742394702537,
            0.3074076691947747,
            0.6322056478147415,
            1.2930203111175809,
            2.7075815323930064,
            7.044130789255063
        ],
        "pid": "Pop1",
        "spline_class": "Piecewise",
        "y": [
            6.439084429090514,
            6.439084429090514,
            6.439084429090514,
            6.439084429090514,
            6.439084429090514,
            6.439084429090514,
            6.439084429090514
        ]
    },
    "rho": 0.0001,
    "theta": 0.0001
}