{
    "alpha": 100,
    "hidden_states": {
        "Pop1": [
            0.0,
            0.00047361797097209175,
            0.001211793651522868,
            0.0031171810757149422,
            0.008103881640889815,
            0.020712963572923765,
            0.110781950557921,
            Infinity
        ]
    },
    "model": {
        "N0": 6.250000000000001,
        "class": "SMCModel",
        "knots": [
            0.00047361797097209175,
            0.0031171810757149422,
            0.020712963572923765
        ],
        "pid": "Pop1",
        "spline_class": "Piecewise",
        "y": [
            -2.644817162151881,
            -2.365317964977183,
            -2.0792479004160285
        ]
    },
    "rho": 0.0002688696438773446,
    "theta": 0.0001
}