{
    "LL": -4.445959755506603,
    "alpha": 100,
    "hidden_states": {
        "Pop1": [
            0.0,
            0.07854992869834795,
            0.37938989952059443,
            1.7257752766412597,
            5008.527593542322,
            Infinity
        ]
    },
    "model": {
        "N0": 0.0625,
        "class": "SMCModel",
        "knots": [
            0.07854992869834795,
            1.7257752766412597
        ],
        "pid": "Pop1",
        "spline_class": "Piecewise",
        "y": [
            1.5262756248381746,
            5.2886651868371235
        ]
    },
    "rho": 0.009996002840327433,
    "theta": 0.0001
}