{
    "alpha": 100,
    "hidden_states": {
        "Pop1": [
            0.0,
            0.07499974916923426,
            0.14060936477516892,
            0.27849394409600514,
            0.542604446562892,
            1.0733393254358938,
            2.064570372749814,
            4.410954825022117,
            5007.873335553042,
            Infinity
        ]
    },
    "model": {
        "N0": 0.0625,
        "class": "SMCModel",
        "knots": [
            0.07499974916923426,
            0.27849394409600514,
            1.0733393254358938,
            4.410954825022117
        ],
        "pid": "Pop1",
        "spline_class": "Piecewise",
        "y": [
            6.370579889210518,
            6.370579889210518,
            6.370579889210518,
            6.370579889210518
        ]
    },
    "rho": 0.0001,
    "theta": 0.0001
}