{
    "alpha": 100,
    "hidden_states": {
        "Pop1": [
            0.0,
            0.07870826153675357,
            0.10614433644701492,
            0.14417145192570277,
            0.19920514069736775,
            0.27623287779691424,
            0.36965250040040115,
            0.5093428904720322,
            0.6958441152325194,
            0.9589140605059293,
            1.2928875651498362,
            1.771310161866196,
            2.4536527125930006,
            3.462774197056076,
            5.132486437839679,
            9.570683294542622,
            5008.618484202213,
            Infinity
        ]
    },
    "model": {
        "N0": 0.0625,
        "class": "SMCModel",
        "knots": [
            0.07870826153675357,
            0.14417145192570277,
            0.27623287779691424,
            0.5093428904720322,
            0.9589140605059293,
            1.771310161866196,
            3.462774197056076,
            9.570683294542622
        ],
        "pid": "Pop1",
        "spline_class": "Piecewise",
        "y": [
            9.160189690771519,
            9.160189690771519,
            9.160189690771519,
            9.160189690771519,
            9.160189690771519,
            9.160189690771519,
            9.160189690771519,
            9.160189690771519
        ]
    },
    "rho": 0.0001,
    "theta": 0.0001
}