{
    "alpha": 100,
    "hidden_states": {
        "Pop1": [
            0.0,
            0.0809960413901985,
            0.1140815941264767,
            0.15977441646633572,
            0.2286686559919546,
            0.32311009651355266,
            0.4678724358357407,
            0.6718516168262917,
            0.9713826852006754,
            1.3778264875138364,
            1.9671810599732686,
            2.8890314567780577,
            4.435762582511905,
            8.013119649904919,
            5008.486068262147,
            Infinity
        ]
    },
    "model": {
        "N0": 0.0625,
        "class": "SMCModel",
        "knots": [
            0.0809960413901985,
            0.15977441646633572,
            0.32311009651355266,
            0.6718516168262917,
            1.3778264875138364,
            2.8890314567780577,
            8.013119649904919
        ],
        "pid": "Pop1",
        "spline_class": "Piecewise",
        "y": [
            9.210333109352987,
            9.210334013755677,
            9.210334013755677,
            9.210334013755677,
            9.210334013755677,
            9.210334013755677,
            9.210334013755677
        ]
    },
    "rho": 0.009996002840327433,
    "theta": 0.0001
}