{
    "alpha": 100,
    "hidden_states": {
        "Pop1": [
            0.0,
            0.07836849251744663,
            0.3664673333953036,
            1.7580551285975852,
            5008.522395747621,
            Infinity
        ]
    },
    "model": {
        "N0": 0.0625,
        "class": "SMCModel",
        "knots": [
            0.07836849251744663,
            1.7580551285975852
        ],
        "pid": "Pop1",
        "spline_class": "Piecewise",
        "y": [
            1.5954177544900041,
            4.698479575311315
        ]
    },
    "rho": 0.009996002840327433,
    "theta": 0.0001
}