{
    "alpha": 100,
    "hidden_states": {
        "Pop1": [
            0.0,
            0.07385345699250342,
            0.3560952363607377,
            1.616262974743565,
            5007.8160484409245,
            Infinity
        ]
    },
    "model": {
        "N0": 0.0625,
        "class": "SMCModel",
        "knots": [
            0.07385345699250342,
            1.616262974743565
        ],
        "pid": "Pop1",
        "spline_class": "Piecewise",
        "y": [
            6.33055882486338,
            6.33055882486338
        ]
    },
    "rho": 0.0001,
    "theta": 0.0001
}