{
    "alpha": 100,
    "hidden_states": {
        "Pop1": [
            0.0,
            0.07815378754079684,
            0.3538578074124142,
            1.6402745852284246,
            5007.677379166709,
            Infinity
        ]
    },
    "model": {
        "N0": 0.0625,
        "class": "SMCModel",
        "knots": [
            0.07815378754079684,
            1.6402745852284246
        ],
        "pid": "Pop1",
        "spline_class": "Piecewise",
        "y": [
            6.363696751004549,
            6.363696751004549
        ]
    },
    "rho": 0.0001,
    "theta": 0.0001
}