{
    "alpha": 100,
    "hidden_states": {
        "Pop1": [
            0.0,
            0.07689797628107435,
            0.2020091508476065,
            0.5009798489512536,
            1.2398764896214591,
            3.3767272499883636,
            5008.322699856427,
            Infinity
        ]
    },
    "model": {
        "N0": 0.0625,
        "class": "SMCModel",
        "knots": [
            0.07689797628107435,
            0.5009798489512536,
            3.3767272499883636
        ],
        "pid": "Pop1",
        "spline_class": "Piecewise",
        "y": [
            9.210336508562614,
            9.21033405749104,
            9.21033405749104
        ]
    },
    "rho": 0.009996002840327433,
    "theta": 0.0001
}