{
    "alpha": 100,
    "hidden_states": {
        "Pop1": [
            0.0,
            0.07356746512271288,
            0.11181231819582708,
            0.17636059534279547,
            0.26999910824458845,
            0.4072455752889714,
            0.606351146707706,
            0.9318261768835027,
            1.4157344175609405,
            2.1770533691274205,
            3.520359235492558,
            6.253388053638399,
            5007.7158347758705,
            Infinity
        ]
    },
    "model": {
        "N0": 0.0625,
        "class": "SMCModel",
        "knots": [
            0.07356746512271288,
            0.17636059534279547,
            0.4072455752889714,
            0.9318261768835027,
            2.1770533691274205,
            6.253388053638399
        ],
        "pid": "Pop1",
        "spline_class": "Piecewise",
        "y": [
            6.447508435208327,
            6.447508435208327,
            6.447508435208327,
            6.447508435208327,
            6.447508435208327,
            6.447508435208327
        ]
    },
    "rho": 0.0001,
    "theta": 0.0001
}