{
    "alpha": 100,
    "hidden_states": {
        "Pop1": [
            0.0,
            0.07497002046271492,
            0.11410658839357152,
            0.171051164659194,
            0.2619895701859275,
            0.3958937539559309,
            0.6129233950114238,
            0.9444521094738559,
            1.4323773167925224,
            2.1991261700060383,
            3.5211692380336177,
            6.275588783135842,
            5007.871557440745,
            Infinity
        ]
    },
    "model": {
        "N0": 0.0625,
        "class": "SMCModel",
        "knots": [
            0.07497002046271492,
            0.171051164659194,
            0.3958937539559309,
            0.9444521094738559,
            2.1991261700060383,
            6.275588783135842
        ],
        "pid": "Pop1",
        "spline_class": "Piecewise",
        "y": [
            4.3948291128221975,
            4.532106726779217,
            5.211163766242026,
            5.831257964295479,
            6.249879182797369,
            5.629702363953883
        ]
    },
    "rho": 0.009993492040727121,
    "theta": 0.0001
}