{
    "alpha": 100,
    "hidden_states": {
        "Pop1": [
            0.0,
            0.08179600795934633,
            0.11503364854569782,
            0.1608517363641025,
            0.23080422946562432,
            0.32537133672960616,
            0.4698333524133446,
            0.6750665282636169,
            0.9759679279153143,
            1.3859431656777557,
            1.9788099696760704,
            2.9056092546970342,
            4.472986590533598,
            8.13162415673893,
            5008.522821445406,
            Infinity
        ]
    },
    "model": {
        "N0": 0.0625,
        "class": "SMCModel",
        "knots": [
            0.08179600795934633,
            0.1608517363641025,
            0.32537133672960616,
            0.6750665282636169,
            1.3859431656777557,
            2.9056092546970342,
            8.13162415673893
        ],
        "pid": "Pop1",
        "spline_class": "Piecewise",
        "y": [
            9.210333183239566,
            9.210333995668856,
            9.210333995668856,
            9.210333995668856,
            9.210333995668856,
            9.210333995668856,
            9.210333995668856
        ]
    },
    "rho": 0.009996002840327433,
    "theta": 0.0001
}