{
    "alpha": 100,
    "hidden_states": {
        "Pop1": [
            0.0,
            0.07368464589260408,
            0.1910794648292659,
            0.47595951592676256,
            1.1773087053055231,
            3.1605450576158685,
            5007.785556137381,
            Infinity
        ]
    },
    "model": {
        "N0": 0.0625,
        "class": "SMCModel",
        "knots": [
            0.07368464589260408,
            0.47595951592676256,
            3.1605450576158685
        ],
        "pid": "Pop1",
        "spline_class": "Piecewise",
        "y": [
            4.065836345413734,
            3.5265522645102414,
            5.449064644911084
        ]
    },
    "rho": 0.009996002840327433,
    "theta": 0.0001
}