{
    "LL": -12.152815589629082,
    "alpha": 100,
    "hidden_states": {
        "Pop1": [
            0.0,
            0.10840606141731847,
            0.5027367275049929,
            2.379344972173139,
            5009.974716429676,
            Infinity
        ]
    },
    "model": {
        "N0": 0.0625,
        "class": "SMCModel",
        "knots": [
            0.10840606141731847,
            2.379344972173139
        ],
        "pid": "Pop1",
        "spline_class": "Piecewise",
        "y": [
            9.210334411031381,
            9.210334411031381
        ]
    },
    "rho": 0.009996002840327433,
    "theta": 0.0001
}