{
    "alpha": 100,
    "hidden_states": {
        "Pop1": [
            0.0,
            0.07695547155710168,
            0.11198184041169358,
            0.16315253027040746,
            0.23881944001353358,
            0.3398251795092149,
            0.4752719618784851,
            0.6635255836965731,
            0.9605523340181634,
            1.3716824084415853,
            1.963800534598453,
            2.9182327532616252,
            4.47446763966158,
            8.11200726416591,
            5008.440478760754,
            Infinity
        ]
    },
    "model": {
        "N0": 0.0625,
        "class": "SMCModel",
        "knots": [
            0.07695547155710168,
            0.16315253027040746,
            0.3398251795092149,
            0.6635255836965731,
            1.3716824084415853,
            2.9182327532616252,
            8.11200726416591
        ],
        "pid": "Pop1",
        "spline_class": "Piecewise",
        "y": [
            9.210335919992065,
            9.210334055006781,
            9.210334055006781,
            9.210334055006781,
            9.210334055006781,
            9.210334055006781,
            9.210334055006781
        ]
    },
    "rho": 0.0066687108019399055,
    "theta": 0.0001
}