{
    "alpha": 100,
    "hidden_states": {
        "Pop1": [
            0.0,
            0.0005220334481855788,
            0.0009987328432105207,
            0.0018753563590122545,
            0.003653231880371639,
            0.007013085227000382,
            0.013601760040329263,
            0.028015550119547095,
            0.11806248190118548,
            Infinity
        ]
    },
    "model": {
        "N0": 6.250000000000001,
        "class": "SMCModel",
        "knots": [
            0.0005220334481855788,
            0.0018753563590122545,
            0.007013085227000382,
            0.028015550119547095
        ],
        "pid": "Pop1",
        "spline_class": "Piecewise",
        "y": [
            -4.67936978416758,
            -1.6156267200942358,
            -1.7873985074942629,
            -1.7042102649902802
        ]
    },
    "rho": 0.009994550209818839,
    "theta": 0.0001
}