{"Parameters":{"0":{"Kappa":10,"Tau":100.0}},"Positive hit":{"0":0},"Model0 ll":{"0":[-144.9015184982,-117.7559051539]},"Model1 ll":{"0":[-158.2362236401,-117.7559051519]},"SNPs":{"0":[113807,113576]}}