{"Parameters":{"0":{"Kappa":10,"Tau":5011.8723362728}},"Positive hit":{"0":1},"Model0 ll":{"0":[-131.0566250585,-129.7004258385]},"Model1 ll":{"0":[-148.8854842678,-117.6759470596]},"SNPs":{"0":[114685,112729]}}