{"Parameters":{"0":{"Kappa":10,"Tau":0.001}},"Positive hit":{"0":0},"Model0 ll":{"0":[-140.8501921906,-145.1496073781]},"Model1 ll":{"0":[-340.8485979741,-212.2138356897]},"SNPs":{"0":[1133927,1132567]}}