{"Parameters":{"0":{"Kappa":10,"Tau":0.0251188643}},"Positive hit":{"0":2},"Model0 ll":{"0":[-1819.573048671,-1791.7016063586]},"Model1 ll":{"0":[-166.1936484453,-1347.7444895392]},"SNPs":{"0":[1095157,1100410]}}