{"Parameters":{"0":{"Kappa":10,"Tau":15.8489319246}},"Positive hit":{"0":0},"Model0 ll":{"0":[-114.4072137532,-126.1099600633]},"Model1 ll":{"0":[-114.4072137511,-132.1918153966]},"SNPs":{"0":[115371,115151]}}