{"Parameters":{"0":{"Kappa":10,"Tau":630.9573444802}},"Positive hit":{"0":0},"Model0 ll":{"0":[-118.590325544,-125.4149853256]},"Model1 ll":{"0":[-118.5903255439,-125.4151468402]},"SNPs":{"0":[114161,111589]}}