{"Parameters":{"0":{"Kappa":10,"Tau":125.8925411794}},"Positive hit":{"0":1},"Model0 ll":{"0":[-135.8821098483,-114.102342668]},"Model1 ll":{"0":[-124.7503795735,-114.102342667]},"SNPs":{"0":[113084,113787]}}