{"Parameters":{"0":{"Kappa":10,"Tau":316.2277660168}},"Positive hit":{"0":0},"Model0 ll":{"0":[-131.8150363165,-123.8145520089]},"Model1 ll":{"0":[-131.8150363168,-131.552190634]},"SNPs":{"0":[114751,112030]}}