{"Parameters":{"0":{"Kappa":10,"Tau":1.0}},"Positive hit":{"0":2},"Model0 ll":{"0":[-74437.517970017,-79361.1776197671]},"Model1 ll":{"0":[-311.7335298,-178.3443217469]},"SNPs":{"0":[593740,598143]}}