{"Parameters":{"0":{"Kappa":10,"Tau":3.1622776602}},"Positive hit":{"0":2},"Model0 ll":{"0":[-34994.117885913,-35419.4935309754]},"Model1 ll":{"0":[-180.9771002342,-213.7960689336]},"SNPs":{"0":[276973,276250]}}