{"Parameters":{"0":{"Kappa":10,"Tau":0.0002511886}},"Positive hit":{"0":0},"Model0 ll":{"0":[-151.834042645,-161.409912011]},"Model1 ll":{"0":[-151.3942586755,-161.4099120091]},"SNPs":{"0":[1135069,1136378]}}