{"Parameters":{"0":{"Kappa":10,"Tau":158.4893192461}},"Positive hit":{"0":0},"Model0 ll":{"0":[-130.6139031282,-131.3120045446]},"Model1 ll":{"0":[-130.6140056729,-140.132710244]},"SNPs":{"0":[114128,113842]}}