{"Parameters":{"0":{"Kappa":10,"Tau":0.0003162278}},"Positive hit":{"0":0},"Model0 ll":{"0":[-145.5388147286,-145.2910443087]},"Model1 ll":{"0":[-145.5388147329,-255.8786453017]},"SNPs":{"0":[1133617,1140237]}}