{"Parameters":{"0":{"Kappa":10,"Tau":199.5262314969}},"Positive hit":{"0":1},"Model0 ll":{"0":[-140.9740137156,-116.079276874]},"Model1 ll":{"0":[-123.698151468,-116.0792768765]},"SNPs":{"0":[111811,114629]}}