{"Parameters":{"0":{"Kappa":10,"Tau":0.0794328235}},"Positive hit":{"0":2},"Model0 ll":{"0":[-8814.9104619626,-7609.2663040628]},"Model1 ll":{"0":[-5302.6594846697,-4548.4847463235]},"SNPs":{"0":[1040004,1043041]}}