{"Parameters":{"0":{"Kappa":10,"Tau":0.0007943282}},"Positive hit":{"0":0},"Model0 ll":{"0":[-200.8673154802,-138.9708343681]},"Model1 ll":{"0":[-200.8673155073,-138.7317813092]},"SNPs":{"0":[1129317,1138098]}}