{"Parameters":{"0":{"Kappa":10,"Tau":398.1071705535}},"Positive hit":{"0":1},"Model0 ll":{"0":[-131.9559763546,-125.7158759393]},"Model1 ll":{"0":[-131.9559763546,-121.8228199109]},"SNPs":{"0":[113422,112312]}}