{
    "alpha": 100,
    "hidden_states": {
        "Pop1": [
            0.0,
            0.08222635042995124,
            0.1527029519109813,
            0.2991720112012443,
            0.5771183246053339,
            1.143352100448209,
            2.209194366760495,
            4.801478136934024,
            5008.548953580543,
            Infinity
        ]
    },
    "model": {
        "N0": 0.0625,
        "class": "SMCModel",
        "knots": [
            0.08222635042995124,
            0.2991720112012443,
            1.143352100448209,
            4.801478136934024
        ],
        "pid": "Pop1",
        "spline_class": "Piecewise",
        "y": [
            9.21033637590965,
            9.210333995602433,
            9.210333995602433,
            9.210333995602433
        ]
    },
    "rho": 0.009996002840327433,
    "theta": 0.0001
}