{
    "alpha": 100,
    "hidden_states": {
        "Pop1": [
            0.0,
            0.07902651685202369,
            0.131346508443141,
            0.21204399563008666,
            0.3476683720427598,
            0.5788120505915523,
            0.9651682364071058,
            1.6201384223377806,
            2.7921966066200783,
            5.327360520264243,
            5007.877791193491,
            Infinity
        ]
    },
    "model": {
        "N0": 0.0625,
        "class": "SMCModel",
        "knots": [
            0.07902651685202369,
            0.21204399563008666,
            0.5788120505915523,
            1.6201384223377806,
            5.327360520264243
        ],
        "pid": "Pop1",
        "spline_class": "Piecewise",
        "y": [
            5.906422558680084,
            4.9135395374034525,
            4.736708077876262,
            4.009084914227049,
            5.429114492573847
        ]
    },
    "rho": 0.009996002840327433,
    "theta": 0.0001
}