{
    "alpha": 100,
    "hidden_states": {
        "Pop1": [
            0.0,
            0.07823141899952878,
            0.14986470002142305,
            0.30015997028212976,
            0.57152053361777,
            1.1330161448084328,
            2.208074672366379,
            4.764990379506275,
            5008.4539150586825,
            Infinity
        ]
    },
    "model": {
        "N0": 0.0625,
        "class": "SMCModel",
        "knots": [
            0.07823141899952878,
            0.30015997028212976,
            1.1330161448084328,
            4.764990379506275
        ],
        "pid": "Pop1",
        "spline_class": "Piecewise",
        "y": [
            9.210334950534934,
            9.210334057654755,
            9.210334057654755,
            9.210334057654755
        ]
    },
    "rho": 0.009996002840327433,
    "theta": 0.0001
}