{
    "alpha": 100,
    "hidden_states": {
        "Pop1": [
            0.0,
            0.07835481797670651,
            0.3765330886671581,
            1.712130394977914,
            5008.4979513292965,
            Infinity
        ]
    },
    "model": {
        "N0": 0.0625,
        "class": "SMCModel",
        "knots": [
            0.07835481797670651,
            1.712130394977914
        ],
        "pid": "Pop1",
        "spline_class": "Piecewise",
        "y": [
            6.5873610685776605,
            6.5873610685776605
        ]
    },
    "rho": 0.0001,
    "theta": 0.0001
}