{
    "alpha": 100,
    "hidden_states": {
        "Pop1": [
            0.0,
            0.07835481797670651,
            0.3765330886671581,
            1.712130394977914,
            5008.4979513292965,
            Infinity
        ]
    },
    "model": {
        "N0": 0.0625,
        "class": "SMCModel",
        "knots": [
            0.07835481797670651,
            1.712130394977914
        ],
        "pid": "Pop1",
        "spline_class": "Piecewise",
        "y": [
            1.8303602370038223,
            5.324677615340674
        ]
    },
    "rho": 0.009996002840327433,
    "theta": 0.0001
}