{
    "alpha": 100,
    "hidden_states": {
        "Pop1": [
            0.0,
            0.07745758472740581,
            0.20356828604519145,
            0.5034936279123557,
            1.247965657853986,
            3.3921517644751193,
            5008.386774713505,
            Infinity
        ]
    },
    "model": {
        "N0": 0.0625,
        "class": "SMCModel",
        "knots": [
            0.07745758472740581,
            0.5034936279123557,
            3.3921517644751193
        ],
        "pid": "Pop1",
        "spline_class": "Piecewise",
        "y": [
            9.210335702378421,
            9.210334013527724,
            9.210334013527724
        ]
    },
    "rho": 0.009996002840327433,
    "theta": 0.0001
}