{
    "LL": -9.016881758572268,
    "alpha": 100,
    "hidden_states": {
        "Pop1": [
            0.0,
            0.08239988256332566,
            0.1537379262430385,
            0.30040531996369063,
            0.5801729905170752,
            1.1505325545460834,
            2.224740190153983,
            4.849679533737364,
            5008.60886279993,
            Infinity
        ]
    },
    "model": {
        "N0": 0.0625,
        "class": "SMCModel",
        "knots": [
            0.08239988256332566,
            0.30040531996369063,
            1.1505325545460834,
            4.849679533737364
        ],
        "pid": "Pop1",
        "spline_class": "Piecewise",
        "y": [
            9.21033385037211,
            9.210334411026595,
            9.210334411026595,
            9.210334411026595
        ]
    },
    "rho": 0.009996002840327433,
    "theta": 0.0001
}