{
    "alpha": 100,
    "hidden_states": {
        "Pop1": [
            0.0,
            0.08351039793177764,
            0.3747883040901355,
            1.749139527699736,
            5008.373514471606,
            Infinity
        ]
    },
    "model": {
        "N0": 0.0625,
        "class": "SMCModel",
        "knots": [
            0.08351039793177764,
            1.749139527699736
        ],
        "pid": "Pop1",
        "spline_class": "Piecewise",
        "y": [
            6.586546320313508,
            6.586546320313508
        ]
    },
    "rho": 0.0001,
    "theta": 0.0001
}