{
    "alpha": 100,
    "hidden_states": {
        "Pop1": [
            0.0,
            0.05907663639186643,
            0.2875929142199627,
            1.358488784302876,
            13.09799449355675,
            Infinity
        ]
    },
    "model": {
        "N0": 0.0625,
        "class": "SMCModel",
        "knots": [
            0.05907663639186643,
            1.358488784302876
        ],
        "pid": "Pop1",
        "spline_class": "Piecewise",
        "y": [
            -7.026377737709307,
            -1.1757060009287184
        ]
    },
    "rho": 0.00023483714388324953,
    "theta": 0.0001
}