{
    "alpha": 100,
    "hidden_states": {
        "Pop1": [
            0.0,
            0.0005066427721753148,
            0.0007887426545798256,
            0.0011826760697291664,
            0.0017835037593275402,
            0.0026699104635971465,
            0.004082614558007095,
            0.0062060407311979775,
            0.00938383521170161,
            0.014425867509318135,
            0.022571328616965456,
            0.037916658741664444,
            0.12378853496224775,
            Infinity
        ]
    },
    "model": {
        "N0": 6.250000000000001,
        "class": "SMCModel",
        "knots": [
            0.0005066427721753148,
            0.0011826760697291664,
            0.0026699104635971465,
            0.0062060407311979775,
            0.014425867509318135,
            0.037916658741664444
        ],
        "pid": "Pop1",
        "spline_class": "Piecewise",
        "y": [
            -1.6997469415743893,
            -1.7577714950514858,
            -1.6303066018849441,
            -1.5178396528209497,
            -1.2485617697375941,
            -2.004614017942317
        ]
    },
    "rho": 0.002154890378477398,
    "theta": 0.0001
}