{
    "alpha": 100,
    "hidden_states": {
        "Pop1": [
            0.0,
            0.0005066427721753148,
            0.0007887426545798256,
            0.0011826760697291664,
            0.0017835037593275402,
            0.0026699104635971465,
            0.004082614558007095,
            0.0062060407311979775,
            0.00938383521170161,
            0.014425867509318135,
            0.022571328616965456,
            0.037916658741664444,
            0.12378853496224775,
            Infinity
        ]
    },
    "model": {
        "N0": 6.250000000000001,
        "class": "SMCModel",
        "knots": [
            0.0005066427721753148,
            0.0011826760697291664,
            0.0026699104635971465,
            0.0062060407311979775,
            0.014425867509318135,
            0.037916658741664444
        ],
        "pid": "Pop1",
        "spline_class": "Piecewise",
        "y": [
            -1.8241909055446195,
            -1.3424839095799188,
            -1.2546907112990207,
            -1.256308874305668,
            -1.2093491173629678,
            -1.9219983032160892
        ]
    },
    "rho": 0.004505141006977545,
    "theta": 0.0001
}