{
    "alpha": 100,
    "hidden_states": {
        "Pop1": [
            0.0,
            0.08142756514971092,
            0.15379534674127043,
            0.29789114396898747,
            0.5646498222073888,
            1.0925776191848082,
            2.175187262520397,
            4.668808030007357,
            5008.450522066913,
            Infinity
        ]
    },
    "model": {
        "N0": 0.0625,
        "class": "SMCModel",
        "knots": [
            0.08142756514971092,
            0.29789114396898747,
            1.0925776191848082,
            4.668808030007357
        ],
        "pid": "Pop1",
        "spline_class": "Piecewise",
        "y": [
            9.21033450309693,
            9.210333781122872,
            9.210333781122872,
            9.210333781122872
        ]
    },
    "rho": 0.009996002840327433,
    "theta": 0.0001
}