{
    "alpha": 100,
    "hidden_states": {
        "Pop1": [
            0.0,
            0.07646021574968116,
            0.1530416620491106,
            0.3016382617823143,
            0.5699915368386793,
            1.095945950021658,
            2.1609268533999266,
            4.708545469110889,
            5008.33556574007,
            Infinity
        ]
    },
    "model": {
        "N0": 0.0625,
        "class": "SMCModel",
        "knots": [
            0.07646021574968116,
            0.3016382617823143,
            1.095945950021658,
            4.708545469110889
        ],
        "pid": "Pop1",
        "spline_class": "Piecewise",
        "y": [
            9.139745201216286,
            9.139745201216286,
            9.139745201216286,
            9.139745201216286
        ]
    },
    "rho": 0.0001,
    "theta": 0.0001
}