{
    "LL": -177711.59220449824,
    "alpha": 100,
    "hidden_states": {
        "Pop1": [
            0.0,
            0.00048267574883129483,
            0.0023689272214402817,
            0.010833672955918628,
            0.12581458030270481,
            Infinity
        ]
    },
    "model": {
        "N0": 6.250000000000001,
        "class": "SMCModel",
        "knots": [
            0.00048267574883129483,
            0.010833672955918628
        ],
        "pid": "Pop1",
        "spline_class": "Piecewise",
        "y": [
            -2.3949113009681677,
            -2.004283887489304
        ]
    },
    "rho": 0.0042171762703911726,
    "theta": 0.0001
}