{
    "LL": -176690.93835013,
    "alpha": 100,
    "hidden_states": {
        "Pop1": [
            0.0,
            0.00048267574883129483,
            0.0023689272214402817,
            0.010833672955918628,
            0.12581458030270481,
            Infinity
        ]
    },
    "model": {
        "N0": 6.250000000000001,
        "class": "SMCModel",
        "knots": [
            0.00048267574883129483,
            0.010833672955918628
        ],
        "pid": "Pop1",
        "spline_class": "Piecewise",
        "y": [
            -2.307734212381223,
            -1.7409984882188712
        ]
    },
    "rho": 0.009993478019756119,
    "theta": 0.0001
}