{
    "alpha": 100,
    "hidden_states": {
        "Pop1": [
            0.0,
            0.0825939802258074,
            0.20099864108413748,
            0.5011921213692269,
            1.2605540918053992,
            3.376195015120796,
            5008.325763162493,
            Infinity
        ]
    },
    "model": {
        "N0": 0.0625,
        "class": "SMCModel",
        "knots": [
            0.0825939802258074,
            0.5011921213692269,
            3.376195015120796
        ],
        "pid": "Pop1",
        "spline_class": "Piecewise",
        "y": [
            9.148380102366485,
            9.148380102366485,
            9.148380102366485
        ]
    },
    "rho": 0.0001,
    "theta": 0.0001
}