{
    "alpha": 100,
    "hidden_states": {
        "Pop1": [
            0.0,
            0.07306306426855792,
            0.10003685298277615,
            0.13573446578019321,
            0.19023711136071653,
            0.2594246751790877,
            0.35425389969355087,
            0.4749595469696765,
            0.6353947863495477,
            0.8754418934422129,
            1.1835916316522166,
            1.6233215133247398,
            2.233462233727745,
            3.1721510396291457,
            4.630175948948844,
            7.716473124740474,
            5007.66642074697,
            Infinity
        ]
    },
    "model": {
        "N0": 0.0625,
        "class": "SMCModel",
        "knots": [
            0.07306306426855792,
            0.13573446578019321,
            0.2594246751790877,
            0.4749595469696765,
            0.8754418934422129,
            1.6233215133247398,
            3.1721510396291457,
            7.716473124740474
        ],
        "pid": "Pop1",
        "spline_class": "Piecewise",
        "y": [
            6.156963105018651,
            5.109482001526535,
            5.0864356811198315,
            5.190535684136821,
            5.293057621319925,
            5.163079712142786,
            4.271710860054678,
            5.406202569029769
        ]
    },
    "rho": 0.009996002840327433,
    "theta": 0.0001
}