{
    "alpha": 100,
    "hidden_states": {
        "Pop1": [
            0.0,
            0.10533103067128566,
            0.48807045155168943,
            2.3077727761832936,
            5009.878096107346,
            Infinity
        ]
    },
    "model": {
        "N0": 0.0625,
        "class": "SMCModel",
        "knots": [
            0.10533103067128566,
            2.3077727761832936
        ],
        "pid": "Pop1",
        "spline_class": "Piecewise",
        "y": [
            9.210334075511998,
            9.210334075511998
        ]
    },
    "rho": 0.0001,
    "theta": 0.0001
}