{
    "alpha": 100,
    "hidden_states": {
        "Pop1": [
            0.0,
            0.07616758725931079,
            0.11756241347059375,
            0.1860716445582484,
            0.28224736319891003,
            0.4273133342782718,
            0.6350004135338589,
            0.9747824388295863,
            1.4897064847463226,
            2.302980609606992,
            3.737406635962589,
            6.854783398114814,
            5008.314476062762,
            Infinity
        ]
    },
    "model": {
        "N0": 0.0625,
        "class": "SMCModel",
        "knots": [
            0.07616758725931079,
            0.1860716445582484,
            0.4273133342782718,
            0.9747824388295863,
            2.302980609606992,
            6.854783398114814
        ],
        "pid": "Pop1",
        "spline_class": "Piecewise",
        "y": [
            9.104684590706345,
            9.104684590706345,
            9.104684590706345,
            9.104684590706345,
            9.104684590706345,
            9.104684590706345
        ]
    },
    "rho": 0.0001,
    "theta": 0.0001
}