{
    "alpha": 100,
    "hidden_states": {
        "Pop1": [
            0.0,
            0.04797458845497152,
            0.06626179874360441,
            0.08986105244758648,
            0.12579402452117994,
            0.1731429260773483,
            0.2351308071064968,
            0.318930070133627,
            0.428935049135667,
            0.572268738844866,
            0.7896061979015945,
            1.0723703036764733,
            1.4667132539564398,
            2.0508144738047593,
            2.928870890500276,
            4.4087827344137365,
            10.428687357979905,
            Infinity
        ]
    },
    "model": {
        "N0": 0.0625,
        "class": "SMCModel",
        "knots": [
            0.04797458845497152,
            0.08986105244758648,
            0.1731429260773483,
            0.318930070133627,
            0.572268738844866,
            1.0723703036764733,
            2.0508144738047593,
            4.4087827344137365
        ],
        "pid": "Pop1",
        "spline_class": "Piecewise",
        "y": [
            -6.907757724379478,
            -0.0421313905623356,
            1.9720266586820616,
            1.84397404309273,
            2.0995508800004656,
            2.0670212760010824,
            1.9835013883673658,
            2.6990404856909547
        ]
    },
    "rho": 0.00674458691762185,
    "theta": 0.0001
}