{
    "alpha": 100,
    "hidden_states": {
        "Pop1": [
            0.0,
            0.04797458845497152,
            0.06626179874360441,
            0.08986105244758648,
            0.12579402452117994,
            0.1731429260773483,
            0.2351308071064968,
            0.318930070133627,
            0.428935049135667,
            0.572268738844866,
            0.7896061979015945,
            1.0723703036764733,
            1.4667132539564398,
            2.0508144738047593,
            2.928870890500276,
            4.4087827344137365,
            10.428687357979905,
            Infinity
        ]
    },
    "model": {
        "N0": 0.0625,
        "class": "SMCModel",
        "knots": [
            0.04797458845497152,
            0.08986105244758648,
            0.1731429260773483,
            0.318930070133627,
            0.572268738844866,
            1.0723703036764733,
            2.0508144738047593,
            4.4087827344137365
        ],
        "pid": "Pop1",
        "spline_class": "Piecewise",
        "y": [
            -6.907755477742348,
            -0.047190037592964924,
            2.141925982622598,
            2.049985595824017,
            2.0362898093556825,
            2.0356697542256565,
            1.8756597481110269,
            2.764371758586684
        ]
    },
    "rho": 0.008352593281484638,
    "theta": 0.0001
}