{
    "alpha": 100,
    "hidden_states": {
        "Pop1": [
            0.0,
            0.04797458845497152,
            0.06626179874360441,
            0.08986105244758648,
            0.12579402452117994,
            0.1731429260773483,
            0.2351308071064968,
            0.318930070133627,
            0.428935049135667,
            0.572268738844866,
            0.7896061979015945,
            1.0723703036764733,
            1.4667132539564398,
            2.0508144738047593,
            2.928870890500276,
            4.4087827344137365,
            10.428687357979905,
            Infinity
        ]
    },
    "model": {
        "N0": 0.0625,
        "class": "SMCModel",
        "knots": [
            0.04797458845497152,
            0.08986105244758648,
            0.1731429260773483,
            0.318930070133627,
            0.572268738844866,
            1.0723703036764733,
            2.0508144738047593,
            4.4087827344137365
        ],
        "pid": "Pop1",
        "spline_class": "Piecewise",
        "y": [
            -6.907757525642904,
            0.0026734699041396077,
            2.4962910723349263,
            2.5284990734141135,
            1.9600470150262073,
            2.0747962165352045,
            1.6702792129737472,
            2.837870792837061
        ]
    },
    "rho": 0.00999354884578486,
    "theta": 0.0001
}