{
    "alpha": 100,
    "hidden_states": {
        "Pop1": [
            0.0,
            0.07689626245666219,
            0.20198741391672106,
            0.5009735938480255,
            1.2390851649878905,
            3.3756098956862206,
            5008.3190893987785,
            Infinity
        ]
    },
    "model": {
        "N0": 0.0625,
        "class": "SMCModel",
        "knots": [
            0.07689626245666219,
            0.5009735938480255,
            3.3756098956862206
        ],
        "pid": "Pop1",
        "spline_class": "Piecewise",
        "y": [
            9.135053006887746,
            9.135053006887746,
            9.135053006887746
        ]
    },
    "rho": 0.0001,
    "theta": 0.0001
}