{
    "alpha": 100,
    "hidden_states": {
        "Pop1": [
            0.0,
            0.07689626245666219,
            0.20198741391672106,
            0.5009735938480255,
            1.2390851649878905,
            3.3756098956862206,
            5008.3190893987785,
            Infinity
        ]
    },
    "model": {
        "N0": 0.0625,
        "class": "SMCModel",
        "knots": [
            0.07689626245666219,
            0.5009735938480255,
            3.3756098956862206
        ],
        "pid": "Pop1",
        "spline_class": "Piecewise",
        "y": [
            9.210336145576587,
            9.210333962289756,
            9.210333962289756
        ]
    },
    "rho": 0.009996002840327433,
    "theta": 0.0001
}