{
    "alpha": 100,
    "hidden_states": {
        "Pop1": [
            0.0,
            0.07659389369041775,
            0.11747887801487901,
            0.17364352989088988,
            0.2633642960809682,
            0.40094637061730426,
            0.6064722453640877,
            0.9269635424413686,
            1.41019399045941,
            2.197444209580582,
            3.496314361245394,
            6.157931353071317,
            5007.838031473372,
            Infinity
        ]
    },
    "model": {
        "N0": 0.0625,
        "class": "SMCModel",
        "knots": [
            0.07659389369041775,
            0.17364352989088988,
            0.40094637061730426,
            0.9269635424413686,
            2.197444209580582,
            6.157931353071317
        ],
        "pid": "Pop1",
        "spline_class": "Piecewise",
        "y": [
            6.443326353059089,
            6.443326353059089,
            6.443326353059089,
            6.443326353059089,
            6.443326353059089,
            6.443326353059089
        ]
    },
    "rho": 0.0001,
    "theta": 0.0001
}