{
    "alpha": 100,
    "hidden_states": {
        "Pop1": [
            0.0,
            0.0835166477548098,
            0.3748036432304524,
            1.7493538625561111,
            5008.373369882578,
            Infinity
        ]
    },
    "model": {
        "N0": 0.0625,
        "class": "SMCModel",
        "knots": [
            0.0835166477548098,
            1.7493538625561111
        ],
        "pid": "Pop1",
        "spline_class": "Piecewise",
        "y": [
            2.8447851779708295,
            5.518588268035301
        ]
    },
    "rho": 0.009996002840327433,
    "theta": 0.0001
}