{
    "alpha": 100,
    "hidden_states": {
        "Pop1": [
            0.0,
            0.07401648030623291,
            0.35680252332858325,
            1.6185600922260768,
            5007.850405640443,
            Infinity
        ]
    },
    "model": {
        "N0": 0.0625,
        "class": "SMCModel",
        "knots": [
            0.07401648030623291,
            1.6185600922260768
        ],
        "pid": "Pop1",
        "spline_class": "Piecewise",
        "y": [
            6.375138988597691,
            6.375138988597691
        ]
    },
    "rho": 0.0001,
    "theta": 0.0001
}