{
    "alpha": 100,
    "hidden_states": {
        "Pop1": [
            0.0,
            0.07401648030623291,
            0.35680252332858325,
            1.6185600922260768,
            5007.850405640443,
            Infinity
        ]
    },
    "model": {
        "N0": 0.0625,
        "class": "SMCModel",
        "knots": [
            0.07401648030623291,
            1.6185600922260768
        ],
        "pid": "Pop1",
        "spline_class": "Piecewise",
        "y": [
            2.8287369310451242,
            5.4401552669845294
        ]
    },
    "rho": 0.009996002840327433,
    "theta": 0.0001
}