{
    "alpha": 100,
    "hidden_states": {
        "Pop1": [
            0.0,
            0.07993268267985126,
            0.1187609901695351,
            0.1799598890096726,
            0.2747890976313669,
            0.41507556073645613,
            0.6417595363974806,
            0.9894160311370759,
            1.4915642408093708,
            2.2976229660091048,
            3.7012865690799344,
            6.772177402037343,
            5008.390552562204,
            Infinity
        ]
    },
    "model": {
        "N0": 0.0625,
        "class": "SMCModel",
        "knots": [
            0.07993268267985126,
            0.1799598890096726,
            0.41507556073645613,
            0.9894160311370759,
            2.2976229660091048,
            6.772177402037343
        ],
        "pid": "Pop1",
        "spline_class": "Piecewise",
        "y": [
            9.139210057909114,
            9.139210057909114,
            9.139210057909114,
            9.139210057909114,
            9.139210057909114,
            9.139210057909114
        ]
    },
    "rho": 0.0001,
    "theta": 0.0001
}