{
    "alpha": 100,
    "hidden_states": {
        "Pop1": [
            0.0,
            0.07695547155710168,
            0.20331240450035074,
            0.502792186707466,
            1.2455803680903146,
            3.388230420444972,
            5008.36962145477,
            Infinity
        ]
    },
    "model": {
        "N0": 0.0625,
        "class": "SMCModel",
        "knots": [
            0.07695547155710168,
            0.502792186707466,
            3.388230420444972
        ],
        "pid": "Pop1",
        "spline_class": "Piecewise",
        "y": [
            6.336055584905046,
            6.336055584905046,
            6.336055584905046
        ]
    },
    "rho": 0.0001,
    "theta": 0.0001
}