{
    "alpha": 100,
    "hidden_states": {
        "Pop1": [
            0.0,
            0.07695547155710168,
            0.20331240450035074,
            0.502792186707466,
            1.2455803680903146,
            3.388230420444972,
            5008.36962145477,
            Infinity
        ]
    },
    "model": {
        "N0": 0.0625,
        "class": "SMCModel",
        "knots": [
            0.07695547155710168,
            0.502792186707466,
            3.388230420444972
        ],
        "pid": "Pop1",
        "spline_class": "Piecewise",
        "y": [
            1.3360687144924703,
            2.41444194218227,
            4.931511992817979
        ]
    },
    "rho": 0.009996002840327433,
    "theta": 0.0001
}