{
    "alpha": 100,
    "hidden_states": {
        "Pop1": [
            0.0,
            0.0741789653604693,
            0.18512730823388274,
            0.46858041194783395,
            1.2038341149824303,
            3.1491967490976136,
            5007.816998057804,
            Infinity
        ]
    },
    "model": {
        "N0": 0.0625,
        "class": "SMCModel",
        "knots": [
            0.0741789653604693,
            0.46858041194783395,
            3.1491967490976136
        ],
        "pid": "Pop1",
        "spline_class": "Piecewise",
        "y": [
            6.364444743591301,
            6.364444743591301,
            6.364444743591301
        ]
    },
    "rho": 0.0001,
    "theta": 0.0001
}