{
    "alpha": 100,
    "hidden_states": {
        "Pop1": [
            0.0,
            0.4373767385832815,
            0.5945697090760365,
            1.0288682083008178,
            2.7501076679790666,
            Infinity
        ]
    },
    "model": {
        "N0": 4000.0000000000005,
        "class": "SMCModel",
        "knots": [
            0.4373767385832815,
            1.0288682083008178
        ],
        "pid": "Pop1",
        "spline_class": "Piecewise",
        "y": [
            0.7236914089226065,
            0.7236914089226065
        ]
    },
    "rho": 0.0001,
    "theta": 0.0001
}