{
    "alpha": 100,
    "hidden_states": {
        "Pop1": [
            0.0,
            0.07694742782756035,
            0.15564513017807632,
            0.30664232042523026,
            0.5762522561830531,
            1.1094832313199212,
            2.1891626769909394,
            4.789719642283688,
            5008.44054817183,
            Infinity
        ]
    },
    "model": {
        "N0": 0.0625,
        "class": "SMCModel",
        "knots": [
            0.07694742782756035,
            0.30664232042523026,
            1.1094832313199212,
            4.789719642283688
        ],
        "pid": "Pop1",
        "spline_class": "Piecewise",
        "y": [
            9.16018826650514,
            9.16018826650514,
            9.16018826650514,
            9.16018826650514
        ]
    },
    "rho": 0.0001,
    "theta": 0.0001
}