{
    "alpha": 100,
    "hidden_states": {
        "Pop1": [
            0.0,
            0.08071832509905376,
            0.1078779953860208,
            0.1437793181255549,
            0.19761611288373004,
            0.2682500610596783,
            0.36067337532825455,
            0.5007815410748535,
            0.6843134294271362,
            0.942497102936533,
            1.2744375686050027,
            1.7329732579767858,
            2.3943441276852093,
            3.383744902729337,
            5.001258119714244,
            9.019229383656533,
            5008.456214294152,
            Infinity
        ]
    },
    "model": {
        "N0": 0.0625,
        "class": "SMCModel",
        "knots": [
            0.08071832509905376,
            0.1437793181255549,
            0.2682500610596783,
            0.5007815410748535,
            0.942497102936533,
            1.7329732579767858,
            3.383744902729337,
            9.019229383656533
        ],
        "pid": "Pop1",
        "spline_class": "Piecewise",
        "y": [
            9.21033292510278,
            9.210333979148357,
            9.210333979148357,
            9.210333979148357,
            9.210333979148357,
            9.210333979148357,
            9.210333979148357,
            9.210333979148357
        ]
    },
    "rho": 0.009996002840327433,
    "theta": 0.0001
}