{
    "alpha": 100,
    "hidden_states": {
        "Pop1": [
            0.0,
            0.0766269080236605,
            0.10524115680217293,
            0.1465681482124523,
            0.2025532119564888,
            0.277545636465381,
            0.3742123647910763,
            0.5023381577685823,
            0.6738206472063796,
            0.9305747960151732,
            1.2597312614856468,
            1.7189122029478083,
            2.3904028474302987,
            3.4066469133081045,
            5.020578846217316,
            9.01085973654122,
            5008.3597186452635,
            Infinity
        ]
    },
    "model": {
        "N0": 0.0625,
        "class": "SMCModel",
        "knots": [
            0.0766269080236605,
            0.1465681482124523,
            0.277545636465381,
            0.5023381577685823,
            0.9305747960151732,
            1.7189122029478083,
            3.4066469133081045,
            9.01085973654122
        ],
        "pid": "Pop1",
        "spline_class": "Piecewise",
        "y": [
            9.210332925334129,
            9.210334057667499,
            9.210334057667499,
            9.210334057667499,
            9.210334057667499,
            9.210334057667499,
            9.210334057667499,
            9.210334057667499
        ]
    },
    "rho": 0.009996002840327433,
    "theta": 0.0001
}