{
    "alpha": 100,
    "hidden_states": {
        "Pop1": [
            0.0,
            0.050427789048514964,
            0.12751792119410224,
            0.3121855294701953,
            0.7863180246097066,
            2.0445566110011506,
            10.475801755499786,
            Infinity
        ]
    },
    "model": {
        "N0": 0.0625,
        "class": "SMCModel",
        "knots": [
            0.050427789048514964,
            0.3121855294701953,
            2.0445566110011506
        ],
        "pid": "Pop1",
        "spline_class": "Piecewise",
        "y": [
            -1.1245653009679741,
            1.5435155249546446,
            2.748283424818036
        ]
    },
    "rho": 0.009996539930453529,
    "theta": 0.0001
}