{
    "alpha": 100,
    "hidden_states": {
        "Pop1": [
            0.0,
            0.0004821093152377774,
            0.000824371164433858,
            0.0014156532912034132,
            0.0023591875237465552,
            0.0038840962877780116,
            0.00640989489675411,
            0.01076680312767754,
            0.018328629515218835,
            0.03332869213168837,
            0.1108517389255866,
            Infinity
        ]
    },
    "model": {
        "N0": 6.250000000000001,
        "class": "SMCModel",
        "knots": [
            0.0004821093152377774,
            0.0014156532912034132,
            0.0038840962877780116,
            0.01076680312767754,
            0.03332869213168837
        ],
        "pid": "Pop1",
        "spline_class": "Piecewise",
        "y": [
            -0.947640152852586,
            -1.8707725103954804,
            -2.473555124871904,
            -3.2300794057911397,
            -1.815665337495028
        ]
    },
    "rho": 3.2053094531403457e-05,
    "theta": 0.0001
}