{"Tau":{"0":1.0},"Kappa":{"0":0.01},"Positive hit":{"0":0},"Model0 ll":{"0":[-11443.798401068,-10969.9575284999,-11728.9684409915,-11584.8437677891,-11534.6246361664,-11554.5923951565,-12169.1215203319,-11670.5881931523,-11557.0931635913,-11726.3036885345,-11787.9622174777,-11825.4643188828,-11685.648101968,-11809.9953133957,-11335.9619442025,-11808.1689951508,-11590.2750547385,-12206.0265783302,-10996.8319378821,-11917.1172309855,-11624.3386706719,-11904.0044366719,-11620.9220869412,-11068.6604390567,-11794.5759570668,-11520.5036583523,-11531.5726698913,-11672.3619411423,-11928.8612269474,-12580.2777000183,-11442.8461040727,-11323.5228780047,-11535.8967723839,-12501.331066381,-11662.1833132995,-12030.7883670887,-11755.6802378357,-11689.3198434207,-11491.4837853375,-11883.1104427682,-12734.8072388696,-12045.2007570853,-11872.3080967615,-11835.4443888441,-11588.4676100363,-11963.3166392151,-11508.6471987922,-11833.1953138812,-11841.2456727783,-11742.9932913301,-11845.4061972364,-11747.1570563347,-11953.3093905699,-11568.0982368217,-11252.33653441,-12060.1316197546,-11782.1834143442,-11963.0996375281,-11654.276511371,-11601.4216637393,-11271.1383200011,-11837.5389324963,-11724.0023980488,-11625.8272365723,-11785.0352736507,-11671.7333814707,-11526.6837667884,-10858.7582334254,-11714.5981881431,-11750.5558396252,-11595.7474064786,-11672.6855714295,-11742.1805709458,-11942.9228790423,-11865.6928309024,-11323.4311504445,-11045.0442405703,-11637.518395891,-11560.62339185,-11864.0241937651,-11702.6892176299,-11548.381285614,-11232.9377751549,-11833.7318993407,-11366.3897174335,-11916.676716032,-11600.9451121619,-11398.0841188897,-11330.9564854882,-11791.4527610213,-11742.0938802847,-11744.6029909516,-11772.7837725223,-11495.44176702,-11751.5269845152,-11815.9225786812,-11385.0819745315,-12136.5978618216,-11783.7652873887,-11946.5401618438]},"Model1 ll":{"0":[-30220.9438430547,-29455.0363515575,-30383.3525004375,-30726.8890276582,-30039.0051212742,-30180.6788035902,-31316.2997065292,-30571.0701619133,-30206.1632328285,-30517.2470818816,-30920.9215219668,-30754.7777000181,-30730.9661051167,-31026.0599515238,-29859.6948301559,-30555.0948632687,-30184.5684474443,-31395.4292670353,-28948.1118082723,-30860.7197455526,-30340.9102461719,-30873.2282947926,-30353.1763895531,-29155.1777597356,-30568.3947755044,-29989.9080194399,-30180.3020239629,-30447.954041309,-30859.9344055233,-32322.764381557,-30134.3640240992,-29706.4661007246,-30593.0248156467,-31991.8050582032,-30349.0908108943,-31213.7447115405,-31107.8197198179,-30467.1792511908,-30033.6653755199,-31073.7569076093,-32427.9452859017,-31293.8117363204,-30833.6317406349,-31497.4487021113,-30244.8254642189,-31353.9413984593,-30436.1680393948,-31206.8244746375,-31189.119130357,-30832.9199738036,-30676.1355999259,-30509.9448913386,-30941.1884872633,-31362.2981908364,-29929.3111581408,-31264.1292242924,-30498.5575530973,-31015.4938198694,-30555.7685078402,-30222.0063315383,-29636.4468198413,-30859.1407591755,-30660.916227014,-30263.6093628644,-30566.4489969028,-30350.8876212451,-30160.8896823009,-28816.2455360419,-30592.9266370384,-30436.1795027562,-30271.9085553927,-30465.6550893726,-30466.2848737942,-30891.3350565419,-30783.5249209198,-29698.9773483765,-29550.2607790625,-30471.4305457337,-30239.0014176415,-30956.5987798597,-30300.9662479492,-30187.2499521116,-29861.2312632682,-31112.7021769502,-29825.7286106881,-30776.4691200792,-30548.3831924882,-29725.279101019,-29725.1815930965,-30379.2912180931,-31181.4915944573,-30484.0966847175,-30580.5322696281,-30058.3895718356,-30270.7827561169,-30824.9729340519,-29853.3529130567,-31163.6558439228,-30476.9800248341,-31127.372992632]}}