{"Tau":{"0":1.0},"Kappa":{"0":5.0118723363},"Positive hit":{"0":100},"Model0 ll":{"0":[-27465.7052166114,-26798.5201344849,-27789.1903220714,-27072.1135878895,-27522.7598343822,-27957.3997128315,-27609.3264168524,-27578.355269391,-29102.3017200562,-29223.0642088268,-28405.9493480858,-27673.1340446702,-27925.1360555917,-28542.9932790053,-27009.1402362755,-28066.4987183911,-27488.1170262312,-27380.2357573873,-27447.5412490278,-27317.5751734836,-26924.2355912834,-28196.9354330339,-27905.939542194,-27954.0019229736,-26908.6433353126,-27612.8584883396,-28039.9409125339,-27776.8947720506,-27590.0565372582,-29409.7614057236,-28801.0748164269,-28826.1075638453,-28459.1583396599,-28625.6637608812,-27808.8229017722,-27533.6899835743,-27886.6189128156,-27333.7057961981,-27737.3080421237,-26828.0824035593,-28129.5287575118,-27471.3342510101,-26744.2617911514,-27657.3149145766,-27876.517753356,-28760.2078932255,-28629.8610133157,-27439.6593566033,-27230.8880648192,-28698.8242764175,-27779.7515331498,-28243.1465591185,-27892.2853361114,-27903.7472092989,-27774.3809615928,-28249.7750667881,-27617.5666697815,-28532.5612449488,-28201.4861928864,-28474.9879230763,-28777.3405224237,-26405.6782295525,-28018.3448879534,-27690.4184160431,-28755.6193405262,-28152.7099692095,-28504.0248736592,-27636.5263490312,-27920.1396421021,-28792.1207388659,-28089.624724327,-27506.0332248533,-28379.9971678799,-27704.8970722197,-27487.8942258213,-27472.9286392877,-29014.231759402,-27019.2541109376,-27765.5464828092,-27765.6689598964,-27731.4615245947,-27657.0732377473,-28715.4672459091,-27376.4763554036,-28404.3746346496,-29121.3947847549,-27400.6325442725,-28055.0113475033,-28609.7117057357,-27380.9218367479,-27237.4754555534,-27347.0492756956,-27509.5182093197,-28437.9566854015,-29210.3437852438,-26866.2649420998,-27847.8385555927,-28637.7308111462,-27810.246303895,-26771.6743169403]},"Model1 ll":{"0":[-1239.1314792654,-853.2316635172,-1105.5463149765,-922.0366052103,-1127.3971457765,-1323.2863110624,-1276.3823013034,-1030.3586182751,-1415.4489984525,-1515.0027568957,-1114.3027253799,-1140.3110558952,-1004.9012436509,-1394.6275858155,-1087.9215907306,-1152.9960528559,-1155.5432750992,-938.0471751859,-1236.6456098035,-1074.7191064329,-878.4681157942,-962.9587021889,-1013.6264949599,-1058.2931818817,-870.7776001335,-1054.6866308688,-1145.2528008297,-869.371318259,-1038.2910861339,-1353.047506801,-1088.717878803,-1621.6371366628,-1352.8934555314,-1290.3406244596,-1102.9024325222,-1062.5195144505,-1296.5131731746,-928.2955504651,-864.605596177,-845.3506253125,-1178.9208472625,-1184.6902705807,-952.0166465396,-976.9970835964,-1258.8872249436,-1352.0802997478,-1302.7887172317,-806.1761321509,-1077.7234722925,-1310.8259781404,-1056.9855284597,-864.5435279897,-1202.2298131148,-1064.3310093254,-1332.6358630051,-1198.8175185017,-1243.8192180517,-1424.6929881361,-1277.1702528144,-1568.5398873756,-1273.2895165052,-961.5281997225,-1172.976177645,-1082.8243774367,-1089.2132056133,-1074.9975365129,-1046.7314196177,-795.6697744605,-1124.5336361808,-1324.1660346323,-1213.1733828337,-1181.0419093713,-1371.9070211391,-913.8219809753,-1093.3045661943,-997.0731467711,-1466.3497439245,-1134.9071126346,-1152.3892424276,-1291.6324910102,-1144.1394051395,-1021.1642189539,-1348.4552441171,-1185.9163192735,-1539.0425504097,-1317.2463104501,-1039.4849886872,-1275.3710056699,-1105.9630323578,-1139.4303529541,-991.8084093401,-1027.9822774638,-1037.3047697746,-1204.8858629501,-1112.7500307262,-936.6662746424,-1062.2808638303,-1220.2997849697,-984.0779084283,-1033.8007797956]}}