{"Tau":{"0":1.0},"Kappa":{"0":0.0501187234},"Positive hit":{"0":0},"Model0 ll":{"0":[-10030.0454390229,-9869.5921026897,-9809.0284487375,-9869.8848708458,-9768.477814091,-9629.7142017237,-10239.0901415168,-10555.2445795543,-9897.2801660061,-10222.5455352122,-10199.1092461152,-10256.6687807368,-10697.0565944483,-10396.833759928,-9349.718263524,-9765.696618666,-10351.4044806199,-9357.0884110497,-9585.4827159939,-10117.8359808073,-9606.7510865578,-10463.7187811153,-9656.8563861097,-10028.57215053,-10203.7190524946,-9880.5087841208,-9881.6793240523,-10275.691455308,-10249.541355808,-9946.6584940258,-9309.2066334942,-9614.6017827367,-9974.9236430015,-9978.0211539015,-10381.5859208685,-9473.5882859286,-9794.1295288065,-10363.5084253383,-9750.049284951,-9615.825754538,-9880.83804907,-10261.6807801361,-10158.2063556417,-9910.914827141,-9499.2445304614,-9955.420988306,-10294.9356230391,-9698.4416236122,-10078.4040955798,-9821.7931479347,-10068.9489769114,-9917.2933773829,-10404.3311454443,-10198.5482067245,-9714.4818684846,-10176.9725656823,-9598.4862510002,-10321.9051312811,-10267.7893567103,-10195.2406555865,-9762.4205168999,-9748.4350348917,-9829.5919464863,-9861.9234205749,-9840.2991337159,-10162.4778895494,-9637.184773887,-10106.5843832634,-10254.7837559051,-9871.6714395591,-9908.28864728,-10384.67380813,-10494.7558100625,-9438.6288285219,-9948.6944252815,-10249.7683792017,-10188.9937486883,-9719.2276377864,-9811.5137860877,-10059.1439720849,-9742.487223922,-9835.4254250279,-9880.323927799,-10204.1403204725,-9976.6750693705,-10163.5290236501,-10417.9708422306,-10306.5650756933,-10072.8863834741,-9925.9541418648,-9988.5902143645,-10059.6969203201,-10240.6963230885,-10324.5275454262,-10082.4482794823,-9172.9785899758,-9950.7657307726,-10267.7709331345,-9532.2123073186,-10099.1281906079]},"Model1 ll":{"0":[-28378.0380743504,-28016.2997589626,-20905.2534325351,-21044.4290296453,-20922.3146331511,-20583.6949498898,-28774.4644833014,-29548.4421397737,-21083.0703734955,-28673.3729018327,-28737.7689829797,-28727.0213265925,-29970.3311591096,-29265.6663814776,-27070.0870815483,-20837.0689398219,-29071.5755672968,-26771.5967492898,-27302.5650274517,-21403.2623236211,-20625.9981971899,-29122.1762179505,-27541.9558425679,-28363.0076893949,-28830.1968500514,-21041.0977070566,-21001.4893498991,-28942.337225753,-21665.143518429,-28431.4419434014,-20166.9701736297,-20661.7537618072,-28252.6676882065,-21212.6475804636,-29358.226066184,-27360.544243822,-27771.3662053365,-29108.5623286539,-20839.0046590969,-20632.8694551296,-21133.2530574796,-21654.7672687302,-28572.2664261775,-28122.1638799992,-20444.3325617535,-21143.7116538811,-21698.1107266858,-27574.6310027842,-28850.4063741427,-28237.8373978963,-21328.9413766122,-21135.6885622158,-29088.5502918731,-28505.5638917717,-20774.5159638994,-28870.8576964243,-20589.0729849851,-29074.3059102352,-29174.7047412721,-28603.6092002163,-20852.5386202461,-20779.8771660911,-20935.9894767229,-27952.0074909352,-20980.992969293,-28478.0071490236,-20703.4278796502,-21470.7115876436,-21687.2882653672,-21043.3741090324,-28187.5530818588,-29745.5013577191,-29540.2965521289,-20378.6410102448,-21121.8201644096,-28825.6929287463,-28671.3744254446,-20767.5063455737,-20982.1429294383,-21288.9245545485,-20803.878881682,-21018.9488712323,-28154.4209310206,-28739.1138156803,-28376.8342122362,-28455.7052530532,-29294.6727238151,-29367.8179469835,-28462.4053559088,-21070.5263774487,-28645.7221190545,-21278.4872119333,-21637.3445864866,-29233.8170727474,-21379.9909381099,-19879.7201278108,-21201.6122681929,-28867.352336303,-27237.151391391,-28404.1764448498]}}