{"Tau":{"0":1.0},"Kappa":{"0":0.0050118723},"Positive hit":{"0":0},"Model0 ll":{"0":[-12201.1523295336,-11565.3723294564,-11661.5936919516,-11934.2516289487,-12053.9261813477,-12151.059797225,-11672.4407028114,-12154.6122491711,-12119.0920930683,-11791.9838579405,-12347.4426511029,-12012.0819028453,-11738.5624502546,-11816.1338583207,-11734.7901536419,-12370.2413981103,-11862.5760754683,-11360.0036947874,-11765.1364432318,-11706.6991900066,-11648.1833252107,-11596.1911977801,-11996.0829280865,-12120.3660607181,-12121.2113214668,-12021.0225824341,-12103.5595694476,-12176.9222232801,-12092.7578058374,-11649.5437342722,-11997.7742570503,-11651.0584464767,-11677.4724226962,-12267.6573476959,-12058.9173459541,-11654.4764814844,-11982.5277600095,-11885.9336421014,-11693.246342604,-12242.5731250186,-11730.3687032895,-12098.1328372669,-11788.672522035,-11711.7409151863,-11911.6290446443,-11056.5114737817,-12022.5731136883,-12061.493321366,-12419.3684484581,-11960.6845979916,-11443.2365583512,-12013.9664258917,-12013.1466274889,-12172.5146636765,-11686.7091149782,-12422.4819990764,-11304.8451398383,-11375.0580839061,-11783.3705227328,-12270.5372331262,-11825.9052741207,-11972.4221998005,-12271.8567524635,-11443.1319915733,-11584.9403557354,-11728.6990762303,-11599.9819306808,-12101.3154665768,-12000.0664041477,-11826.6302681788,-11743.0576190954,-11727.6960108054,-12394.4451271724,-11906.3567382081,-11549.0161895749,-11843.8392518219,-11925.4491941206,-11836.6594681277,-11362.1062673866,-12426.3289017175,-11876.1856779636,-11660.4498435369,-11801.8731719867,-12037.7070192723,-12442.5081600939,-11729.0030959201,-12301.961750295,-11878.9738023629,-11642.3713132908,-11845.0209824506,-12109.3253206183,-12201.0160976908,-12055.2207705893,-11824.1964116078,-12534.2849878437,-11500.186086281,-12015.0283020715,-12150.8200623056,-11649.1277144043,-11555.6382764855]},"Model1 ll":{"0":[-31244.5075887763,-30602.9941325319,-30234.1968834771,-30566.9624137351,-30770.8159077028,-31047.3539559305,-30694.9029277016,-31239.2327656944,-31247.7477341285,-30359.3243066727,-32516.1611865068,-30697.3606759429,-30405.6224828521,-31137.5485365628,-30403.9569102782,-31619.8286477014,-30592.1358754216,-29895.6680483678,-30594.7000646445,-30295.8125133014,-30159.0545703197,-30012.4895611023,-30803.483232414,-30944.5073292731,-31273.5378561972,-30675.7812481811,-30987.1754689402,-31358.0278768066,-31084.3990200222,-30358.2004459342,-30880.4209402588,-30600.2322782402,-30172.0684591913,-31501.46108292,-31227.6352242503,-29954.9010803301,-30945.5408680708,-30692.1298329465,-30180.3443508823,-31566.412635836,-30567.2696074711,-31362.5107704065,-30483.4758062332,-30265.3380762711,-30910.4838431541,-28901.8059171289,-31241.6474530956,-31181.7100387401,-31620.2375261499,-30782.56937934,-30340.838547894,-30739.4092050835,-30930.7157547775,-31021.7062247661,-30561.612405221,-32101.3313826377,-29460.1459894153,-29637.2693014126,-30297.254578168,-31349.3081562154,-30566.2852709413,-30760.7755656407,-31320.3095822779,-29743.4635462584,-29969.2560907718,-30161.3514343148,-30109.5073693342,-31210.0265023373,-30854.8632670818,-30440.6317951055,-30169.7282590662,-30371.3396381398,-31711.8067570134,-30816.6433259792,-30145.6306529395,-30503.5437770605,-30504.8947019633,-30514.5698265103,-30053.1050217277,-31943.6341289957,-30541.1903691747,-30090.3349900164,-30468.4238217786,-31143.5768983177,-31599.3353246636,-30395.2037199964,-31558.3728807404,-30744.2386851577,-30153.5757676317,-30600.2237022146,-31267.8329432346,-31127.637075546,-30848.9513577141,-30425.22385184,-31842.0521759283,-30034.1045045195,-30763.0112865982,-31426.9244858511,-30166.6436553797,-30116.4880245539]}}