{"Tau":{"0":1.0},"Kappa":{"0":0.0063095734},"Positive hit":{"0":0},"Model0 ll":{"0":[-12035.419298668,-11729.4940740146,-12061.6442767147,-11838.411585886,-11618.7436489561,-11907.6229430578,-11782.3085637924,-11574.5751953716,-11830.7046071249,-11709.6437591943,-12005.5432810696,-11458.2631385058,-12344.1310387904,-12696.8823740613,-12029.4222544368,-12357.5514521436,-11262.9502520067,-12339.1469300143,-11682.0869510211,-12148.5197313916,-10916.9469058249,-11756.306658292,-11648.9303049245,-11658.8879475562,-12317.5674487668,-12224.2533297787,-11563.5220756117,-11681.7956202073,-11561.806561961,-11945.1861180018,-12223.6062224154,-11617.4190573064,-11809.317817785,-12316.7177906116,-12131.9026915076,-11929.0951608753,-11742.5197018764,-11887.9647962026,-12098.5092096138,-11383.4557937398,-11922.9362315896,-11971.4310426709,-12122.3164866357,-12101.6788611612,-12145.8687281925,-12050.0996679748,-11522.2016480352,-12071.3937700431,-11610.6633355855,-12210.4229951136,-12655.1122755034,-11838.5406440497,-12438.1236642124,-12213.8732324643,-12003.1606588398,-11151.5860175593,-12233.7635659905,-11850.8623940769,-12277.5154386361,-11839.7148731501,-11821.3799020738,-11888.7484595281,-11994.3311495607,-11275.5007735553,-11947.4762474099,-11858.9563936464,-11568.7769630315,-11496.5561088238,-11441.6327945386,-11373.5968822911,-11912.8900985847,-11095.6938482788,-11448.1008219335,-11793.3040296133,-12016.0462588936,-11865.4450626178,-12014.6974646114,-11531.4158084546,-12214.8248845542,-11503.1042249687,-12152.5163805759,-11568.558216478,-11599.3437723849,-12036.1399835398,-11749.0735103803,-11348.5866681712,-11739.6119402014,-11561.3255478369,-11916.6179299228,-11811.6519099538,-11892.7073075851,-11279.9059196216,-11366.288291077,-11202.2448125171,-11622.4947736269,-11826.9255599706,-12048.2746889865,-11682.6960838354,-11711.698866333,-11867.7421238737]},"Model1 ll":{"0":[-30997.3435321611,-30441.366647596,-31006.9814209862,-30662.1700699302,-30189.1473747757,-30778.7351878768,-30414.3779424737,-30097.7298497382,-30403.1425652384,-30400.426525643,-30784.5543963405,-29732.0223250489,-31415.1666951897,-32258.5198658517,-30884.8514014927,-31644.8602023531,-29357.4407105391,-31770.1909703848,-30240.6077471478,-31401.2189323775,-29012.4497020918,-30343.9058106993,-30337.3913400613,-30707.0134287775,-31483.9083675214,-31360.5898879501,-30230.1017637218,-31129.7385090897,-30058.4902780455,-30796.97327756,-31381.2413444611,-30235.8006768966,-30471.6356377818,-31595.3305079323,-32000.7458113525,-30619.6359688659,-30359.3318061802,-30790.2232345282,-30897.1604269306,-29760.0370425308,-31037.9393926346,-30633.0336320821,-31351.8052359473,-31152.8252943099,-31132.2383563134,-30923.9455063472,-30334.6910981804,-30818.7228564945,-30333.4220368004,-31240.3063446587,-32270.9215197527,-30784.4784378035,-31739.4127150011,-31775.1511197908,-30938.8140683986,-29188.7026736935,-31327.4339248659,-30552.461821699,-31561.3299689687,-30479.7728205589,-30557.1137498317,-30856.0505776377,-30911.428663471,-29808.7752850648,-30746.8934212144,-30693.2305762962,-30024.1594592487,-29845.4999452436,-29778.3920805424,-29854.6918587114,-31248.8774764087,-29347.5449654771,-29760.5518475503,-30699.8771382621,-31335.3167111799,-30641.6235632763,-31063.2723339413,-29960.4488874986,-31963.7998255953,-29871.2060323811,-31213.6501781796,-30192.8511433507,-30062.4442788544,-31140.7864118062,-30628.5462268582,-30042.7846861842,-30353.8463433999,-30067.9632023884,-30664.3112536459,-30633.0857350657,-30871.4742864191,-29556.2626539322,-29676.4492099062,-29535.3881363048,-30307.1868696636,-30693.6740479433,-30917.0426798627,-30336.1834112331,-30765.0583266927,-30781.8987518188]}}