{"Tau":{"0":1.0},"Kappa":{"0":0.0125892541},"Positive hit":{"0":0},"Model0 ll":{"0":[-11613.2198414907,-11708.5214765858,-11820.0629342865,-11603.8608249112,-10734.1825091043,-11997.4505213531,-11433.4389728649,-11603.4527424393,-11039.247197027,-11393.2342948409,-11411.4399917943,-11735.7504123084,-11204.0155221911,-11865.0979772811,-11538.8159663889,-11141.3805927337,-11525.3882241501,-11058.4297726342,-11533.3681018545,-11483.1297587943,-11685.7928499051,-11991.318981187,-11515.4785767327,-11726.1127076987,-11114.6956902354,-12039.1139765579,-11250.0147341699,-10959.2312361152,-11351.840628726,-11735.7413239021,-11573.8888985765,-11245.7394844214,-11250.0497829658,-11184.1477382387,-11639.8066211467,-11279.514751681,-11319.4865553593,-11163.478135116,-11968.6819474319,-11940.7745657068,-11477.6524921571,-11423.2801649613,-11671.8261540529,-11943.2398309911,-11974.3723385675,-11521.9160995352,-11830.1650163441,-11538.1146230559,-12021.4160989143,-11446.8952240583,-11238.2959076479,-11184.5137266099,-11449.6715149129,-11572.8284244181,-11524.6565473142,-11886.4987300047,-11914.1446339263,-11217.1315960215,-11574.8722470264,-11377.9610579732,-11432.2111637457,-11590.9795901709,-11452.2749136717,-11242.7508122521,-11928.0816180223,-11787.620786626,-10903.3163655075,-11345.0896477945,-10738.2357142752,-11693.6195741575,-10958.8395573968,-12041.2356747435,-11710.2558775651,-11510.0266572062,-11783.5200963324,-11867.6841783106,-11820.135801626,-11536.4252715472,-11377.4271126193,-11413.5880254282,-11340.6430814639,-11097.423580596,-11601.8309863203,-10994.2890942485,-11631.5264196958,-11806.2741445694,-11490.9001099829,-11525.9462467734,-11187.2170481538,-11589.3714264157,-12016.6195725846,-10851.9332957446,-11675.7784015949,-11496.3405532768,-11414.5794442639,-11239.1701408734,-11490.626890026,-11547.1790389151,-11090.6454966161,-11210.9638687398]},"Model1 ll":{"0":[-30228.9863163574,-30361.8979917236,-30643.8987569685,-30678.8174727108,-29054.8334456279,-31076.269968096,-29891.1678536529,-30593.1510307729,-29099.7760669384,-30092.5734346456,-29892.5597175326,-30648.9589192551,-29990.1064908771,-31065.9914643536,-30194.1591444308,-29952.8688655315,-30032.3129612521,-29453.7879637488,-30572.3794713978,-30038.7025996746,-30721.8231682676,-31085.0415360716,-30087.5428806791,-30784.2196511043,-29370.1740211288,-31172.151845701,-29788.1395138844,-29096.2315105794,-29937.0128763928,-30877.3928469889,-30168.6018292333,-29856.1289578753,-30233.0979645758,-29392.5870158597,-30395.6386919151,-29674.9449221959,-29939.6714438308,-29401.3790222671,-31059.9071874794,-31187.9971384413,-30050.8003234254,-29927.5007330904,-30331.2906452516,-31181.5361175663,-31082.4001186096,-30379.3677943079,-30803.252499646,-30326.9054644983,-30908.9269711448,-30602.0485645293,-29660.0611229901,-29794.4498059221,-30309.7247338827,-30418.8678087502,-30180.6400546311,-31224.2944923416,-31176.6936075057,-29833.5693905211,-30459.6537380659,-30264.5899025264,-29949.8711038992,-30164.6271596723,-30081.7720109174,-29723.8341676385,-30931.8239107815,-30841.5250198707,-28958.5767102604,-29961.7353682618,-28539.5563569788,-30634.3492073951,-29187.4373828163,-31390.1542497395,-30360.3271873325,-30145.3743764359,-30683.8310213039,-30861.232690965,-31040.408092646,-30433.6664153024,-30094.9305710938,-29965.2233449993,-29767.4078991913,-29582.9884809699,-30211.5914871322,-29968.556257514,-30425.2609784591,-30711.4785154201,-30159.8974655731,-30180.8019510262,-29513.4737428759,-30413.2248805785,-31112.2633686017,-29197.1801506591,-30249.9182255631,-30172.8548917202,-30045.6993975945,-29685.4917922657,-30025.8156656121,-30207.4791723526,-29448.1291967908,-29789.3052995275]}}