{"Tau":{"0":1.0},"Kappa":{"0":0.0794328235},"Positive hit":{"0":0},"Model0 ll":{"0":[-8761.8904853066,-8880.9912542075,-8876.5092675977,-9095.7863606438,-9140.587546964,-9469.3948688869,-9117.7647727321,-9007.3512296255,-9313.3401731358,-9272.0822364773,-9025.7084970934,-8779.8775891217,-8963.5213227012,-9149.4771299791,-9305.9181700824,-8775.9907697438,-8263.3791857432,-8849.3701490508,-9085.8023465372,-8828.2553165579,-8727.3823201569,-9092.6018065854,-8758.0634931025,-8953.8323612309,-8559.488779514,-8459.3631929077,-8250.3893646889,-8807.9545952028,-9148.8659246421,-8827.5335857027,-8891.2031513476,-8839.2687153123,-9179.1455948612,-8908.0595477558,-9265.0453977947,-9000.4905259532,-8808.3566721284,-9139.3453403832,-8852.319163156,-9107.8142205768,-9447.825589355,-9276.2401564756,-8766.6659803155,-8703.9397122446,-8867.0728860352,-9186.7633043332,-9066.2752203504,-9085.2958209355,-8994.2822281173,-9340.9034906021,-9304.4863146456,-8869.0634351978,-8829.2939347162,-8581.2397579705,-9106.9079508829,-9191.2762237968,-8769.0174828556,-9120.2621337667,-9365.9069587328,-8848.6016676484,-8966.9377745712,-8772.6952101877,-8918.2815078722,-8641.1232157222,-8866.2696441144,-9244.0390452463,-9542.6892611449,-8516.705473857,-8578.7267154646,-8783.9232839154,-8668.6180269358,-8855.2210639839,-9064.181077421,-9032.3929542822,-9022.7408996736,-9040.221383432,-9058.880556476,-9066.0289656862,-8759.1029205205,-8764.8322529858,-9210.4803860643,-9641.7285915588,-8997.2610168326,-8809.0016224034,-9037.8827969684,-8908.8149915608,-9139.8994081256,-8759.6215164903,-8917.6750496808,-9328.5175484477,-9139.6634768125,-9218.057311655,-8945.8604302972,-8923.9929167224,-8609.9103580988,-9079.2320461823,-9464.6817742473,-9024.8176078209,-8723.4522047977,-9115.2601280607]},"Model1 ll":{"0":[-19686.7489684164,-19861.20730863,-19846.9317376258,-20072.1731598921,-20272.9719502132,-20755.6232934177,-20268.2121826,-20026.9576314376,-20492.6561770476,-20473.6102936618,-19999.0316643571,-19644.7732481988,-19909.3753387776,-20319.3579108259,-20520.4060693102,-19648.2721963225,-18745.0499916968,-19776.9712446158,-20209.2291247389,-19777.7327276508,-19594.9856025629,-20144.3816253342,-19601.4322993101,-20042.3861542211,-19270.7742513373,-19188.3306143702,-18804.2280857807,-19721.6836590247,-20277.3228032404,-19701.2126940332,-19888.7696054543,-19743.5698035923,-20359.5125601551,-19972.3801245111,-20527.0510684014,-20084.1013325302,-19657.2505148603,-20272.6346500522,-19830.934409159,-20151.8373387423,-20802.6658034583,-20455.009645853,-19725.5315011844,-19490.3372455961,-19788.8346739436,-20387.6141648545,-20102.0612402173,-20163.071764407,-20062.4404537843,-20573.8596987824,-20602.6271855131,-19765.4103937464,-19731.1523123119,-19356.0346815021,-20181.1052502151,-20325.6414286911,-19635.5307317909,-20245.6406290181,-20631.0806553049,-19811.7288664895,-19931.9907611744,-19714.1015897391,-19805.546656258,-19448.2438802694,-19761.3628920847,-20400.4763568502,-20922.0286578594,-19249.6528039108,-19427.1134990029,-19716.6578169968,-19426.1431155189,-19867.8796195403,-20073.7102267606,-20099.7551158036,-20032.6605406308,-20074.9066099379,-20195.3510496361,-20153.6240936098,-19562.3442377865,-19740.7312975338,-20344.5471833606,-21075.4979299836,-19952.9349647234,-19702.0849920984,-20075.8741543416,-19833.4564242107,-20276.5773580094,-19682.072606471,-19896.1914730882,-20531.4106844192,-20321.9098431883,-20342.904005472,-19800.1925841324,-19933.2703051769,-19381.9936596405,-20224.7917375469,-20729.7187318664,-20113.9521525523,-19557.8301249328,-20179.3704443388]}}