{"Tau":{"0":1.0},"Kappa":{"0":0.5011872336},"Positive hit":{"0":0},"Model0 ll":{"0":[-1757.8680996378,-1695.201505781,-1853.2781094067,-1912.5648281981,-1729.8330733162,-1886.0472708978,-1604.8596662826,-1956.9683754206,-1753.155361874,-1754.9707657382,-2032.4124526018,-1837.1662261061,-1693.3216179493,-1647.9830511571,-1731.4519139444,-1941.580846442,-1914.2941231209,-1680.8213497155,-1867.8632450036,-1975.9254699305,-1905.9625895135,-1850.1967618038,-1813.4533557205,-1696.7682718924,-1736.1043890597,-1778.70785088,-1957.9397968704,-1697.3031041812,-1815.5023630288,-1999.9174860772,-1803.1762002282,-1954.3494908543,-1820.6826191532,-2024.7646162251,-1847.1739154795,-1831.8263198872,-1856.5442384347,-1792.1141517229,-1590.4048423994,-1965.0335207033,-1949.6986295054,-1892.2716832966,-1813.9347437389,-1845.6976323154,-1864.7111681411,-1699.9590839652,-2022.8312445374,-1651.7389144006,-1878.5547045176,-1973.9327778766,-1803.3577228744,-1698.8875099264,-1691.5567124682,-2096.6057394924,-1794.2109546116,-1765.1078198665,-1747.9432700525,-1753.8054599133,-1599.2880172886,-1814.403831989,-1949.0205933453,-1812.4537831054,-1806.6513171528,-1762.7046071544,-1794.7817401301,-1914.2505451827,-1823.1844680259,-1818.8215635495,-1942.1442329932,-1922.2001597839,-1856.1681814459,-1735.986234857,-1744.1384205241,-2171.2496023252,-1591.9766514974,-1898.6221472408,-1984.4517213695,-1889.2345760836,-2007.502608578,-1941.76444464,-1788.1447275781,-1629.8900141703,-1671.7086285506,-1882.6463677825,-1994.7862981127,-1929.7070211797,-1737.1082053,-1797.2051506855,-1893.7216418841,-1668.5037805992,-1883.4563908795,-1779.2593043652,-1700.949435379,-1836.7288043104,-1887.0631315372,-1734.1578068176,-1886.455354342,-1702.5960837589,-1698.8756178813,-1484.063833452]},"Model1 ll":{"0":[-9656.0333986794,-9493.0061680974,-9922.7520348253,-10043.1430770993,-9683.1749843821,-9999.6637989921,-9214.3541523832,-10223.8489324864,-9637.1147488684,-9663.1431747004,-10412.412620218,-9830.0819630302,-9404.0135662109,-9377.5531222153,-9612.9081803296,-10152.5464679189,-10010.2456713727,-9524.5429051888,-9942.6916793376,-10157.2070950664,-10012.4956627658,-9909.721382622,-9794.1107819276,-9515.2018424058,-9556.2708550404,-9737.3636502272,-10161.6575915394,-9547.6618118014,-9755.3303524438,-10289.527601644,-9841.0214241301,-10172.3872614246,-9778.6354040743,-10399.2712180123,-9909.3602224539,-9863.5599995969,-9962.8478087948,-9716.9840786989,-9310.6448680022,-10232.4304881954,-10121.4282575763,-10066.8075146009,-9749.9186247315,-9925.5036201621,-10015.6494315377,-9492.2440432506,-10363.0625718855,-9404.3646656676,-9968.0500721714,-10208.0128498947,-9821.7325478154,-9568.5798511359,-9523.4578603674,-10578.0376096022,-9744.0567771979,-9685.8470211174,-9682.9303792357,-9680.2312640876,-9164.0804697618,-9778.5333666139,-10137.1246091487,-9766.5330868748,-9901.464575995,-9733.4123188131,-9799.0206929932,-10106.5135928136,-9814.284214819,-9742.8697905751,-10128.4042600042,-10036.9625576739,-9908.6239864249,-9665.4197854698,-9606.9585154091,-10668.5307468662,-9165.5308787915,-9902.4520612832,-10207.5010903089,-10008.9630634135,-10287.7614484509,-10118.1344076466,-9732.9383113932,-9399.8052187388,-9434.0818745289,-10033.5411457639,-10325.6223706026,-10122.0325262497,-9698.1423286727,-9794.8528790319,-9976.1512062152,-9526.9283184268,-9999.7927015141,-9707.7325422082,-9588.9668787617,-9822.3895116123,-9993.6064059369,-9601.708880364,-9939.4949204771,-9583.5887086306,-9505.942820229,-8984.2616422013]}}