{"Tau":{"0":1.0},"Kappa":{"0":1.0},"Positive hit":{"0":0},"Model0 ll":{"0":[-116.6363138312,-136.5089510617,-129.639223538,-122.8440712863,-149.6681920403,-161.4869406728,-129.9875590117,-119.3056497292,-113.2803471733,-115.5204922298,-113.9887682436,-133.3549839598,-125.4067488176,-124.5724263409,-121.0188066601,-128.7220473387,-119.5102471496,-116.7888738017,-122.972607288,-125.474302214,-119.9586766082,-129.0276614632,-131.4107482359,-119.8024155113,-119.4684412157,-153.6504086627,-129.1247735513,-116.6544473664,-137.9875898707,-128.7510466694,-138.5472249167,-114.6076701533,-118.4654675491,-115.7696204258,-121.5446240254,-118.5359450954,-124.617498675,-116.8466350766,-121.1105619805,-148.0747350691,-125.8848174802,-129.7456650927,-120.349504561,-145.170839155,-120.8691016982,-123.8053158794,-116.6478746437,-119.1120221505,-123.943824524,-146.3247209613,-138.244795389,-129.9741759598,-117.9654752616,-119.5904689393,-135.8411703242,-129.4468680633,-131.7952541632,-116.8044279447,-127.9069985881,-120.3798555495,-136.4636643492,-120.1540801545,-130.0960656584,-129.2768702045,-127.695622564,-118.7615186226,-124.440846168,-116.4321063944,-127.5686640038,-113.9272087245,-115.3810396257,-120.4085907352,-134.8631888348,-141.6185029121,-110.2834384381,-115.50615024,-123.3710643824,-128.4134138184,-118.8014583522,-122.0386379592,-183.2314186918,-125.1711306758,-130.6317214503,-118.9795362319,-113.4660497026,-111.308444664,-128.7340734367,-115.7948943675,-135.5307082538,-123.3010930789,-125.5904038658,-116.3338778482,-125.1642945467,-128.0618522201,-146.3533375368,-114.7344286547,-107.1551438002,-118.6319472546,-117.8551311026,-112.0984469349]},"Model1 ll":{"0":[-4572.0831714071,-4324.5720759436,-4657.6762348894,-4747.4607308562,-4693.0489435319,-5144.6049897885,-4366.9203914158,-4709.7621811424,-4495.2170126818,-4419.4711436221,-4245.1556145159,-4319.7812868839,-4339.80196584,-4735.5741319254,-4793.9164113568,-4701.1604463041,-4368.7207873958,-4475.9701306947,-4786.5334066631,-4524.4631331243,-4507.9400067201,-4513.7029892553,-4423.4905313072,-4958.8830387439,-4267.989550281,-4161.766003982,-4533.1782122671,-4587.6292513722,-3948.4676243886,-4503.7659906899,-4360.1674881786,-4190.4709808936,-4636.4721541532,-4458.9607347678,-4772.2638329007,-4724.2202551731,-4629.0768792558,-4767.2904143514,-4685.9305115741,-5180.0645060541,-4478.3410440073,-4731.3396108729,-4430.5197966838,-4235.4504327146,-4989.8016990049,-4616.495710328,-4282.816609785,-4298.8170411683,-4183.0739554098,-4991.9901734175,-4990.2749882429,-4695.8203241801,-4525.5800940925,-4819.9432193742,-4432.8276565625,-4842.8625216358,-4198.5508592171,-4813.0534708931,-4702.6228647104,-4720.6797487498,-4603.3411731806,-4780.2217909441,-4746.6422670217,-4786.5413694824,-4541.142786533,-4590.0728256493,-4589.503859237,-4790.4803662705,-4536.2932962838,-4503.3491185481,-4581.2754964451,-4522.8141337365,-4598.0454293827,-4610.2704585882,-4647.3445220178,-4586.7798827177,-4525.0194058485,-4706.0610394045,-4389.4247690817,-4918.9168421993,-4148.4606643015,-4943.2449704618,-4446.8885445051,-4733.4533414173,-4687.5302352245,-4489.0151265813,-4064.4646094753,-4691.9805613378,-4608.9209439207,-4864.842823337,-4489.9684896372,-4645.1823792227,-4904.6612602918,-4572.7648649414,-5033.8697708272,-4660.4134131269,-4564.6137473844,-4478.9181060464,-4140.4137480565,-4522.6404715334]}}