{"Tau":{"0":1.0},"Kappa":{"0":0.3981071706},"Positive hit":{"0":0},"Model0 ll":{"0":[-2710.3458185291,-2842.5791322819,-2622.002799575,-2678.0622422564,-2870.4596067071,-2669.3708253458,-2873.4720611277,-2812.9360677542,-2904.9763677178,-2928.0747825334,-2575.4994195073,-2426.2968284991,-2549.7313476027,-2996.0574832914,-2845.3044499825,-3014.7563348538,-2668.1560420357,-3158.0339609154,-2714.6168192614,-2919.5262670568,-3090.0552112993,-2747.3617915969,-2511.0460394879,-3164.7756503719,-2800.8428092204,-2672.7212065863,-2851.0455978724,-2685.292868951,-2988.917064638,-3041.4844854271,-2871.9063836129,-2909.1156472182,-2976.7967524354,-2802.7643074565,-2519.1273532328,-2870.7960115162,-2928.2396639528,-2709.4632130504,-2849.926110011,-2743.9105431821,-2717.8181593286,-2578.9549540662,-2839.0572209113,-2793.5217325199,-2725.7842562648,-2953.0778915356,-2662.7455815144,-2261.9758395358,-2459.0862769901,-2735.6013888862,-2864.1248770925,-2831.8168909813,-2589.0122258418,-3195.739431434,-2951.5649013238,-2460.7332253593,-2565.299276504,-2650.368948889,-2539.2339066879,-2808.2679519568,-3088.7069762973,-2889.3435920883,-2655.6234149872,-3077.1271451351,-2480.9948810752,-2920.7960498835,-2794.3708420879,-2897.6496192832,-3049.8844613978,-2655.2463097728,-2779.5935038557,-2703.6655451237,-2906.9289279094,-2934.3363566254,-2187.6790807344,-2644.6132941253,-3020.1596659856,-3048.8723184821,-3039.6026050723,-3002.1750102713,-2790.9495383077,-2823.4357690481,-2926.2598893681,-2997.5643962385,-2896.6887338635,-2579.2759661303,-2866.357360627,-2913.149212962,-2778.8725487776,-2752.0267308738,-2684.6700101599,-2564.9451176562,-2707.7825076976,-2838.1055873733,-2595.2682584011,-2671.4222298967,-2454.4375860358,-2785.7956872943,-2766.0717471943,-2754.6126043244]},"Model1 ll":{"0":[-11376.7506991661,-11651.5685149194,-11148.7866237071,-11267.5757604979,-11645.2971125722,-11311.328046317,-11650.0464251457,-11622.6492258021,-11778.7984693152,-11726.1345573355,-11156.1645470997,-10748.8125127978,-10933.6097838225,-12045.1208439662,-11689.0822207307,-12029.2254143172,-11288.6160311897,-12331.0935327378,-11394.8068107841,-11817.0454262701,-12122.8793970449,-11483.5460498089,-10853.8649312049,-12339.2744730605,-11569.9123920786,-11240.0949046119,-11612.7984695244,-11295.808904431,-11981.3483259413,-12030.7736744579,-11716.0478998063,-11805.7504341619,-11977.2872122742,-11560.1669871449,-10868.8568248767,-11680.7442810661,-11882.9323588148,-11293.4815149122,-11648.0529377779,-11472.9227191015,-11280.6442956935,-11049.5115183252,-11608.5585721098,-11561.53547099,-11338.6547951587,-11976.7977299016,-11318.4160181757,-10299.4293450056,-10742.7089529271,-11413.5152814307,-11661.0735434632,-11594.0418570493,-11111.9331160863,-12372.4247693505,-11885.47119436,-10718.8523531679,-11063.6891088406,-11291.5167409332,-10960.6860097415,-11605.6516914162,-12126.696311998,-11680.5071001505,-11325.2665840439,-12178.8200117531,-10796.7457459956,-11809.0797459775,-11575.459187088,-11759.853051714,-12078.8154069467,-11087.30046813,-11483.7377291766,-11416.0503508217,-11736.2463757518,-11798.3431414826,-10197.1246566952,-11140.2850760108,-12097.5416926241,-12042.5500420685,-12137.5799306357,-11970.6055866272,-11488.7690601336,-11616.8788271871,-11784.3568929648,-11937.8774888203,-11734.9029823021,-11069.7159870994,-11749.5663308778,-11750.933740883,-11549.1703898625,-11373.43010604,-11308.2804867843,-10994.2706493469,-11413.3736992282,-11611.353968035,-11059.9855426032,-11219.7058640601,-10795.4514855281,-11577.686469255,-11463.3869337679,-11352.8757124651]}}