{"Tau":{"0":1.0},"Kappa":{"0":0.2511886432},"Positive hit":{"0":0},"Model0 ll":{"0":[-4656.403727069,-4968.5808403447,-4847.8607417359,-5003.5226797611,-4970.7221154976,-5087.7549618713,-4761.8980514235,-4905.0593383025,-4629.3362543379,-5018.4675069409,-5299.0499982622,-4720.6907936223,-5163.140746938,-4430.051192589,-4559.185741368,-5147.5564485322,-4948.2611279059,-4603.9038034649,-4664.535049379,-4723.9317751071,-4917.6061024693,-4925.5250682381,-4791.7108552287,-4896.650546137,-4586.056933451,-5113.9295640047,-4996.0276458162,-4657.0756103003,-5127.1753860856,-5185.1294713024,-5380.7191092487,-4966.694632241,-4865.7593860279,-4809.4261806478,-5021.1448903898,-4525.0330491341,-4922.9757172225,-4715.7402996107,-4655.2374861016,-4529.826657451,-4700.0757740257,-4744.7578525061,-4827.5667471133,-5023.2183968206,-4405.1364129891,-4761.6400899577,-4926.4222144684,-5207.9423327632,-4784.9705091389,-4749.2064530603,-5332.1755594889,-4954.9956750964,-4640.7578078834,-4810.3653751986,-4882.9523658766,-5050.1312794198,-4590.9693119306,-4725.0237644081,-4800.1844511973,-4611.4596278165,-4301.4083050753,-5019.3130889099,-5031.3059403111,-5060.5067526992,-4400.1565265485,-5013.7712886103,-5036.2172233715,-5188.1498275548,-4897.4857012659,-5101.2137450081,-4782.1544598257,-4871.786161325,-4696.2603383936,-4975.5236455995,-4942.5439935922,-5113.5278388653,-4880.3071956622,-4774.2018234313,-4784.268889241,-4381.7670574867,-5032.4464752523,-5058.5211445282,-4675.2719594511,-5063.0466413838,-4804.6347932627,-4724.3756821664,-4576.619556555,-4939.292343967,-4555.8213160534,-4859.1842117837,-4797.4124731705,-4933.4975380177,-4597.2709545616,-4870.7817896349,-4974.206355485,-4941.053173201,-4876.9138052554,-4670.2470141092,-4673.9341962341,-4869.4972385576]},"Model1 ll":{"0":[-14179.8295023798,-14866.4656197201,-14579.1443480967,-14879.3292451304,-14872.0747796386,-14992.3739176032,-14469.2629074904,-14772.7334843914,-14240.5583914674,-14845.1724950281,-15441.1226908046,-14294.4757135845,-15143.4065194175,-13836.059791843,-14104.6190975085,-15161.5800661026,-14804.0193555353,-14159.5659277371,-14289.1090707446,-14402.8524209501,-14694.433517751,-14755.1408625395,-14494.3351551539,-14723.1307992959,-14081.4647414903,-15087.9068926813,-14930.2354652046,-14278.5133404542,-15107.027636845,-15380.210028887,-15622.5658917778,-15019.4898047092,-14560.1792477901,-14556.8422005947,-14906.9155270583,-14020.1435697411,-14765.3138622417,-14376.0641920985,-14306.2640097142,-14011.0088968166,-14289.8897108987,-14453.61212038,-14599.1632213474,-14997.0449028141,-13828.3545694613,-14484.9439055251,-14751.9763217931,-15281.6789103553,-14555.2645555476,-14379.6345341473,-15527.9649661865,-14785.0838963778,-14316.4637350143,-14604.805372373,-14700.8723293379,-14991.1511011389,-14097.4572329017,-14328.5407306284,-14544.8234307194,-14182.9552869968,-13581.115472673,-14919.5767934798,-15035.5489041164,-15015.9206227602,-13785.7471160179,-14880.3489305504,-14965.5809867208,-15198.2501574362,-14650.1264975845,-15145.2147821477,-14436.0338198052,-14595.164526096,-14429.2614969121,-14825.7785865524,-14830.2613660128,-15156.7567737839,-14638.5406785918,-14386.9511133802,-14457.9044095032,-13620.1737473386,-15039.9955462885,-15058.361631136,-14275.3691236433,-15049.8385892654,-14590.3138033705,-14407.0376354739,-14133.7657281526,-14809.4203587921,-14080.1288969208,-14735.0890647158,-14446.9346014279,-14884.9717757299,-14132.355579567,-14583.6771843481,-14776.2708154224,-14750.7960232968,-14775.1893659849,-14281.0996821821,-14362.7972591107,-14683.252076865]}}