{"Tau":{"0":1.0},"Kappa":{"0":0.1995262315},"Positive hit":{"0":0},"Model0 ll":{"0":[-6228.7621740098,-6052.6060074356,-5919.6225098046,-5231.6636260062,-5836.8038874818,-5313.6576214142,-6036.1240518352,-5863.3636877646,-6009.7657834582,-5929.890691787,-5779.1676219097,-5840.7531668598,-5330.5898021938,-6036.3022364121,-5572.2825188632,-6014.0560621816,-5350.1462619755,-6219.6805654267,-5852.8072430197,-5512.6276041831,-5799.8038921296,-6091.043991824,-5603.7135623271,-5634.3716183764,-6145.6755375673,-5564.8810595023,-6027.4880135918,-5926.4622371838,-5889.2629484307,-5695.3332628314,-6161.2053429748,-5376.1617880847,-5663.3175150848,-5781.9546470909,-5813.4352359121,-5786.8826434882,-5962.6531032488,-5801.9440196831,-5986.0918096199,-5551.947022296,-5842.3819477125,-5787.145242547,-5818.5141805633,-5849.0326322202,-5627.3546026271,-5885.3874751534,-6293.8645375227,-5865.803806106,-5964.3789868887,-5746.8527306753,-6430.178768762,-5833.6311443025,-5751.7552326026,-5976.9779105105,-5035.0447764464,-5997.3978287057,-5295.0032764446,-6081.9762438908,-5884.1736615589,-6038.9274397125,-5787.3169662071,-5549.8900688981,-5246.4991922374,-5656.5747143585,-5895.7391093451,-5495.4753746759,-5548.6590890284,-6250.5025048106,-6067.2875308552,-6193.0011724366,-5851.3249206866,-5727.5640556465,-5876.6160217422,-5801.282893386,-5822.5674927025,-5964.937999729,-5680.0367747202,-5716.4427707639,-5834.3095590388,-5938.7891326418,-6212.7638010685,-5822.8064886842,-5866.8120661191,-5745.1913242547,-5587.8027661193,-5913.203428927,-6190.4654936956,-5869.062046682,-6018.9364345721,-5998.7260690058,-6055.7284642554,-5394.6692864813,-5554.6111666463,-6221.3464317389,-5568.9098830483,-5082.0121749932,-5883.9260608046,-6022.5368170507,-5701.4227792511,-6131.5337485716]},"Model1 ll":{"0":[-16657.3996200714,-16447.9121737311,-16109.5168050607,-14939.4295197923,-15922.6922156088,-15006.3051861571,-16296.7680568522,-16044.5585330649,-16296.8118658564,-16150.3970388267,-15929.0538245226,-15968.7258162387,-15069.6314347922,-16264.0232553534,-15517.6912244242,-16295.570798817,-14970.0102254985,-16663.9421808526,-16000.451805509,-15441.366860891,-15893.4633878031,-16421.1240893237,-15562.4637110038,-15592.5548896517,-16533.6751562969,-15475.2568040829,-16331.7031476906,-16090.9554707489,-16079.8937167686,-15825.4745169011,-16612.9952400681,-15161.9967203909,-15661.4083960834,-15938.509526365,-16012.6712175771,-15923.7299512105,-16158.5873224273,-15844.6430370537,-16247.9258021085,-15413.2593949796,-16128.7174102229,-15967.7413711525,-15959.9332625997,-16022.5141956324,-15688.7031984611,-16102.7131955292,-16783.8944396667,-16024.8019340005,-16285.5637784208,-15815.0289706987,-17022.3270612451,-15996.9387558152,-15868.0135395405,-16224.6966948895,-14550.1723758483,-16168.9313134579,-14935.7350908281,-16442.7919931545,-16017.0674729391,-16287.2828538718,-15976.6358457067,-15440.1498049942,-14997.2773991467,-15597.7885039196,-16158.0585701242,-15355.6682624684,-15372.8292825422,-16772.2134676932,-16321.9267427859,-16639.0137577331,-16096.2315326034,-15754.6227991273,-16014.4960760875,-15973.7318093478,-15973.0116116973,-16255.681775794,-15756.6587409769,-15732.8918072024,-15931.7540330566,-16183.4589482042,-16702.0118565307,-15930.0517198862,-16086.9722665385,-15904.2313272627,-15601.5196485413,-16128.0203384053,-16606.3413070544,-15966.1290016972,-16354.1716124935,-16211.2005129038,-16316.2873960139,-15180.3574599872,-15437.4693745164,-16707.4514006346,-15546.0534478841,-14526.1442810526,-16003.2523057542,-16375.1888119773,-15803.7463660298,-16538.7076217234]}}