{"Tau":{"0":1.0},"Kappa":{"0":3.1622776602},"Positive hit":{"0":100},"Model0 ll":{"0":[-12031.5023016332,-10768.7108196132,-12122.2204089382,-11677.4953755339,-11489.9266207331,-11290.0052870632,-11715.0604364524,-11154.4156159112,-11848.979672293,-12282.2760858791,-11948.7368603012,-11636.8522521204,-11483.9123348999,-11539.5066639421,-12261.9021115121,-11436.6530351281,-11534.5756445369,-11403.2807049844,-11510.0449360477,-11235.3277491407,-11467.666911119,-11191.8172255151,-11753.2503458473,-11578.3920463036,-11528.8026527185,-11201.2799141562,-11699.7307302944,-11052.6609545402,-11558.0356054154,-11598.361399432,-11327.4820160506,-12310.6600481929,-11382.3754817323,-11445.1955778777,-11983.2429837141,-11735.1384609118,-11827.0959573389,-11702.0177430974,-11649.6695311027,-11857.7965063106,-11415.875482161,-11220.7936081203,-11339.7446271052,-11134.9222390064,-11148.3040057416,-11445.7370211221,-11582.9569016859,-12037.1291367594,-11386.5832860116,-12033.7772714764,-11708.0536240321,-10764.3170775529,-11421.7169086697,-12105.3480759116,-11473.9983995488,-11294.119504564,-11706.2513015914,-12258.6362277346,-11603.3783242748,-11758.7835430285,-11668.5874499525,-11750.1019587106,-11955.9837583663,-11532.948596777,-11457.3666539445,-11993.9264794492,-11345.7783980109,-12199.5467674746,-12399.7632086376,-11138.8188623599,-11673.9648476722,-11391.6833357679,-11838.4211311101,-12137.1252728464,-11832.1992244667,-11308.4603388095,-11976.4628335818,-11610.396779495,-11093.936124948,-12617.4151668792,-11321.1735853673,-11534.8745246082,-10907.8843998708,-11245.0763694605,-12470.8864562647,-11793.3449220236,-12183.4886926531,-11590.4512836242,-12013.0216687912,-11261.3240259706,-11750.365175293,-10963.2374738047,-11208.5988393237,-12142.7925568932,-12125.6163735371,-11796.3971739084,-11768.6834835248,-11809.8956659989,-11256.1472413114,-11251.0447008111]},"Model1 ll":{"0":[-593.4975976834,-479.1414290811,-669.6110827099,-486.4091410736,-465.3195860646,-486.9674287584,-676.0340705201,-500.092416466,-760.5798667872,-680.3023256727,-683.3885753653,-437.424959942,-475.8173252905,-458.9362728295,-583.1803161196,-516.1672585589,-661.6166519796,-636.9241649353,-442.8609258519,-514.8268512192,-773.7535938801,-550.1298244325,-922.3169282542,-540.1372762269,-442.7946635101,-475.6065655387,-548.9972291228,-526.4844094244,-622.0510366931,-586.3401554689,-616.1036238043,-840.7828950558,-529.4395000973,-514.559602809,-639.2636727822,-615.6258469997,-592.6879937611,-509.2005033394,-612.0599986434,-544.1733104216,-570.9990335715,-467.591269518,-507.2223670511,-500.2733971002,-453.5676553921,-607.4141181541,-474.4719721154,-691.5086418042,-469.3956371997,-514.8101180767,-475.2123276227,-497.3802592292,-428.6841995332,-647.0672895463,-586.5398302786,-453.6384609175,-580.4605387187,-707.0000123097,-703.9733173339,-598.2701962976,-584.0571415192,-641.9921018708,-696.4285446243,-467.9459859237,-520.8902756805,-623.1909955833,-540.0459097577,-742.7068559084,-986.2948991462,-487.9453674464,-635.2201353958,-563.1325988709,-732.8017513292,-645.6377803378,-609.1949291011,-582.3194277822,-566.3165908112,-461.7613760062,-491.1474711162,-580.8004018499,-471.096853669,-578.5583543543,-563.6689659245,-502.6926375557,-708.5875317708,-502.2314962307,-653.9045257688,-578.0621592241,-739.0039866476,-457.3347769776,-653.9348976072,-427.8820776631,-531.7062741044,-677.6435965549,-768.932201259,-708.5313301161,-559.6752119494,-497.4382227424,-485.7075526357,-433.3937333069]}}