{"Tau":{"0":1.0},"Kappa":{"0":3.9810717055},"Positive hit":{"0":100},"Model0 ll":{"0":[-17797.4438302497,-18630.2644637044,-18520.5770727719,-18193.1472369619,-18550.8282434334,-18962.4160820057,-18122.4009101202,-18842.7727646736,-18233.3699317216,-18179.4841346856,-17439.2829089089,-18466.2595288462,-18867.8054184749,-20430.3517588773,-18798.409265711,-18965.5907354571,-18660.0632156271,-18209.5262578227,-17327.8015184773,-18601.4407976326,-17882.5317678263,-17726.2869081578,-18045.454165721,-18782.8986951538,-17937.5578989757,-19234.594185405,-18684.5534581728,-18163.0795573897,-19146.160193476,-18750.0520488362,-19093.2222364419,-18704.4699960963,-18049.6769752954,-18557.6372975239,-17910.785896327,-19142.4446111409,-17661.1670745369,-18607.9982632695,-19072.7310226509,-18624.7122961156,-18034.4465619092,-18735.7621975647,-19204.5364764898,-17892.2910569782,-18351.8480540736,-19028.9471058262,-17546.9874861818,-18253.022082883,-18311.21037554,-18346.1530976585,-18683.829225839,-18573.4243914168,-18677.8122738845,-18740.4522771465,-18953.3446220414,-18202.9650264514,-18602.8053898811,-18113.8110397351,-17755.2146901447,-18576.4599102839,-18691.1851479046,-19123.4712313,-19085.1078180692,-19078.8539655021,-19660.9334867651,-18566.2785353665,-18387.4293509373,-18320.0999748146,-18143.7354375945,-18588.8436364614,-18642.772091519,-19154.1484172511,-19069.8024266086,-18483.5561974419,-18471.0777789946,-17766.143884656,-17617.8767118124,-18862.3081725303,-17506.9887247606,-18562.7104948243,-18323.7811014269,-19048.6587429675,-18789.112614604,-18861.1588228896,-18522.1092576012,-18728.6898745778,-18260.8238094541,-18599.655693056,-18194.1982437393,-19668.2398709254,-18939.1904716537,-17901.9523423654,-20570.1202691279,-18873.1742219335,-18978.7483652794,-17963.7344074371,-18710.3593814863,-18011.0138285316,-18997.1045902027,-17865.9740285976]},"Model1 ll":{"0":[-519.9013573978,-813.5718933075,-691.5400973031,-718.1445837612,-948.6338499791,-732.3001421061,-778.195473188,-925.2579357386,-666.7310214144,-718.6974057533,-573.5374672212,-758.8633282331,-671.7050569514,-1097.2587896748,-1004.8762829609,-917.11356594,-671.9081603648,-799.7248597408,-662.5352946327,-710.0056517628,-621.5117861114,-661.4009332369,-760.265960155,-1061.0276735279,-765.6191366449,-898.1815396549,-912.5876762907,-724.1556814651,-1013.2100384172,-690.0740491173,-1055.0608421934,-758.7065872144,-580.293794071,-524.868696929,-793.0203819928,-868.5326036279,-726.4443626673,-948.9521009304,-888.0074268772,-892.0102498606,-831.9688528115,-724.2123768403,-1209.8176854704,-707.2235659934,-867.0827574547,-877.8916040892,-580.7229774636,-751.1059783305,-1078.6655844095,-827.4115049451,-969.1020038793,-780.9711237948,-751.6882666395,-800.1886231724,-840.1274269198,-562.6300667931,-958.0551949189,-883.9696214894,-622.1567002607,-720.7749926165,-834.7605874362,-997.6968619083,-932.1885399174,-955.9732990948,-1134.4761671857,-603.5171081333,-738.7020273445,-607.4263719955,-640.7426543458,-900.1988919154,-856.5024159495,-880.2639800038,-1035.4277544449,-729.9041866893,-781.8119389778,-580.9006194072,-611.5131563,-879.9397386067,-793.6996082086,-924.0490090585,-644.6410972208,-765.2476569063,-855.3856350752,-872.4195861361,-871.1282016367,-1088.1015721753,-895.0175775505,-941.3372960761,-596.549925224,-1124.8164732748,-918.3602853219,-694.7495528287,-1201.8004213651,-1001.0264549468,-793.3766681419,-834.532607536,-921.4579521275,-654.0990429235,-808.1134696339,-591.9060800815]}}