{"Tau":{"0":1.0},"Kappa":{"0":1.5848931925},"Positive hit":{"0":10},"Model0 ll":{"0":[-1317.620624349,-1617.2510969235,-1261.5453462258,-1437.3372525455,-1485.3734523654,-1604.5085439647,-1414.3160409208,-1387.6124147716,-1438.4212626042,-1370.1537395908,-1432.5287308487,-1340.0837956556,-1296.6714751349,-1628.8830624289,-1464.6473649722,-1762.8521027385,-1243.1161093972,-1537.9663059906,-1557.1430533682,-1451.370436592,-1554.4305437406,-1549.1126527499,-1329.3481596693,-1361.1730592439,-1536.1693929778,-1496.6429841071,-1232.6444777324,-1571.5685081209,-1318.9720969632,-1578.4943541557,-1448.7223629306,-1556.6427693399,-1635.8317962287,-1450.9465175286,-1504.1055728613,-1271.8053265547,-1289.9446425555,-1636.9405789096,-1355.9391609455,-1417.9121370773,-1474.4107999975,-1572.6740862487,-1455.1981995929,-1618.0038091349,-1844.1982378342,-1386.6907615198,-1490.1688384105,-1514.0099440731,-1269.5972387975,-1409.0911819356,-1489.5162233029,-1398.2268966914,-1484.5471295483,-1455.171231035,-1482.110439966,-1511.4301852996,-1468.1981438973,-1642.3902297042,-1423.2685995871,-1875.4271955701,-1610.1880792699,-1678.4168803086,-1557.8218149212,-1674.4432144485,-1457.0393596096,-1514.5209541304,-1484.9306812041,-1432.9839380833,-1476.0849170784,-1261.0072779969,-1429.3429279616,-1385.1411140286,-1394.0131007283,-1252.9367509623,-1492.0188746025,-1426.6512675302,-1390.6158764217,-1386.3862565049,-1345.1513046848,-1541.7685331562,-1360.0192013844,-1456.2177138298,-1413.6874797906,-1249.8462727139,-1411.5257084578,-1520.1857227162,-1403.8984138118,-1633.9570302795,-1493.2703062431,-1379.9518470514,-1478.948894481,-1376.633293943,-1457.066904008,-1430.6727217937,-1478.3967417847,-1478.4841543377,-1435.2897277943,-1374.0501378906,-1551.3770196875,-1518.7773598414]},"Model1 ll":{"0":[-1888.4926343776,-1542.4829572161,-1931.7866354953,-1778.92311232,-1794.8878642046,-1576.2892979114,-1783.0725321902,-1838.3560810691,-1779.258170362,-1759.1606287528,-1888.8733163527,-1819.2560281066,-1920.1871221613,-1721.2723947176,-1747.1294811016,-1446.9859084667,-1990.5772320525,-1710.6378266234,-1624.7196224135,-1734.3385128553,-1737.4252334533,-1644.9739192756,-1959.1692251389,-1765.0880256824,-1677.5320471013,-1707.232739762,-2001.6620539383,-1628.3541735341,-1896.0505030301,-1726.9961180024,-1714.1959754354,-1668.1754381352,-1615.6240216471,-1787.4862931978,-1740.9477344513,-1982.5273389604,-1941.4592620697,-1621.0588734424,-1830.6722908184,-1812.7188419943,-1697.0969071059,-1619.0595628598,-1743.5618316609,-1624.7471194566,-1482.2209134849,-1810.4112865166,-1748.8848081563,-1677.5267295895,-1877.5182479271,-1761.130978231,-1626.6642577187,-1742.2058830586,-1704.6840283829,-1799.4269988538,-1728.7968994266,-1715.0366167461,-1698.4226601521,-1624.3710320331,-1827.7916222257,-1412.267232206,-1631.0368155722,-1568.2670654609,-1715.7080714509,-1664.7942219851,-1696.0460058877,-1724.7684591992,-1770.2778918072,-1799.3868973054,-1725.9881926763,-1940.4780611164,-1878.8688677164,-1787.7658719515,-1757.2360950803,-2024.2258377002,-1727.0253762022,-1749.1982993074,-1886.9051226152,-1841.7639518339,-1833.6779377542,-1636.2112587617,-1883.6203305579,-1803.2226197509,-1755.0244906835,-1976.0442383586,-1791.2077301923,-1638.445152605,-1723.9343085434,-1695.1031158902,-1699.5740592182,-1891.2007455496,-1696.5385298406,-1752.3380215111,-1697.4778506835,-1794.8576253503,-1688.3825547031,-1646.7437679318,-1750.1267245266,-1796.2883595809,-1655.367208106,-1699.9234103539]}}