{"Tau":{"0":1.0},"Kappa":{"0":0.0630957344},"Positive hit":{"0":0},"Model0 ll":{"0":[-8919.860997837,-9280.4451625388,-9351.9846455869,-9300.1793947942,-9309.9014479844,-9501.6450162086,-9744.6770528152,-9537.972760877,-9251.9541709369,-9676.7538069156,-9734.5449164391,-10087.9302730768,-9485.6341797005,-9382.5288547925,-9487.7624752164,-9729.1070783185,-9146.4459580763,-8869.0438262285,-9774.1231062794,-9608.7862846739,-9203.6007793022,-9347.9620057596,-8815.7953488362,-9671.1784638045,-8797.6641158986,-9388.489202115,-9465.0502873699,-9166.1595953101,-9415.9473707124,-9004.0693338874,-9565.7963798978,-9485.0271531201,-9775.0942072725,-9987.3496384679,-9516.7458131636,-9823.7589363618,-9548.1561396852,-9048.7807337195,-9792.7157733601,-9731.0673868871,-9973.1818821795,-9519.2233467581,-9518.7292951894,-9652.4543344067,-9859.70537959,-9925.3689440463,-9953.0356084176,-9207.2335611215,-9154.9024087879,-9412.2899560357,-9159.0288899445,-9732.046282008,-9763.2150562896,-9145.0995452118,-9815.9546431149,-9423.6866344052,-9497.4432050635,-9087.9686800803,-10133.8353649274,-9646.2839037097,-9937.2532731232,-9616.4345701594,-9548.3163750762,-9615.7073953251,-9947.7372543259,-9871.0060992981,-9461.9856454561,-9706.3289352253,-9270.9080172934,-9149.444498029,-9938.1936154225,-9610.2936502934,-9328.8650044043,-9276.3957867579,-9157.3334694094,-9393.5258253704,-9823.2990934203,-9446.9295362387,-9219.6762985747,-9716.4642877435,-9249.7694997257,-9777.6454626435,-9210.6276802067,-9350.777246422,-9555.0885332531,-9525.6206893399,-9288.5128334663,-9825.8219238235,-9539.9980374897,-9467.9667959458,-9627.8426262445,-9817.6353048544,-9170.3186049364,-9561.9594476534,-9945.8111847619,-9532.2838819449,-9385.6636230397,-9096.2496470256,-9489.0111567724,-9675.4685909664]},"Model1 ll":{"0":[-19683.2510113724,-20237.3638606681,-20349.1639180652,-20261.5568020236,-20353.2926424281,-20529.5719444021,-20988.5348489523,-20667.9693916961,-20197.7805179159,-20838.6891658543,-21032.2666883326,-21476.9715183403,-20630.3246075195,-20459.5600869639,-20538.4000153356,-20961.4488034654,-19974.1303947968,-19616.0964493881,-21020.1605751486,-20792.5776569633,-20153.579866575,-20302.7073721797,-19539.0509564827,-20877.4310862825,-19469.9322034818,-20409.4910838213,-20523.0190703108,-20121.7317555157,-20633.0398876099,-19765.91652533,-20760.5573076996,-20484.6776621845,-21057.0956781734,-21349.1219053008,-20586.4168524486,-21126.21157864,-20674.1730721647,-19929.5750745323,-21052.8633195575,-21014.6431417632,-21378.8636402469,-20622.5664319173,-20654.9384310853,-20809.5030064672,-21176.8115032462,-21314.9088593853,-21334.62470593,-20053.4522419721,-20018.85134234,-20499.1968907964,-20090.2652310855,-21074.1206642855,-21057.3643459174,-20075.5770009166,-21072.2385796507,-20512.2824274997,-20666.0171756625,-19962.9440941397,-21595.9570126447,-20884.3723698193,-21355.3727370418,-20792.6069221514,-20588.3384572454,-20834.165702223,-21278.5504039694,-21170.6670311509,-20560.7738860231,-21008.5483431314,-20315.0192212437,-20050.7762307051,-21291.9685561695,-20895.4641094482,-20415.6870084326,-20305.5236662714,-20107.8527433929,-20473.7371823851,-21203.8086103636,-20568.6558013322,-20175.2268278715,-20918.0273671962,-20180.1366386573,-21100.1617352532,-20227.8330788245,-20405.781911247,-20649.2649016115,-20607.68738233,-20298.8355403712,-21212.6483053721,-20643.3022199472,-20614.0755149585,-20789.4136241661,-21161.6961365593,-20066.9792092721,-20722.8282581739,-21370.6150462747,-20711.1959082995,-20415.1807418274,-20007.8379533501,-20634.5800696726,-20947.6604754827]}}