{"Tau":{"0":1.0},"Kappa":{"0":0.0158489319},"Positive hit":{"0":0},"Model0 ll":{"0":[-11928.8137277473,-11645.4767838364,-11350.2818684577,-11269.3148839336,-11056.6872159632,-11669.078198079,-11438.0458630687,-11284.5897958936,-11346.879931511,-11716.8132210456,-11634.8443919486,-11674.0567597917,-10673.0344200223,-11258.5133523058,-10973.6707297148,-11077.7657198663,-11674.4268267059,-11109.5252607967,-11561.6936744063,-11536.4677882722,-11791.1350747982,-10851.4221653305,-11415.6542338671,-11158.7226342586,-11815.5523987618,-11161.9492403801,-10961.6629844973,-12184.0242833649,-11379.4089980809,-11404.5635102157,-11834.3046808969,-11564.8405213881,-11908.0160707224,-11516.5754793561,-11449.8710459905,-11257.4054406294,-11781.2369795052,-11599.0897218688,-11238.1446889601,-11932.2896374298,-11774.1053277313,-11506.1990502705,-10940.0017490375,-10715.0048545933,-11376.4751377964,-11768.9826834755,-11808.0526227653,-11396.1543981604,-11116.4991966958,-11497.679669607,-11890.5322771702,-11563.6411458653,-10967.3554218004,-10994.7010084755,-11572.148747038,-11222.7718459788,-11572.0924445551,-11423.0735766179,-11868.5138802671,-11781.4777166484,-11444.8606893527,-11268.8276478156,-11691.5241688706,-11331.9837806741,-11667.4108727689,-11235.8803620941,-10829.6644550882,-11270.5143423845,-11449.2512560313,-11651.5845281556,-11805.132618661,-11102.2991618834,-11505.2767451998,-11424.1818471653,-11140.0291858929,-11580.4774198974,-11195.3630829136,-11204.6749189967,-11484.008039165,-11434.1733920677,-11534.1318504675,-10510.5688224365,-11401.5599460118,-11129.8606647218,-11959.0865556438,-11649.0245080175,-11889.4403206013,-10989.0247266687,-11288.5890972191,-11456.8990612409,-11800.6032141937,-11899.1835885855,-10799.0746180844,-11188.1514364814,-11390.3225057282,-11035.781558224,-11445.0498191112,-11134.661249718,-11795.3612509329,-11738.7312364038]},"Model1 ll":{"0":[-31085.3690823323,-30519.0749244479,-29825.7332260893,-29739.2477453614,-29483.9389501941,-30479.0775463516,-30466.4799370856,-29955.0370355686,-29964.2823830847,-30603.1890964958,-30578.794580928,-30755.3568300793,-28641.2030381804,-29787.15970687,-29353.899197509,-29523.0858746875,-30858.3173716719,-29643.0433450152,-30552.5652277333,-30203.3549808971,-31023.2102587684,-29403.1301440725,-30140.2110515264,-29992.5772236582,-30825.1593238566,-29764.8975513987,-29984.5618838898,-31406.7567861793,-30025.9112074078,-30133.094952106,-31496.5634318308,-30351.4167249245,-30904.5675635708,-30507.122044076,-30273.2963790158,-29587.3004074636,-30847.5734260858,-30392.2408539936,-29616.8709930384,-31130.1106137916,-30643.1573110456,-30310.1966992143,-29622.0169221703,-28702.4244184544,-29792.8757722562,-30906.7361207628,-30694.4859937108,-30777.3343399039,-29439.6863218905,-30269.454635727,-31133.5253788825,-30442.9545049929,-29242.5425262139,-29626.2278095485,-30579.5389513882,-29832.5259398162,-30315.7222647185,-30371.7764871958,-30960.1715139487,-30810.7968189237,-30337.1402258586,-29834.7724137225,-30798.7477295439,-29905.3506960735,-30544.5375989569,-29775.1820774693,-28927.2750512014,-30091.6071435848,-30122.805871671,-30532.9423391616,-30906.2825504578,-29766.4014574339,-30287.1227460523,-30027.2779319211,-29605.3533333537,-30417.2829722254,-29795.0270801684,-30061.39557402,-30176.9136340739,-30711.6305212586,-30364.2967488277,-28374.3688798026,-30317.4380905744,-29414.1396457358,-30992.8213209809,-30439.9660213422,-31060.2840734657,-29188.7689947923,-29741.517770785,-30052.9664625074,-31191.7830732022,-31054.6674806397,-28879.3946072787,-30049.3422798831,-29955.5923640886,-29380.983586719,-30107.3672856455,-29364.360123509,-30747.6619435833,-30768.5257474563]}}