{"Tau":{"0":1.0},"Kappa":{"0":0.0316227766},"Positive hit":{"0":0},"Model0 ll":{"0":[-10554.4165075579,-10711.0247190915,-10510.0051526961,-10731.5035632017,-10269.3325449544,-10662.1490025776,-10677.1336629456,-10661.4080429344,-10776.9978935097,-10557.5458499073,-10713.2098355418,-10646.3394155898,-10625.1385001846,-10412.5731588315,-10557.9283166725,-10585.0364061608,-11120.7517853538,-10655.0697798502,-10741.9793498532,-10520.5745134581,-11273.1121348108,-10743.7179128667,-10766.7039695991,-10474.8164694878,-11265.7675994483,-10257.6615573431,-11036.1957709343,-11354.7308878502,-10709.6879145875,-10745.2097199241,-11397.2882813245,-10973.3854219095,-9954.8874145812,-11475.4611948785,-10706.5332225214,-10352.1406277064,-10882.1958069065,-10623.0682706818,-10095.2198217955,-10650.8093127258,-11521.1888608398,-10488.1777441597,-11015.9664810427,-10599.587890686,-11083.3459807286,-10940.1294771111,-10939.6853305835,-10285.9113949381,-9839.3454626922,-10906.0698741389,-10820.1341764747,-10853.4560266379,-10367.341757124,-10762.4949516529,-11517.1570845038,-10961.9388885116,-10355.6532025076,-10514.044057729,-10797.7915569694,-10678.0761992557,-10195.2408140602,-10641.4981602743,-11103.5504390917,-10925.5532015989,-11276.1316567912,-10811.1990857687,-10608.7970563731,-10799.1325744206,-11099.2870805106,-10960.3061622275,-11125.0887397584,-10339.6079151899,-10290.4919831048,-10449.9930667515,-10431.3485370308,-10550.511817258,-10989.221153844,-10089.7113184349,-10574.0977406205,-10214.4113602965,-11065.3565956505,-10593.9761337741,-10676.5479184318,-10584.5144249079,-11240.1510034189,-10894.0465455323,-10779.585093374,-10395.2623235669,-10821.9631171683,-10865.7743256319,-10662.5231045328,-11025.7718693207,-10123.6471864638,-10960.0208200545,-10810.7871660752,-10519.5307460688,-11013.6043269075,-10536.8064356063,-10465.9111336597,-10966.3072741032]},"Model1 ll":{"0":[-29250.0761270071,-29133.6309204578,-28831.4613213261,-29693.3609086898,-28314.2440379355,-29416.9321632882,-29156.2970440669,-29424.462407206,-29543.9403424086,-29017.076279986,-29373.5584047523,-29130.0905068256,-29988.3278240165,-28672.7411465317,-28929.1684296649,-28960.1517085468,-29957.6035751147,-28887.0648413877,-29261.3387850193,-29001.4048045787,-30381.7590940739,-29112.8279209913,-29402.5362674024,-28714.9998282648,-30368.186449647,-28247.1932748627,-29899.7600488133,-30560.4777819631,-29737.4598524753,-29414.5641595189,-31163.222224212,-29577.5660770194,-27915.2712736662,-30522.4991094702,-29256.493255197,-28666.7047802548,-29467.3212943999,-29175.4630240005,-27916.9999990847,-29260.0852589356,-30911.2585755069,-28894.7360705117,-29654.9674209711,-29267.1632086062,-30321.1924300011,-30004.4714436546,-29494.7829585287,-28256.9010211146,-27462.9933764107,-29503.120549338,-31182.8144917251,-29488.7365225697,-28455.0540469806,-29172.9810689299,-30652.7909550535,-29785.0741610922,-28768.56327717,-29037.200897012,-29263.5163292241,-29276.1168718607,-28320.3305620148,-28840.9195419356,-30494.4058367519,-29678.4470104573,-30557.9591718761,-29208.733968162,-29039.1202003537,-29316.1828047603,-30124.7933592435,-30011.446704904,-30219.7118628997,-28589.0608960116,-28478.5288133823,-29170.9804820379,-28775.2775994022,-29021.5167887197,-30027.1573558165,-27940.9241464634,-28694.5335383112,-28759.6189581262,-30417.6387102612,-29158.763737253,-29029.7577809659,-29456.4533263617,-30317.415725641,-29581.4601273776,-29281.6318649734,-28704.8677833317,-29316.7958112681,-29641.0328822231,-29277.0685546773,-29863.3772482135,-28498.0630782306,-29982.3153844583,-29346.716813076,-28916.715569691,-29903.2982775882,-29474.1472331576,-28946.8964646818,-29766.1532057352]}}