{"Tau":{"0":1.0},"Kappa":{"0":0.0199526231},"Positive hit":{"0":0},"Model0 ll":{"0":[-11451.4388807447,-10625.9911626894,-11594.6333256727,-11019.455033919,-11295.008301402,-11271.2347964545,-10765.2514066784,-11483.2204226745,-10589.0635351757,-10744.635185259,-11497.1184932631,-10954.1670146424,-10808.4445295552,-10228.6083286059,-11103.7903013031,-10847.5316961429,-10877.5507456223,-10863.3727877813,-11521.6957434786,-11100.1256382973,-10868.1208114267,-10621.9714594102,-10855.3132964228,-11389.5806815149,-11006.0869366468,-11583.8089588231,-11103.4154382259,-11323.3363098989,-11666.4033941603,-11391.5303209562,-10914.8312293699,-11308.381679898,-11454.6203514362,-11574.6557109276,-10761.7051130313,-10845.406775779,-11111.8330578234,-10908.6317880923,-11429.8591980592,-10826.3264033228,-10791.7868606697,-11319.4261192892,-11477.4885525901,-10716.8118597462,-11287.2703686524,-11248.8369570607,-11451.2522791154,-10220.4148664209,-11313.8181873598,-11291.2090957768,-10993.6574818038,-11465.9706635987,-11361.8547649723,-11347.6566178101,-11636.7901564686,-11234.6512972374,-11243.3843070691,-10660.4177622403,-10692.7747267008,-11032.6009409047,-11356.6156651118,-10539.0074915206,-11146.7030623511,-11610.888309776,-10856.5058965841,-11080.873692595,-11357.7304267256,-11202.9439283336,-11156.152734836,-11074.9563676434,-11302.0481461321,-11130.3496447604,-10912.3794946971,-11174.4980028294,-10638.0288314149,-11298.9582720573,-11088.8467851953,-11070.5483622387,-11104.6461718644,-10767.2640489981,-10851.4125009838,-11540.9669332086,-11026.445027816,-10940.2290877505,-11033.0236572599,-10967.8413283465,-11171.0754136132,-11371.5631999062,-10774.167927662,-11304.097029688,-11188.4624718881,-11347.8388256959,-11152.3501211583,-11564.1840707396,-11042.2459977288,-11274.7210483252,-11111.8643340644,-11429.8784104668,-11332.0323128626,-10973.6195151756]},"Model1 ll":{"0":[-30327.7134611442,-28657.2550486567,-30456.4127689119,-29598.4018224856,-29879.1652820453,-29905.4618637235,-28972.421157888,-30532.613991618,-28525.2107300446,-28925.3642602358,-30426.4715671468,-29532.4274282569,-29083.5115421115,-28063.5863495425,-29480.7151392707,-29060.6256455674,-29064.6112501499,-28991.2110680616,-30939.6508769295,-29982.7924216743,-29303.2141448293,-28570.7626043527,-29482.8869504339,-30203.0775722627,-29418.2820025608,-30465.558945959,-29604.2608235008,-30308.2057260936,-30596.1449722339,-30080.5705276709,-29222.9529860884,-30024.9771124898,-30169.6527261003,-30417.0102251202,-29175.869738029,-29285.9500374024,-29811.799893909,-29358.2596407639,-30325.58875886,-29020.8041286458,-29027.9760495614,-30333.4719931287,-30244.7154801405,-28933.9037407519,-30123.507133947,-30526.0721798583,-30667.6501920646,-27934.9359572954,-30067.3849346288,-30027.8562951733,-29547.5485705217,-30288.7218158781,-30152.9303313808,-30106.8993994701,-30812.0565902882,-29770.0939911162,-29902.4326430667,-28702.8604990085,-28920.0532580536,-30160.8359355302,-30193.9862241005,-28722.2088633994,-30097.9134831008,-30557.6873939148,-29188.2227611098,-29417.7461914543,-30506.0682206476,-30258.0839823101,-30355.4711223947,-29788.8428716985,-30003.9706527635,-29866.3969154441,-29538.0072681391,-29892.4454416386,-28879.1892700711,-30066.3955041149,-29550.1175371475,-30008.1863105036,-29504.6873780879,-28923.6507893092,-29102.6426553602,-30475.959118373,-29515.1995986649,-29099.7924253523,-29459.0672413578,-29297.8014617108,-29894.4398745875,-30006.8164141506,-29024.5156144735,-30172.6555086475,-29793.1492697222,-30523.8980806528,-30076.8968596767,-30402.6311802688,-29433.0041368478,-30456.0179067018,-29642.3912723009,-30629.9581866025,-29985.9480129566,-29508.3542117861]}}