{"Tau":{"0":1.0},"Kappa":{"0":1.995262315},"Positive hit":{"0":100},"Model0 ll":{"0":[-3325.361917273,-3631.9565999598,-3550.2777856306,-3665.2094319297,-3858.6888355378,-3405.4587086621,-3455.122016551,-3237.4498952819,-3579.7385989558,-3390.6032316665,-3446.6815049585,-4055.8217480497,-3404.0087862917,-3505.7053442251,-3030.4903770862,-3393.7919229025,-3873.9341902437,-3222.9629714277,-3637.9958905015,-3529.5684486901,-3691.1655323892,-3345.6290335408,-3410.2685210656,-3319.6899969217,-3479.7003649034,-3322.9847389273,-3463.0155220343,-3471.8547563611,-3306.6292468153,-3299.8441608342,-3405.9831717927,-3347.7445154427,-3728.3163040556,-3635.2154357234,-3549.6930214624,-3455.9579075928,-3736.093708992,-3809.4643452492,-3433.6819875243,-3618.2786986752,-3231.3691650433,-3515.697685424,-4098.7703575578,-3552.87805115,-3603.7444451946,-3510.6031255619,-3334.8456422874,-3579.7634624716,-3349.0213378558,-3840.7940816314,-3307.5624654497,-3708.505456931,-3461.1425373795,-3541.5344077928,-3501.2446385063,-3737.7818962774,-3349.2695660145,-3198.1201874411,-3569.8995618006,-3397.9672579234,-3357.8408538356,-3486.6625163715,-3701.3111990271,-3245.6191306285,-3237.0585996961,-3671.7775266606,-3828.9201382973,-3426.0605986843,-3475.8426022563,-3260.8731616935,-3588.2860629441,-3501.8149572034,-3576.279251862,-3404.1811619995,-3383.3772580595,-3376.1791712767,-3680.6885989681,-3358.224760758,-3217.407407355,-3651.1010260034,-3604.3375103372,-3325.0518959742,-3408.6873037123,-3835.6610810153,-3361.3780681452,-3547.244443108,-3443.2628402422,-3534.882873337,-3436.9493970245,-3536.8865267145,-3408.9595672911,-3571.8146296387,-3550.4852034063,-3554.1089191989,-3527.2960584441,-3262.265437906,-3906.1082564046,-3601.6649509125,-3498.5512513843,-3488.1323839888]},"Model1 ll":{"0":[-957.1656766364,-742.6459316895,-946.9234196364,-726.983418241,-780.3118332976,-864.2323083383,-856.1205628437,-878.5980979758,-963.4358126731,-894.0004305006,-868.1475967661,-762.0033083453,-914.2673061288,-823.069668331,-928.8382956076,-837.6416474079,-755.7396399528,-895.8039926179,-813.3125467293,-775.849695233,-730.6454351953,-860.9517017663,-896.3281016995,-890.4032404605,-953.1533120007,-827.3665844664,-935.2165695214,-888.5930820912,-848.8293785425,-875.0224084512,-948.8518638637,-926.6156193167,-753.2511750715,-765.6460901913,-881.6276301659,-925.8706743951,-795.6613294633,-738.0140093498,-879.5870891094,-847.7652188131,-928.6307181984,-806.0829627401,-681.3292735687,-796.5272141674,-787.1839501134,-720.4068452309,-853.2135876714,-773.3734761654,-873.0608729333,-860.3190775941,-842.7734307417,-785.0327703524,-926.4884385093,-850.6593208515,-886.1312989731,-801.0946247802,-851.0712368806,-968.7200735022,-905.4617580608,-842.6044209272,-935.0239579786,-831.8340649536,-807.4567070241,-880.8320294065,-931.396507409,-747.9788239185,-803.2495151891,-898.1342565849,-905.5066390371,-950.0271385246,-745.9223173885,-820.3730899675,-767.8741894199,-776.9459641777,-872.9496114648,-836.0678351331,-673.2096414303,-875.1957236806,-859.426108204,-797.1380301853,-733.4105447638,-870.6223089574,-932.5526976105,-817.498911128,-927.1511358905,-899.6405368178,-823.0738653264,-845.4859692218,-827.3416639742,-772.7990945032,-837.2473374678,-769.3692899531,-710.3291966766,-791.9255873187,-849.8033867195,-932.4457106722,-839.0558835702,-791.3568852935,-869.4976261431,-811.0931824021]}}