{"Tau":{"0":1.0},"Kappa":{"0":0.1584893192},"Positive hit":{"0":0},"Model0 ll":{"0":[-6709.5715385268,-6477.6258031853,-6520.6815754047,-6654.5507347998,-7329.8455101472,-6938.8627940361,-6850.6735012872,-6249.3956216175,-6762.0106923435,-6976.6505296891,-7159.2715122566,-7059.6117759238,-6663.914626256,-6817.1058179194,-7203.3060296688,-6726.540220891,-7127.3631823783,-6957.9478425405,-6495.0312209964,-6851.3125983204,-6558.9966756308,-6717.2662926806,-6940.0788943682,-6988.3518152923,-7133.2582277202,-7129.8761236193,-6881.8975962231,-6704.3505412889,-6835.3354677934,-7048.9818049931,-6905.4906642334,-7019.2488204177,-7114.3939239837,-6645.6771053116,-7109.1394168592,-6771.8503400698,-7145.340237061,-6587.0651675289,-6724.6470454642,-6786.3972542834,-6776.0602969814,-6997.5794353403,-7099.4621118366,-6818.8973604666,-6013.8349269882,-6825.0461873033,-6347.1628444626,-6518.2095223202,-6821.1228409813,-6933.3183118926,-6726.1314370612,-6766.1883999245,-7055.4878186018,-7191.5633772876,-7081.1887672808,-6908.9306410223,-7201.1934070175,-6142.1758420553,-6722.6734573741,-7122.9920406722,-6582.4165727849,-6672.4548807969,-7030.7700059026,-6928.7561657337,-6363.3634459718,-6640.0093224444,-6594.5783876218,-6878.5027854413,-6458.9721161024,-7198.8430544577,-6849.4808938968,-6974.7690875229,-6677.1801453693,-6216.7339708132,-6954.7755113388,-6854.0805834206,-6600.0930269478,-6765.8298126785,-6655.5800259166,-7081.223755231,-6889.9302114501,-7480.0488112568,-6721.5841385325,-6518.468331021,-6929.3300799282,-6361.427088289,-7166.0444118897,-6831.8113001638,-6542.4485030604,-7184.2810272253,-6553.4658540392,-6779.0074083875,-6627.5477162615,-6893.3577234938,-6532.6111847868,-6927.9882065578,-6897.4626692416,-6642.0186377089,-6850.9866747408,-6001.8127923991]},"Model1 ll":{"0":[-17093.0363388614,-16765.9729407595,-16759.9699181251,-16993.0624397124,-18136.2309161097,-17517.3603170319,-17406.8447994183,-16249.4005261724,-17127.6243342237,-17653.9194357047,-17909.3571099055,-17762.955957933,-17068.4937722614,-17296.8393272386,-17963.7151272065,-17102.3851739433,-17864.5004799457,-17526.9247445924,-16795.6183404508,-17420.9197569136,-16934.3153001276,-17124.736983274,-17551.5255515702,-17558.2761191021,-17857.5508915301,-17858.98846179,-17380.4482080753,-17094.2050805666,-17404.8276875946,-17766.2155337162,-17479.6834410814,-17668.2555044842,-17738.2285574572,-17035.8245480293,-17846.1823055031,-17193.6631612209,-17854.3423018921,-16979.5814513325,-17174.363682891,-17290.1379357718,-17207.1467845193,-17602.5836508164,-17803.3691155977,-17284.3956506906,-15871.0827225801,-17330.1335109914,-16447.7225874569,-16781.3711207509,-17260.091642329,-17547.9735092315,-17225.6595678057,-17276.0640007421,-17707.2734561338,-17923.4613945728,-17708.914380088,-17512.5521454858,-17930.6541456192,-16121.0980868102,-17158.624371514,-17781.3156907508,-16888.4861162451,-17046.2554683849,-17632.6123233211,-17535.3382989878,-16566.3738692462,-16928.444655442,-16903.9521444017,-17529.7059382153,-16657.3881461098,-18048.4014564556,-17306.350990858,-17607.1443134046,-17057.9541828102,-16250.6810276855,-17581.0843358986,-17266.5772855004,-16947.8783581268,-17212.9227471741,-16984.9824495375,-17803.8324960846,-17376.7910069489,-18464.2995364982,-17198.9790614621,-16749.9323633104,-17528.62618334,-16495.2198764812,-17786.2051265827,-17298.7880731303,-16834.6821119929,-17844.3401369394,-16824.4567942216,-17331.060605383,-16976.5896738854,-17374.0355343074,-16806.7129542551,-17495.5953848689,-17469.7572053227,-17097.23562899,-17314.7616720899,-15837.4173499175]}}