{"Tau":{"0":1.0},"Kappa":{"0":1.2589254118},"Positive hit":{"0":0},"Model0 ll":{"0":[-454.7711494267,-428.8999478584,-499.0248521222,-431.6614099406,-303.5163015344,-496.7634433445,-437.3473639128,-536.6719571989,-551.3382722562,-515.8672647155,-466.4973558118,-352.4673928519,-412.2633257066,-482.0121939119,-476.6570502371,-380.8639051583,-492.7617464177,-366.8065355139,-405.8639296274,-433.9726224914,-420.2465740891,-477.0332306599,-352.9756273697,-432.0415478661,-455.2570919436,-478.8588049539,-400.6351562036,-394.1651184337,-524.7481203187,-487.7407207381,-441.7161708932,-408.317651604,-401.8985139154,-434.874920788,-639.1545692628,-372.4805118951,-409.9578339902,-453.70793448,-336.0085863064,-496.3634833505,-394.8993039656,-433.822594946,-347.3283725354,-462.3295062484,-387.5461263656,-423.9459372816,-377.7919550367,-408.0199325422,-437.668221403,-462.5877537995,-399.7003322992,-445.4317209282,-455.0292944082,-453.4836628563,-406.2029849011,-529.1461231059,-411.3577203739,-436.2441230342,-438.4731549067,-390.5211977906,-642.6600244395,-267.1567939636,-448.8057036296,-380.1697859335,-383.9606816755,-379.9844219105,-446.3961578527,-445.7527441015,-440.8888168492,-368.9024788445,-415.2569424224,-389.3701954611,-420.8887360194,-568.4813469594,-509.7287076836,-414.7801540883,-356.6406324321,-433.2492907841,-414.7013143073,-311.9804790653,-395.7874272835,-385.7670101159,-487.0896271615,-419.5486042249,-441.739132597,-429.4278014887,-366.5682176298,-475.4470035828,-451.0216430584,-438.9931783312,-411.9572628726,-377.6728357988,-328.1571973904,-492.3566381419,-460.9979932556,-565.9975847255,-515.8544049864,-423.3964034701,-473.0339005623,-457.4527817321]},"Model1 ll":{"0":[-2872.9864298845,-3063.2410153906,-2923.881268917,-2999.2632070621,-3468.4651608344,-2760.7786461403,-2958.576141654,-2697.3635207351,-2684.9077078269,-2739.4741062914,-2967.189335456,-3242.740988625,-3151.0072701049,-2801.3893517784,-2917.2385800473,-3164.0285315548,-2765.7791528646,-3164.805751896,-3018.7104288732,-2894.6472807621,-3029.3237308342,-2852.7396636067,-3216.4400375051,-2958.7984124707,-2953.5451519114,-2806.7206893955,-3147.9686208481,-3050.9611795072,-2694.4723688695,-2864.7669313649,-3011.0399278121,-2978.590079984,-3091.62247007,-2925.8149814699,-2502.7341756252,-3094.1124086491,-2995.0676860717,-2963.1607542354,-3254.7633942506,-2846.7735795476,-3095.5830412651,-3021.3120112064,-3298.4876611008,-2906.2040605698,-3199.9579641625,-3034.5363950362,-3151.147917832,-3080.5820086524,-2949.8742457736,-2974.0193244927,-3080.3879074402,-2909.6172486235,-3092.1709042539,-2918.6290013248,-3074.2453803092,-2777.8032916944,-3015.8349037289,-2963.243719754,-2929.7779922532,-3176.2595367837,-2628.7842587564,-3623.0311149839,-3017.6914696195,-3116.7031161132,-3171.3891219226,-3147.1595382317,-3024.0497851904,-2866.5540758182,-2930.8075738034,-3122.1307591667,-3012.5121287906,-3143.0342205536,-3019.3481563236,-2648.6183577084,-2871.2044133932,-3092.3860607252,-3240.2391860187,-3035.4420763419,-3051.9892323642,-3405.3849478073,-3134.5116923399,-3180.369732529,-2790.7800953913,-3071.6108585855,-2978.2732240248,-2970.9060052996,-3216.4996780712,-2833.465151697,-2863.5743616548,-2987.2959992065,-3005.7058673935,-3190.2782735532,-3403.5014029479,-2853.3083146975,-2893.8643778191,-2808.3345218451,-2862.7566481233,-3052.731594621,-2871.4532076753,-2938.2621519249]}}