{"Tau":{"0":1.0},"Kappa":{"0":0.7943282347},"Positive hit":{"0":0},"Model0 ll":{"0":[-283.676347622,-380.9042730363,-369.3082768483,-377.3919396972,-421.8011982694,-325.2325676619,-338.250164341,-372.4997157022,-373.3231545454,-357.7732315191,-379.5275967935,-350.5732231764,-372.3319188092,-356.9205017668,-375.9782043357,-315.3502709889,-397.1450767662,-397.3653426873,-418.6396007647,-315.2052980972,-322.4641556331,-345.039870514,-468.7191437755,-374.6202381317,-349.5054328068,-332.8499944589,-343.3191511749,-332.0436654082,-378.582956845,-280.8858379569,-399.585134751,-335.9228919891,-350.0517925473,-330.7485765953,-286.4794985891,-299.4183000896,-349.9983534622,-382.6716065849,-384.672270388,-353.4257645641,-294.3451025652,-452.5374038686,-347.6064871838,-329.1629172876,-303.8793732563,-343.3394900636,-315.5345914028,-396.6040100334,-386.1939837551,-369.8382576973,-429.2148332839,-272.926462779,-390.4651779962,-366.9965633176,-255.844012474,-391.1969531727,-303.1138349153,-327.7136994351,-357.532945562,-320.8536557878,-362.2234194501,-312.3593376787,-354.1151697814,-331.8591634005,-407.0897316895,-490.9314762923,-376.1545168058,-402.6932079757,-513.4897860501,-481.0908322008,-343.2694865417,-326.5264595832,-329.6931741574,-353.2651249455,-378.838473589,-450.9173969661,-370.0650134783,-284.6238917068,-354.0405174124,-340.9762222696,-307.2990155698,-391.5093315463,-384.9525868306,-305.7084131956,-368.1163337715,-388.6199701037,-364.0549286973,-385.4065620858,-304.380105965,-477.8384931679,-362.2183843858,-357.3548206857,-376.6123222831,-382.7943482239,-345.6601423583,-390.8829486948,-361.6706600623,-408.2988352443,-326.6195305697,-282.8001514703]},"Model1 ll":{"0":[-5859.3606845141,-6434.8110456427,-6306.0316176372,-6372.1305783185,-6491.6543019262,-6021.7948224462,-6224.0683337191,-6308.8679398839,-6388.8915904788,-6270.6387486672,-6394.0510701184,-6168.5528158511,-6380.649709731,-6148.9860557809,-6344.5404178298,-6084.9412052057,-6503.3932718408,-6387.5384420583,-6589.2941184614,-6001.0982913901,-6100.2478023407,-6199.302948899,-6779.4217330759,-6328.7432891674,-6231.6904918667,-6250.3478605786,-6231.9209833952,-6141.3737462985,-6427.7887053924,-5728.7257916642,-6433.8489486874,-6212.6182206504,-6251.93660066,-6163.940210713,-5819.1100694473,-5936.8021883014,-6223.4962004966,-6419.8699111648,-6440.3987936501,-6280.2322697014,-5885.5437369803,-6699.6580853883,-6232.1896130906,-6248.8501439469,-6068.6801075025,-6185.0322735341,-6073.2360612757,-6536.1021035837,-6460.7630918933,-6422.2658008373,-6650.7662997012,-5868.5250413114,-6504.0721206817,-6401.3882561795,-5753.0239852527,-6457.4355652585,-5957.1044422847,-6127.1624027963,-6267.4816405474,-6201.2411424712,-6345.4721690585,-6003.5942562936,-6190.1448811863,-6081.4565709203,-6564.4097052306,-6782.5046456982,-6353.4637648323,-6552.6273738093,-6965.4853638023,-6851.0007458923,-6165.9006211319,-6093.4880479876,-6123.1983509292,-6159.0220305919,-6361.136379914,-6682.4961098519,-6413.0313779579,-5823.5080060627,-6262.8159877137,-6191.9681099931,-5989.7492472312,-6368.1862107452,-6500.4006153594,-6013.7857852391,-6284.5478088267,-6389.2493965845,-6317.4407680747,-6446.8206439774,-5948.7530428917,-6761.2123325985,-6285.6831451362,-6295.62581441,-6285.6718517023,-6417.738165946,-6160.6397972207,-6439.7231281065,-6235.8363965295,-6469.2456724733,-6099.4237347339,-5895.2733380622]}}