{"Tau":{"0":1.0},"Kappa":{"0":0.0398107171},"Positive hit":{"0":0},"Model0 ll":{"0":[-10359.3923713779,-10346.4680415279,-10222.6503350132,-10369.6576591801,-9832.2616575174,-10226.2284968908,-10112.1443111482,-10324.1468701959,-10406.8740558178,-10198.2232924327,-10489.0539231668,-10422.6710866961,-10316.8516032207,-9797.1679334404,-10265.675289995,-11069.3225211034,-10680.3966185005,-10174.084426339,-10644.9434701511,-10555.0706947488,-10255.268837083,-10713.967752301,-10410.9201474229,-10639.5607780179,-10130.1734276418,-10457.4701447801,-10252.7840950424,-10600.5937354895,-10865.9872585167,-10649.9010730415,-10563.713584217,-10199.6988036841,-10400.3772502367,-10942.0290588497,-10464.4264672623,-10708.4730678543,-10312.9330368488,-10532.0732732117,-10365.2922585884,-10654.0129510427,-10945.591271988,-9974.6518812884,-10282.8686984693,-10514.2281194979,-10815.8838902506,-9925.5808002556,-10900.5918331407,-10422.2379155071,-10440.4726645417,-10443.6497734982,-10197.223306731,-10713.8556475941,-10289.7072776973,-10562.2200502269,-10705.004681839,-10977.1241298787,-10428.1518159413,-10452.1435129361,-10440.1326568454,-10865.4626225904,-10157.5799789314,-10537.5531602049,-9728.9048300119,-10042.7453151304,-10067.3254797497,-10659.0592710053,-9869.5181580991,-10050.0414936233,-10293.9577575678,-10010.6758861467,-10387.0892426307,-10244.4109920105,-10397.0277271841,-9992.4186554533,-10936.1828114254,-10690.0367253137,-10374.144054861,-10223.3692878254,-11001.5411968746,-9783.2712478467,-10449.9789022557,-10556.3035666309,-10118.7973606743,-9837.4720171841,-9734.7820264279,-10583.3559282512,-10600.9204500469,-10451.6577342178,-10501.2509775156,-10787.6508258248,-10100.1332093748,-10099.1908766833,-10433.3631333583,-10188.0352830658,-10063.398639713,-10078.2944152401,-10137.2875466527,-10938.0551354337,-10154.5973296301,-10569.7770503232]},"Model1 ll":{"0":[-28804.1821860492,-28793.1791371787,-28934.156609151,-28998.3913842162,-27843.7597595844,-28464.2350425205,-28375.1185052672,-29186.8332250309,-28862.2714862998,-28406.9016332949,-28885.6212900589,-28861.8262254933,-28851.6376196421,-27813.4834675857,-28789.6263435524,-29955.0765640126,-29710.5898445964,-28303.4227967543,-29332.2864879017,-29200.7339229698,-28403.0124696261,-29397.9940689411,-28831.7589722191,-29441.6431165066,-28763.6066558995,-29234.3583704166,-28746.8238816063,-29172.4810893581,-29754.9204826761,-29235.2716656906,-29466.4583710997,-28740.2673510637,-29181.7340993407,-30079.3986227917,-28902.3152611766,-29264.2287584636,-29046.9971934331,-29365.594893293,-28762.8419637722,-29366.0847397674,-29765.6512332868,-28072.1497904524,-28453.3100585216,-29097.9030205089,-30215.7670228967,-27904.1042495227,-29634.5004692319,-29132.4489435361,-28944.4903454372,-28756.5046191156,-28435.1029595049,-30242.9737988089,-28558.9485037438,-30142.2383341607,-29837.6795795632,-30106.4073135149,-28790.5327111013,-28966.143347965,-28919.4054041998,-30298.7420819706,-28400.5688852112,-29292.4419885539,-27446.5592217883,-28140.8946982806,-27991.776750802,-30278.2363329185,-27921.1675791299,-28317.8639314822,-21597.9696418871,-28237.6335169955,-29153.0235511622,-28584.6129890986,-29313.4912438288,-27977.3397027246,-29927.6848290892,-29793.1129522639,-29172.8210335249,-28467.3080685236,-29943.3609968241,-27917.8703545473,-28995.9878863321,-29489.7685489239,-28453.5350814727,-20877.9472222841,-20686.1881436817,-29229.8146846834,-29058.3861167399,-29171.3908818475,-29351.9096646785,-29371.0187311708,-28392.2900458767,-28322.2206319981,-28724.4625783612,-28721.3714886523,-28158.448981967,-28220.0484514449,-28104.5385241527,-29927.3269174918,-28264.4518026795,-29222.6917943439]}}