{"Tau":{"0":1.0},"Kappa":{"0":0.0039810717},"Positive hit":{"0":0},"Model0 ll":{"0":[-11789.6478101539,-11922.376970985,-12028.2846135161,-11545.8684392858,-11942.7758332536,-11326.286315747,-11889.001731088,-11832.5934402963,-11727.8043750965,-12177.2815602873,-12478.0735977043,-12102.5125458334,-11957.0207916381,-11880.4640765815,-12560.8307510355,-11542.9616045256,-12133.1006853956,-11844.6886893478,-12163.3308036897,-11743.7291226195,-11786.7901989632,-11824.8065499374,-12348.6780725782,-11495.6953217579,-11898.2268452787,-11539.5913582563,-12182.4026408489,-11925.2718137769,-12091.5069415257,-11975.2453379682,-11935.9115087912,-12362.7792565322,-11361.2259015187,-11412.3785015397,-11898.8557483525,-11936.657221072,-12054.3373562988,-12192.599759297,-12125.5211530606,-12004.7779532427,-11999.1980066957,-12199.6246723722,-11599.6958885453,-11929.488162131,-11966.347801447,-12379.551722822,-11718.0758408945,-11441.836229274,-12621.3599561067,-11541.5907555311,-11805.4460349354,-12072.3868774448,-11954.900392196,-12178.6288600302,-11842.7948750601,-12219.4682482722,-12033.7226049975,-11898.7644633355,-12110.6829644358,-12005.8642307825,-12147.4403269637,-11972.5689760931,-11784.2228198125,-11455.6910526641,-11798.8478484393,-12185.6318707905,-11908.3932236423,-12002.6028673867,-11996.6882288646,-11753.450872003,-12001.8064597754,-11987.7567036385,-12544.4755489396,-11893.1392160137,-12054.3519757401,-12347.150009395,-12475.4018421196,-11822.9035305065,-12286.454831895,-11358.0999173434,-12646.2566646889,-11999.7025693086,-11503.0105391661,-11786.0789756328,-11520.2946139188,-11782.9609885361,-12149.5300427451,-11992.1301648922,-12120.3458641695,-12069.3814466796,-11816.8988358261,-11865.1759381985,-12363.5223954368,-11749.1068106456,-11943.6017079938,-11739.4790905192,-12360.4485795902,-11975.173603152,-12230.7951850311,-11805.0419808834]},"Model1 ll":{"0":[-30423.1294220572,-31097.0591610164,-31414.2203033387,-29934.6967635952,-30996.6564042122,-29512.0759372133,-30799.0412514629,-30629.9769552573,-30195.8340261015,-31089.4960543603,-31702.7785249206,-30894.5716782426,-30614.3328168707,-30541.8042988094,-32078.6009157838,-30059.1423891689,-30911.6542280633,-30452.7221909459,-31427.5259973555,-30314.4143397869,-30408.7491037679,-30457.2094737797,-31554.6823596985,-29953.8115409289,-30509.3622676425,-29784.3519671385,-31181.2335845307,-30703.5188131329,-30771.4240975436,-31041.5852228732,-30518.7793849652,-31595.9552919502,-29532.1429624303,-30070.9422021375,-30418.9147666767,-30541.0864491262,-30710.1571039458,-31148.9922539784,-31136.4202633829,-30766.8479952206,-31227.6816488471,-31362.105603759,-30092.4338663645,-30621.3553051003,-30809.2265330127,-31613.5760610779,-30320.657005484,-30150.751651512,-31910.0572897417,-30012.1754133335,-31076.4505103912,-31299.8506395535,-30807.2187790386,-31302.627526069,-30685.0996432865,-31494.2671255324,-30987.2666803192,-30937.8270498328,-31009.1303395702,-31218.5796537099,-31074.8655579774,-31111.2361786616,-30185.2654547876,-29762.6200178496,-30608.9448284562,-31124.8916186187,-30699.3691999356,-30888.9345554125,-30860.1292636696,-30670.861337446,-30732.8462373818,-30866.4953637954,-31698.8288315802,-30574.558661787,-30931.331909932,-31411.7853031793,-31879.7990986905,-30439.6573523589,-31351.1776190744,-29529.531832661,-32068.7849702535,-30891.6416960513,-29871.6073667689,-30459.4503995282,-29847.3933502767,-30409.6030955909,-31003.7828737432,-30684.9858272873,-30967.9653479545,-31145.4968133476,-30562.9897402717,-30727.449207831,-31675.8949641228,-30269.5714511067,-30719.9569576712,-30978.2104454574,-31359.3314868747,-30594.9173390401,-31285.2316667802,-30507.5753637325]}}