{"Tau":{"0":1.0},"Kappa":{"0":0.316227766},"Positive hit":{"0":0},"Model0 ll":{"0":[-4144.0337518114,-3510.853804036,-3804.1589469814,-4101.9332441198,-3675.5907574527,-3808.2930337781,-3781.4363335467,-4081.6124203099,-3678.2837217816,-4109.7306082549,-3763.0561848564,-4173.2776557979,-3750.9879039378,-3439.2170712528,-3832.9507228561,-3561.4092500195,-3970.1308243212,-3441.0259028244,-4206.6856947465,-3712.4075297247,-3793.0076007863,-3737.7051024142,-3720.3010553619,-3717.2466378505,-4146.515568553,-3667.156907109,-3668.4036054269,-4096.9468690466,-3431.5129352215,-4045.1733603515,-3947.207908906,-3888.6452950697,-3781.417424986,-3555.7569656555,-3748.0221695528,-3837.6794839779,-3654.4620810534,-3815.7847172635,-3916.9665209193,-3272.246991397,-3587.3169431454,-3813.4548554961,-4034.1861566455,-3957.1984680591,-3771.9980795679,-3722.3357535134,-3692.5992199353,-3823.3891949351,-3746.828349317,-4052.3230974944,-3797.6210103462,-3324.8897152439,-3918.0079739875,-4286.7859813381,-3826.631530969,-3656.4078646182,-3568.4103901247,-3494.3450664233,-3304.9182911406,-3767.48132323,-3812.6583766206,-3815.0917361209,-4249.74311381,-4092.4158396546,-3960.7087214867,-4041.7953246675,-3722.6280152771,-4127.5101968218,-3885.0549077919,-4184.2256084303,-3967.3133638522,-3901.1747060755,-3989.7490729723,-3845.9504400147,-3740.1998235498,-3973.344923294,-3516.2976771331,-3597.9082358004,-4209.7753342601,-3853.9535371017,-3727.3681633985,-3915.0066617655,-3646.9311840962,-3592.1282118375,-4083.9799926582,-3792.6817143223,-3897.0783092736,-3907.8030467445,-3774.3516057646,-4379.2689772103,-3679.2273419436,-4002.394483753,-4046.0160662173,-3992.6571122577,-3905.5565844614,-3483.1399986825,-4020.9604407796,-4054.2660356227,-3761.813839085,-3766.7495657738]},"Model1 ll":{"0":[-13742.9368145441,-12523.6963842958,-13110.1339572151,-13656.2907620757,-12846.5996161498,-13103.4906974621,-13039.2576491014,-13592.2467161068,-12875.9112226428,-13637.7793886056,-12974.1569123442,-13859.6210607732,-12969.6783462848,-12347.5231368967,-13164.3166024697,-12646.0481159779,-13443.3177268637,-12273.5702236609,-13815.9202552196,-12907.6469648394,-13179.0844304087,-13012.0828906579,-12935.9036518352,-12897.5446838177,-13743.0629187737,-12777.6559060348,-12845.4529354229,-13715.7414370264,-12300.6131493435,-13539.5568199485,-13407.4304831288,-13302.0478266693,-12985.8770564661,-12577.735078216,-13023.8201223883,-13106.3786393077,-12852.0853974428,-13115.0515734147,-13385.4465619462,-11991.2352342206,-12679.1278404825,-13113.794155816,-13641.1096846304,-13470.2447075508,-13054.8622462852,-12955.0030187376,-12897.836940558,-13099.2201252212,-12996.5931851887,-13526.7550697751,-13101.0837811053,-12073.2307705142,-13352.9261607633,-13955.8851819474,-13131.1767442475,-12805.758233045,-12627.537735909,-12362.0204397606,-12073.4898371763,-12980.3671968349,-13152.0162048896,-13187.5820547439,-14026.2784342575,-13622.3733592821,-13342.9326333455,-13595.887081933,-12933.5832995731,-13703.131956409,-13266.080294544,-13843.3601834126,-13432.0227117646,-13246.6197399149,-13479.3770917012,-13250.8362333204,-12930.4730399575,-13387.1417590142,-12495.6682414744,-12723.577747962,-13841.988957736,-13226.3270775129,-12916.4295994429,-13346.1804006706,-12765.4494243687,-12722.4882571598,-13638.6080860699,-13149.9044951158,-13299.034018277,-13304.3474554215,-12971.2609379027,-14196.3525692914,-12862.2028024783,-13526.4547480462,-13541.8346330515,-13525.4142619924,-13277.0038468848,-12317.6735222492,-13507.0340460349,-13503.0864139093,-13012.3976270703,-13021.6202021533]}}