{"Tau":{"0":1.0},"Kappa":{"0":0.6309573445},"Positive hit":{"0":0},"Model0 ll":{"0":[-899.6786942316,-969.0442102299,-985.7753089467,-946.2297815282,-984.6844504385,-849.4347046192,-1078.3228928265,-1126.2280221863,-1101.9831551532,-817.237163766,-983.704686846,-881.1259909393,-1018.0895173781,-872.2443299909,-1000.8099437992,-932.9719110048,-876.7038433575,-976.5390200804,-1046.0283821701,-1178.335678419,-1002.5091454232,-1133.63739205,-889.0727107493,-1106.7886911457,-953.5685042192,-1105.5574554996,-1054.9996689447,-780.034000448,-939.2456132297,-1012.9119942496,-1013.9152352307,-846.9610492993,-1037.353182729,-871.5393159829,-1115.499988023,-907.5093545887,-1044.8121832216,-882.9773087601,-1090.0347361767,-850.2328235822,-1007.0135628885,-922.3475153115,-1102.2122010378,-1023.3939221738,-905.375927002,-976.7789794351,-1095.9309129102,-892.8576902589,-1065.0322278231,-1021.4013044042,-1082.8631411264,-1042.4173402395,-1082.9645887232,-1036.3720669646,-875.6067570292,-970.8111315702,-999.9889626642,-980.944891562,-934.2441527502,-971.6444776171,-1004.4735775877,-1072.4258209998,-1080.2618163489,-1174.7085171497,-1095.9726601906,-868.4767964698,-957.6515883484,-1072.6300766793,-1073.0459862548,-1017.4666360539,-1043.6235242876,-923.8612554365,-1042.3747447577,-935.0238961199,-982.5257466304,-1109.9374593361,-1164.8243963739,-810.2704739071,-995.1477862391,-814.698473951,-993.180102916,-848.5090656547,-870.3881056055,-738.4167088883,-833.3967626884,-1056.1337630025,-684.3122070922,-927.5746392812,-1021.4126585785,-1069.1720203911,-1030.9945766979,-894.804010414,-920.5491925742,-967.0033131595,-1016.6492148701,-1057.5780729805,-1001.516629189,-878.6437900113,-940.3024497123,-873.8008963371]},"Model1 ll":{"0":[-7841.9108888682,-8052.1091364619,-8122.2045103142,-7974.0635732259,-8101.4344489723,-7718.1227724565,-8383.5896971962,-8541.2441633014,-8431.349693721,-7509.0095350295,-8087.659556192,-7782.5908098018,-8143.5221252527,-7791.0834478396,-8132.4509849657,-7862.380833757,-7785.4014607778,-8079.8824826113,-8282.7773325626,-8626.6357238989,-8206.9017387238,-8545.0818994412,-7811.8310734032,-8435.706899423,-7901.6374377982,-8445.2822983557,-8401.0599941501,-7428.2077931333,-7950.0721889113,-8251.9710174634,-8257.5940443372,-7715.4813455859,-8191.8781093777,-7785.7082188973,-8453.5490343265,-7871.3377709046,-8292.4875001452,-7730.0544705702,-8418.24833412,-7736.9156941444,-8147.6449809402,-7885.118543953,-8419.1161249086,-8283.4242417432,-7835.6312653531,-8084.9835114231,-8435.6920399334,-7758.7994173737,-8464.5188607749,-8209.8116427973,-8415.0603254683,-8213.0562023618,-8396.1267348348,-8274.0204718949,-7726.3035013843,-8136.8058415642,-8097.3627764049,-8148.2200893956,-7920.8930931865,-8080.1385075177,-8130.7271017466,-8413.3308164135,-8398.4499464873,-8654.4827130097,-8407.4364682926,-7764.5573356189,-8026.4152468466,-8378.3167514464,-8419.6287500458,-8205.52345486,-8231.9944974203,-7864.5618280192,-8300.7471042076,-8025.4934365129,-8101.9315415695,-8491.0918593291,-8491.8028353251,-7544.7076700213,-8204.8562688784,-7518.0572161222,-8176.4512021513,-7652.767118583,-7694.857306024,-7266.2901998186,-7729.6878434959,-8307.6443544144,-6985.5265323112,-7895.5548657872,-8195.3462813412,-8306.8086722489,-8261.9541474866,-7759.7764942248,-7941.9077441904,-8014.8836587344,-8212.2755970358,-8301.4176190872,-8201.8468403469,-7780.3154878334,-8012.8721581463,-7724.560034769]}}