{"Tau":{"0":1.0},"Kappa":{"0":2.5118864315},"Positive hit":{"0":100},"Model0 ll":{"0":[-6914.4476677655,-6761.3296147188,-6362.5506459712,-6687.8669887637,-6113.3760269854,-6484.5455935352,-6343.1930070101,-6767.228760574,-6994.8592965478,-6312.5078768803,-6627.168721419,-6593.4355119746,-6782.0862497672,-6824.232049996,-6954.949821615,-6561.4488636943,-6828.1153790629,-7065.6163469231,-6660.1937521259,-6903.6400523625,-6850.2979807737,-6347.265302059,-6792.8954072474,-6923.2187932555,-6828.3601378528,-6714.5159219977,-6202.3320760705,-6902.3895823471,-6831.2712630109,-6902.0061213986,-6892.2422799378,-7144.0485560758,-7108.4798594284,-7076.64111042,-6673.0258769682,-6718.0579647667,-6343.9936448115,-6781.9097886664,-6677.3608947548,-6737.197886161,-6636.8506276044,-7079.3700216911,-6827.1597283448,-6385.7140420452,-6804.7638836957,-6902.9733201951,-6785.8231317361,-6914.4187649325,-6192.441508165,-6866.3608431541,-6725.8628391336,-6609.9662690561,-6518.0329905366,-6771.9666879248,-6767.3523832415,-6876.0207310387,-7064.6770215976,-6224.4813693015,-6912.7278444097,-6996.0663267176,-6548.724264848,-6604.6416433376,-6749.2562687648,-6787.6075787575,-7240.1320389757,-6575.8867606797,-6979.5799381455,-6874.4855050551,-6845.7531329154,-6953.7493486922,-6495.1205771914,-6520.4806718478,-6378.8202543228,-6903.3822838874,-6490.1934364809,-6984.5172121311,-6680.5498739938,-7281.7211307457,-7054.0151642391,-6563.9966608395,-7130.1500227292,-6804.9049198491,-6947.6384043225,-6755.7755118448,-6651.3224037488,-6452.9209685727,-6497.076811858,-7258.9390439973,-7280.3335779544,-6857.4419224694,-6685.1179640291,-6573.3557573781,-6677.5257915151,-6784.520470634,-6763.5987482471,-6954.2065831146,-6590.6479637114,-6961.4640817655,-6969.7935499008,-6827.0315246552]},"Model1 ll":{"0":[-397.3471482049,-475.0355225864,-470.853824375,-544.8273602229,-378.3373507991,-490.3922210765,-586.352130947,-433.7483359945,-438.7605809695,-411.2093779565,-437.4612694602,-418.0033697578,-491.4082391519,-376.2978959736,-429.950372615,-569.5409343247,-502.5284984981,-501.8326182734,-413.3322600574,-515.32051481,-443.3651520532,-386.3733622022,-446.6112866321,-473.2133805652,-432.4791655231,-511.8826049825,-383.4209871522,-450.2966539125,-550.9984925413,-458.1050279703,-494.296862486,-456.7077521563,-444.912472405,-611.7943500889,-594.0394858518,-300.6394056865,-478.0590099454,-451.9232212217,-357.3900744488,-438.6228967748,-457.0189769548,-346.8819535355,-304.880844921,-418.2222719072,-441.2061077963,-444.1555516064,-524.3581465728,-437.330093962,-481.4743547637,-535.4475844201,-502.9307080841,-363.6749341686,-417.1701302576,-488.2564561784,-447.1530990394,-417.1991585566,-553.0542521136,-471.3298315421,-372.5749047761,-519.9341334051,-429.1446730896,-402.584849577,-326.8648820429,-338.2127273998,-647.5127189575,-471.5771269493,-493.8719066739,-438.9805563071,-496.3716830563,-426.5607976719,-478.9206653112,-480.2739441273,-531.3661313833,-419.083887995,-381.2053963931,-467.1222224802,-349.3147517416,-417.079241776,-514.3522421729,-499.8750949565,-438.9998491195,-456.3056595734,-482.6547821428,-461.1373961968,-386.4484330043,-571.5558609197,-532.1258957194,-412.0198699796,-516.3099599936,-381.8139968538,-456.7369931648,-379.9066787822,-422.6562004495,-543.6175770272,-417.0373967374,-439.8643781109,-371.4709716313,-419.3778429356,-526.5709454444,-402.8164846233]}}