{"Tau":{"0":1.0},"Kappa":{"0":0.1},"Positive hit":{"0":0},"Model0 ll":{"0":[-8545.4917377453,-8140.2357866063,-9172.5021781988,-8354.817419147,-8627.7373276928,-7915.7901477866,-8605.536693448,-8233.4470094274,-8331.2195882363,-8635.1610816217,-8102.6942067158,-7898.9922142654,-8096.5171781535,-8389.0003101228,-8587.9824572859,-8272.7221275421,-8015.9501639662,-8264.2815791204,-8000.098799407,-8157.1338585997,-8305.4488839846,-8540.1100436636,-8365.9435595798,-8742.2716254149,-8598.3003944774,-8769.2846608482,-8596.5192697105,-8066.6415370916,-8424.5328395687,-8308.9461729003,-7927.1953741287,-8648.4778347902,-8441.860446533,-8020.135089712,-7941.7548847131,-8413.1720630244,-8747.30520094,-8055.8361956605,-7866.9394478283,-8551.7561559379,-8033.5065916504,-8498.27775632,-7965.7643924491,-7797.2057980998,-8684.8069856436,-8446.0823302649,-8258.2379518246,-8457.9310816385,-8756.0684126114,-8897.8903420593,-8498.7212569704,-8440.8564989162,-8151.7520138107,-8304.9738053079,-8242.5144551133,-8251.9265401774,-8838.9787762061,-8350.3462731024,-8732.3887255697,-8327.5442975649,-8641.9952702567,-8538.3555835008,-8063.6273003985,-8593.7182301245,-8167.2775940844,-8203.1952555961,-8465.8920602099,-8178.0967521491,-8998.412423002,-7709.2225935687,-8612.1092491583,-7947.5398307848,-8329.8230738987,-8065.6112516629,-8149.4837480169,-7402.0189654488,-8198.2767603407,-8195.2950474406,-8451.4193235301,-8192.8248807438,-8522.2422571177,-8161.9390036434,-8575.519332751,-8059.4326166877,-8349.0344321171,-8055.8224520652,-8551.2759474496,-8548.6512339002,-7618.7847315428,-8301.6546541779,-8417.7070927929,-8007.4134239979,-8150.694795851,-7995.041645493,-8537.125233309,-8077.8356887588,-8956.7204826159,-8068.6116570525,-8474.8909495145,-8560.8628164966]},"Model1 ll":{"0":[-19593.0342600834,-18840.503358772,-20520.8834458687,-19190.0893424142,-19704.8196710906,-18620.4199501291,-19648.6337705581,-19020.6292850339,-19184.9849390621,-19723.0165128149,-18757.795274872,-18462.206880022,-18683.6092782008,-19332.0750614432,-19619.9709707054,-19177.0647693101,-18614.8267072086,-19099.7153326363,-18627.4967463654,-18934.6638117001,-19116.6441045846,-19560.1253387327,-19185.960338625,-19810.5441455462,-19640.7720646793,-19806.8221203513,-19639.8549299441,-18785.6068597743,-19378.6197916097,-19125.3853823394,-18452.2564810456,-19671.3972178716,-19408.2580842814,-18717.2003894602,-18542.8667945363,-19348.9924298342,-19860.6704326421,-18733.5255803884,-18377.3257671223,-19526.8978724826,-18680.791802782,-19460.9057090548,-18486.2075038099,-18414.8976376661,-19807.15362008,-19409.0838445934,-19114.5089471633,-19346.6624759639,-19926.7615659011,-20091.3980849531,-19425.4106709904,-19348.2081663168,-18891.1560844252,-19178.2437343248,-19043.1771723434,-19029.9699051288,-20070.1537958466,-19162.5831882247,-19765.1822370041,-19181.0482582603,-19702.1396626739,-19577.0965993856,-18706.2184855813,-19585.2853423177,-18992.4389725215,-18963.4890034781,-19468.4861871003,-18998.4567591834,-20239.4822767125,-18078.1826744679,-19682.5781774933,-18461.8152004844,-19221.9880628646,-18817.2820123041,-18978.8656892874,-17654.7667463584,-18979.2932961774,-18998.1801395477,-19318.4076152213,-19003.589924746,-19502.7114903394,-18995.0103860529,-19536.7157914737,-18739.4434728845,-19251.786251671,-18708.1335621335,-19511.0761117596,-19568.0369646679,-17875.4576661849,-19160.6165218256,-19403.1369369089,-18617.6371536009,-18888.4811721346,-18707.8645824729,-19503.1284659699,-18764.0598769996,-20106.9790644747,-18783.1302445804,-19491.6999213428,-19557.2158529131]}}