{"Tau":{"0":1.0},"Kappa":{"0":0.0079432823},"Positive hit":{"0":0},"Model0 ll":{"0":[-11970.7287474647,-12167.3106488543,-11487.886833031,-11488.7476973936,-11767.8011085011,-11992.2258028269,-12132.820383376,-12072.2802028821,-11287.5968690827,-11874.0501672265,-11754.7069790413,-11723.3958009158,-11811.2975913681,-11908.5791321648,-10949.8868596827,-11783.071750426,-12054.9824669098,-11784.7196866579,-11969.1266129906,-12390.1980781141,-12025.4933705719,-11622.9319241538,-11420.6217994381,-12120.3155271757,-11757.820507886,-12065.4998547054,-12265.0174050736,-12190.8358089277,-11766.9483818476,-11858.2479604482,-11222.9705550866,-11834.3342546283,-12277.1786366577,-11378.200019573,-11727.6368552667,-11534.1561164439,-11476.9210886268,-11837.1543457307,-11828.5066403677,-11323.434507977,-11437.678729156,-11490.6122183387,-11837.9401114355,-11949.9354552395,-12003.5910901008,-11759.6348705541,-11895.9137571962,-11517.3421408681,-12120.4169686574,-12154.5798725502,-11895.799703002,-11540.4820533768,-11500.7546711901,-11661.6143121939,-11456.2358941884,-12193.5931977597,-11884.0739296325,-11989.3706047726,-11426.9585317722,-11540.2180470396,-12188.8328561478,-11663.1811618411,-11503.9619902273,-11557.1720371671,-11839.9846875491,-11706.0183167397,-11491.0562544939,-12011.3303366697,-12053.7860170943,-11863.8491795517,-11976.7145612519,-11662.3283312375,-12027.7975782557,-11443.4770905508,-11814.0542318238,-11505.4642704195,-11569.9270763372,-11020.8086763727,-12025.6364720432,-11598.2511254035,-11658.0035177068,-11540.0918925043,-11437.5052772388,-11557.2629031662,-11360.1249874673,-11382.8467755644,-11755.6055184913,-11691.5941936183,-11480.8386607994,-11623.6129096514,-11599.6086300653,-11255.0170844898,-11672.9462368491,-12405.5190720953,-11863.3306921301,-11624.0272567446,-11773.4334136752,-11339.1159139571,-11526.2923340718,-12213.4205269208]},"Model1 ll":{"0":[-31043.0118068124,-31734.4678334707,-30029.7714783358,-29966.0111774785,-30885.3117491424,-31034.9201595393,-31121.4223292617,-30965.2332706232,-29704.5902451181,-30805.7290021549,-30737.9856043715,-30734.0442839559,-31059.770083218,-30973.8067738239,-28897.3027032985,-30554.0576909627,-30935.6401554256,-30368.1924732496,-31487.035642587,-31884.7421965445,-31177.2264664639,-30212.9272721914,-29996.8608250735,-31408.5294691528,-30595.8220606948,-30944.8164076189,-31438.7797928359,-31432.39658773,-30441.1216921523,-31084.5997930092,-29797.8667622424,-30591.3645854621,-31464.7378696242,-29608.1045473029,-30680.7647210576,-29923.619229814,-29842.9966786926,-30525.6642539085,-30626.6353114464,-29992.7690124562,-29870.2383701625,-29953.4757555768,-30574.4070273961,-31008.6791537402,-31022.7160962158,-30407.3706110651,-30929.4884161888,-30497.7144003488,-31766.8863677785,-31186.328087403,-31417.4382682665,-30267.8858743949,-30076.3039066559,-30470.4268680854,-30136.7651481857,-31241.1753422379,-30693.7248933843,-30851.4067183568,-29988.812816043,-29922.1948014515,-31687.6759847239,-30225.3539412074,-30157.462054901,-30589.9594020262,-30548.2027559683,-30409.6039009521,-30272.405343078,-31276.0069357351,-30979.1601158842,-30903.8519475995,-31188.1829027754,-30992.4175415358,-31082.3316142169,-30075.4853823486,-30627.4689517762,-30196.6411773876,-30360.8628101769,-28876.961111021,-31143.7915811692,-30025.7898833657,-31412.6650276058,-30018.4649806968,-30017.1731235559,-30135.1851467753,-30074.5608707357,-29944.5423261802,-30529.661848913,-30843.4113833676,-30030.9019717006,-30252.058692284,-30462.9500732749,-29482.9367173811,-30352.7544340125,-31984.9655144921,-31015.5745124967,-30183.5956331766,-30676.8372038959,-29689.6387685274,-30054.2636333732,-32492.1473260203]}}