{"Tau":{"0":1.0},"Kappa":{"0":0.0251188643},"Positive hit":{"0":0},"Model0 ll":{"0":[-11010.9035391742,-10809.2971569412,-10366.5721647115,-11010.1180594347,-11177.1192091819,-11057.8471062703,-11221.6933046259,-10880.7637557691,-10945.6636545132,-11339.324849594,-11428.4962841085,-11517.4201550781,-11217.0467923377,-11610.8701815079,-11474.9680261488,-10813.1763614399,-11259.9440292336,-11385.8630291599,-11143.015405827,-11499.0329868706,-10831.3306984061,-11087.849830362,-11441.175441542,-10601.9526095614,-11424.1478033162,-11265.975132084,-10501.8630811079,-10453.8596602293,-10844.3250074745,-10937.4899496835,-10572.0712285207,-11382.8230446789,-10980.9257784178,-11007.9313824378,-10580.3749368972,-11098.5731658911,-10881.5516357257,-10818.7522202175,-11013.4315612656,-11825.6089699646,-10470.9528487757,-10847.0890228102,-11072.0667426771,-10710.1954325496,-10802.4987262639,-10238.2745246934,-11219.6868025548,-10879.1793200331,-11381.8199584965,-11372.814137173,-11024.0473908194,-11497.7196909499,-10617.646108603,-11471.2282370958,-10947.6704722142,-11010.452145229,-10720.3465929342,-11060.5037660962,-11465.6607051135,-11417.8390444057,-10191.7383511608,-11136.6072393229,-10905.5669860049,-10863.3825124618,-11070.3276503171,-11300.5852808283,-10735.2930007155,-10726.3232809523,-10850.0748230491,-11313.2224115633,-11130.0631746173,-10187.7237003145,-10859.3454442665,-11055.5368213847,-11275.1276358499,-11584.0327355076,-10743.080116942,-10639.0952911763,-10733.2124007209,-10987.6184574995,-10745.4425495814,-10970.1445773869,-10871.5536534725,-10350.6879309395,-11461.2669877423,-10432.485337194,-10829.5927972946,-10233.6218594625,-11012.516886221,-10571.8227129003,-11166.6950052986,-11191.4157837349,-10673.1681523401,-10796.4900542063,-11191.1692600361,-10948.3354676125,-11060.3089434886,-10923.9377535693,-11102.5030678973,-10698.9647318326]},"Model1 ll":{"0":[-29596.4850443987,-29315.2030283446,-28492.9881466102,-30038.9582941271,-29849.0639534608,-30338.876986787,-29987.314122928,-29461.9187986766,-29425.163379181,-30348.7932508887,-30469.7034932023,-30369.0614125747,-30001.0197850666,-31012.9614767336,-30575.8986621202,-29267.0208994874,-30723.6030945425,-30538.6569091714,-29837.3161138464,-30993.1409239684,-29184.3931668551,-29740.1759932065,-30493.7822455148,-28716.6147897785,-30542.1428441156,-30304.5064163455,-28842.7408684328,-28996.602016431,-29340.4932102324,-29365.9334693375,-28688.8352299775,-30412.9134161812,-29706.092428696,-29559.0893466607,-28857.7349353548,-29868.1075060341,-29116.0838905681,-29221.6585851453,-29657.9174233616,-31338.3832027659,-28511.3558574022,-29257.6367321991,-30041.2438364187,-29413.1201629828,-29069.6604873514,-28026.8148865599,-29897.063048205,-29290.4351666688,-30471.0275516465,-30174.6629541703,-29701.3267246235,-31153.8425910079,-29223.7957347699,-30482.3663844548,-29359.8522222249,-29532.0703220641,-28990.4845236572,-29764.6988495752,-30796.9066342224,-30677.4001551528,-27893.2392873146,-29775.4358580577,-29279.0131712074,-29255.1223489187,-29773.2419964228,-30212.7721221033,-29071.7597509261,-29164.9544115992,-29348.625064519,-30091.1118201183,-29927.0156693466,-28063.1351708016,-29329.459438767,-29990.8893639337,-30276.3063642015,-30478.913083854,-29091.9165460929,-28807.9602129853,-29451.8347645008,-29402.492606021,-29174.5682994449,-29914.7631577283,-29295.6709992917,-28274.3316736841,-30857.3670262716,-28408.84914074,-29438.8300071764,-28250.2082752825,-30127.2786607318,-28939.8232423546,-30005.2149642404,-29899.1448254137,-28869.8149447212,-29307.0749295524,-30102.3016285721,-29524.5047339932,-30167.4297639846,-30124.9678139061,-29710.2935708031,-29045.3834288058]}}