{"Tau":{"0":1.0},"Kappa":{"0":0.1258925412},"Positive hit":{"0":0},"Model0 ll":{"0":[-7242.2862032021,-7556.6543795453,-8006.1037443126,-7564.2787240467,-7361.0021479538,-7322.2216005828,-7536.9944141825,-7833.577363326,-7890.4897149274,-7434.3008251132,-7769.0051832548,-7742.6702919497,-7552.3035133991,-7422.6549305429,-7407.3374785681,-7540.9986563281,-7873.663313689,-7527.1547426419,-7481.1963489612,-7624.7685873081,-7157.1112793533,-7815.0685426857,-7848.021516043,-7817.9481671282,-7421.8470432588,-7447.8872244102,-7537.8303373889,-7713.753268207,-7566.0948976887,-7279.556213209,-7945.5488643149,-7780.5094372295,-7488.7037007623,-7500.8223478395,-7763.8207589195,-7576.1777152438,-7880.1227640334,-7734.9903840048,-7292.7643892597,-7260.5869469624,-7480.171375035,-7746.7286075784,-7901.5010415511,-7105.7097051626,-7929.7106629604,-7687.2212793784,-7258.593694212,-7870.4583478745,-7533.2980468064,-7574.6895438931,-7461.0887434304,-6611.5399616102,-7619.2491504036,-7554.0675562266,-7873.6450949334,-7529.9936070679,-7615.3432136332,-7379.3267055605,-8019.5330649899,-6940.5322946585,-7536.6488305462,-7658.3198897616,-7745.4493512991,-7396.8761442367,-7624.3581924535,-7253.2070559209,-7485.6143169606,-8336.9842386526,-6632.2966867022,-7478.6319697043,-7692.4392298542,-7319.9659020769,-7920.2586461621,-7447.8812995614,-6790.8194857655,-7693.9543497382,-7352.4984619612,-7913.3474822645,-7712.5158400795,-7667.659519692,-7444.826598386,-7472.8195718477,-7710.7401948222,-7735.9654251737,-7301.3579400544,-7398.4444207198,-7305.6120671455,-8091.6251653268,-7836.7426581395,-8087.6027060165,-7752.0903870539,-7993.4067775102,-8164.604356095,-7054.3492409367,-7421.5756972111,-7891.1061045129,-7279.0410289667,-7487.5886941243,-7756.7365028114,-7467.6365614661]},"Model1 ll":{"0":[-17709.7877817219,-18239.2628355451,-18990.7508882816,-18219.273452947,-17788.1523250371,-17800.9538530001,-18098.9001053975,-18653.0723039037,-18729.29968922,-17982.9763096808,-18573.6974131655,-18539.553754536,-18197.4381387683,-17964.7092156213,-18016.9911648816,-18186.4680548473,-18731.8876289365,-18154.3996786855,-18081.3842772889,-18248.2684469924,-17510.7822256169,-18639.7336131715,-18767.979852489,-18569.3666373038,-18002.3936315854,-18122.8778305257,-18126.5552212963,-18483.4517260953,-18252.7852583715,-17681.3885071598,-18930.2648302999,-18620.5292621713,-18122.1407047622,-18090.9097476465,-18505.7615889267,-18178.5074619082,-18657.1542288376,-18465.3940743405,-17783.0557957937,-17692.3930229375,-18023.4729725543,-18481.4950549385,-18774.3010210507,-17391.1103022554,-18884.4839221022,-18461.3004366623,-17775.4968334264,-18679.0521568089,-18232.4220954961,-18283.0336375968,-18083.1886124933,-16610.3084066722,-18360.6261426032,-18233.8985797591,-18815.5409368291,-18159.3798245439,-18274.3599427189,-17933.0310493905,-18901.5596110595,-17162.9329532529,-18200.4421423444,-18288.9091912538,-18526.9835415724,-17995.9746702561,-18378.0660205322,-17810.9712456247,-18111.4725828575,-19495.7281251904,-16467.7226117488,-18021.2269651672,-18405.6746180715,-17875.4836696001,-18769.3229283542,-18017.7999920372,-16902.2760334239,-18441.5881231639,-17920.3451778068,-18846.5208832541,-18552.5687548478,-18459.1684826677,-18137.1038633269,-18024.7717401615,-18432.8864474582,-18567.6369460145,-17861.9869593496,-17937.8229035146,-17820.4666069533,-19092.6048532297,-18683.4288790761,-19004.8718899153,-18548.4359839838,-19002.8328471692,-19155.5362243159,-17453.6839114536,-18010.934338564,-18796.5481467939,-17764.3674427603,-18135.7767610806,-18522.5367175736,-17994.7653053925]}}