{"Tau":{"0":1.0},"Kappa":{"0":0.0031622777},"Positive hit":{"0":0},"Model0 ll":{"0":[-12097.9190699154,-12051.165041291,-12402.9182629211,-12537.2021850021,-12104.9640296438,-11640.5698835468,-11599.5170642656,-12078.8812079637,-12171.8355046857,-12250.3860997476,-11859.7504913585,-11983.253930048,-12295.348818888,-12472.9176855419,-12588.7899677947,-12171.5112396972,-11904.8209198709,-11796.7601336745,-12037.301031089,-12557.5044760505,-12121.0955579028,-11809.300787298,-11834.3785286241,-11443.1233286386,-11508.9701275523,-12032.7180327985,-12333.9810643396,-11854.2401792434,-11868.6449188325,-12300.1296273592,-12083.5226495265,-11688.3365849182,-12684.5061377122,-11918.6390164392,-12604.8154560169,-12472.9325213439,-11914.4984302008,-11710.9813184701,-11742.7261644637,-12764.1110694097,-11546.4344492863,-11470.4096608147,-12669.3959306367,-12048.6961814171,-12253.3503522153,-12096.9043972564,-11806.6391164865,-12054.7174185567,-12222.7167902817,-12506.246766593,-11671.2181406181,-12099.1074783667,-12305.7548058091,-12232.0940334091,-11920.3699111638,-11728.4656965946,-12376.6864731749,-12078.9569603344,-12023.1253100242,-12043.1951479768,-12051.1739767362,-12355.2372494366,-11891.4094003756,-11789.949436764,-12085.3529673892,-12063.6149791119,-11993.8675647075,-12362.9138252289,-11929.1126855672,-12230.6125657708,-11868.1674711639,-12498.0603154612,-12230.4638296576,-11726.1028713148,-11719.6868681681,-12256.6597964664,-11742.8057454041,-11690.3945877932,-11970.7292419869,-11891.8862461471,-11527.3608312703,-11714.258256582,-12272.9705311791,-11695.9125057184,-12770.8939233347,-12239.5960672545,-12061.7567594331,-11505.5579650479,-12256.291625147,-11983.9336197803,-11869.814887766,-12800.3488129766,-12024.4050575749,-12328.3176528628,-11935.7146301597,-11806.6972643432,-12295.2226680795,-12030.3995191997,-12379.4752972696,-12275.5749277899]},"Model1 ll":{"0":[-31759.7499666378,-31146.204475507,-31324.192493363,-31887.7607930956,-30932.1874984017,-30067.4508653934,-30049.8823766491,-30874.093703976,-30978.8843104378,-31245.910561565,-30442.8395133209,-30830.6780936597,-31564.2266953459,-31619.0585567891,-32726.1879040211,-31052.035579219,-30468.4732849442,-30283.4369014652,-30829.6607225564,-31813.4597474522,-30910.8487667085,-30393.5833301664,-30408.5496160958,-29677.0298508603,-29698.9799862572,-31294.2289682743,-31204.1629610196,-30355.8207798164,-30726.9076232121,-31290.2326122043,-30932.6306463949,-30395.4332041766,-31989.5580570923,-30692.8899714256,-31804.5061647606,-31886.6788914085,-31319.4264803926,-30166.2115825018,-30339.2748479571,-32077.707687034,-30095.1365028736,-30641.2586265785,-32002.032001554,-30967.7352439038,-31288.5224996592,-31114.0216356739,-30532.2481870521,-30776.6797386195,-31336.5185453843,-31721.5436184142,-31111.5799091853,-30797.4426956313,-31767.2636362436,-31822.1099721305,-30658.7975727425,-30489.8084686057,-31441.671422761,-31614.1126370461,-31197.8589683324,-31036.2189311128,-30969.2655730338,-31287.1639675911,-30598.6479527664,-30248.2621259401,-31410.5351832238,-30844.0468231166,-30816.2239672679,-31943.6577968324,-30643.4581340808,-31217.2553549682,-30503.0815894396,-31658.2663146666,-31233.6872925062,-30530.9657012362,-30105.6102502473,-31604.31041021,-30195.9470171071,-30228.7521378781,-30911.458782409,-30631.5439844791,-29901.9950592095,-30201.6460649754,-31387.8755821633,-30119.6259955252,-32469.1056603148,-31336.0304622283,-31669.2003317275,-29869.3551595859,-31426.3415012515,-30887.8429392199,-30327.8987949002,-32349.6357057242,-31191.1677880074,-31595.0182120147,-31240.605760686,-30399.1965797943,-31362.08359478,-31299.275061671,-31653.4871671413,-31302.2953065686]}}