{"Parameters":{"0":{"Kappa":12.5892541179,"Tau":1.0}},"Positive hit":{"0":2},"Model0 ll":{"0":[-106506.3632882237,-104927.0712630159]},"Model1 ll":{"0":[-4109.4505953488,-3606.6414257082]},"SNPs":{"0":[732445,731341]}}