{"Parameters":{"0":{"Kappa":4.4668359215,"Tau":1.0}},"Positive hit":{"0":2},"Model0 ll":{"0":[-23349.2828471568,-22722.3870058537]},"Model1 ll":{"0":[-1183.1208812666,-1247.8128827724]},"SNPs":{"0":[299978,304594]}}