{"Parameters":{"0":{"Kappa":1.4125375446,"Tau":1.0}},"Positive hit":{"0":2},"Model0 ll":{"0":[-834.5892442623,-903.3906962423]},"Model1 ll":{"0":[-142.6127654058,-207.2932628831]},"SNPs":{"0":[134449,135446]}}