{"Parameters":{"0":{"Kappa":251.188643151,"Tau":1.0}},"Positive hit":{"0":2},"SNPs":{"0":[8807,14603]},"Model0 ll":{"0":[-5495.1034681773,-2420.4132227948]},"Model1 ll":{"0":[-3727.2997000138,-526.358097199]}}