{"Parameters":{"0":{"Kappa":1.2589254118,"Tau":1.0}},"Positive hit":{"0":2},"Model0 ll":{"0":[-379.4600550456,-444.8696727902]},"Model1 ll":{"0":[-125.8215937996,-137.6672550556]},"SNPs":{"0":[127713,127822]}}