{"Parameters":{"0":{"Kappa":1.995262315,"Tau":1.0}},"Positive hit":{"0":2},"Model0 ll":{"0":[-3537.1220656081,-3535.1836116822]},"Model1 ll":{"0":[-293.9844278157,-253.6583625842]},"SNPs":{"0":[166169,166267]}}