{"Parameters":{"0":{"Kappa":3.9810717055,"Tau":1.0}},"Positive hit":{"0":2},"SNPs":{"0":[268,273]},"Model0 ll":{"0":[-109.9611679215,-120.2633438653]},"Model1 ll":{"0":[-89.6405375926,-98.2346879804]}}