{"Parameters":{"0":{"Kappa":22.3872113857,"Tau":1.0}},"Positive hit":{"0":2},"Model0 ll":{"0":[-206476.486599137,-212546.2115254889]},"Model1 ll":{"0":[-6626.424559392,-8225.0767815649]},"SNPs":{"0":[1267750,1254144]}}