{"Parameters":{"0":{"Kappa":6309.5734448019,"Tau":1.0}},"Positive hit":{"0":2},"SNPs":{"0":[389909,315534]},"Model0 ll":{"0":[-57180.1022439597,-99199.6859853822]},"Model1 ll":{"0":[-10725.2463445405,-61252.8859112275]}}