{"Parameters":{"0":{"Kappa":2.5118864315,"Tau":1.0}},"Positive hit":{"0":2},"Model0 ll":{"0":[-6623.1475894165,-6610.1236747326]},"Model1 ll":{"0":[-381.0123864528,-345.7533965938]},"SNPs":{"0":[192975,193119]}}