{"Parameters":{"0":{"Kappa":2.8183829313,"Tau":1.0}},"Positive hit":{"0":2},"SNPs":{"0":[237,240]},"Model0 ll":{"0":[-69.2726258299,-112.3458347838]},"Model1 ll":{"0":[-62.176179288,-80.0411140509]}}