{"Parameters":{"0":{"Kappa":15.8489319246,"Tau":1.0}},"Positive hit":{"0":2},"Model0 ll":{"0":[-140040.0898898902,-138567.5679310528]},"Model1 ll":{"0":[-5419.9031217386,-4657.1976730701]},"SNPs":{"0":[908815,911022]}}