{"Parameters":{"0":{"Kappa":1584.8931924611,"Tau":1.0}},"Positive hit":{"0":2},"SNPs":{"0":[92946,82895]},"Model0 ll":{"0":[-20054.8115342502,-38386.9097380333]},"Model1 ll":{"0":[-3575.3700282698,-17604.7267800092]}}