{"Parameters":{"0":{"Kappa":25.1188643151,"Tau":1.0}},"Positive hit":{"0":2},"SNPs":{"0":[1544,1432]},"Model0 ll":{"0":[-457.852722558,-387.5728251459]},"Model1 ll":{"0":[-194.9095042641,-208.6777516445]}}