{"Parameters":{"0":{"Kappa":14.1253754462,"Tau":1.0}},"Positive hit":{"0":2},"Model0 ll":{"0":[-120324.2958276914,-123086.7500391066]},"Model1 ll":{"0":[-4239.2000713598,-4072.5973431726]},"SNPs":{"0":[824981,804203]}}