{"Parameters":{"0":{"Kappa":28.1838293126,"Tau":1.0}},"Positive hit":{"0":2},"Model0 ll":{"0":[-275233.1933623708,-271028.2771659985]},"Model1 ll":{"0":[-9619.216178223,-8638.4251962785]},"SNPs":{"0":[1559048,1575223]}}