{"Parameters":{"0":{"Kappa":1.5848931925,"Tau":1.0}},"Positive hit":{"0":2},"Model0 ll":{"0":[-1578.65564868,-1371.1795924062]},"Model1 ll":{"0":[-253.8982543283,-154.3501492632]},"SNPs":{"0":[144018,146005]}}