{"Parameters":{"0":{"Kappa":5.0118723363,"Tau":1.0}},"Positive hit":{"0":2},"Model0 ll":{"0":[-27557.9400226186,-27921.7962854889]},"Model1 ll":{"0":[-1124.6750437713,-1357.5050074585]},"SNPs":{"0":[330520,326442]}}