{"Parameters":{"0":{"Kappa":5.6234132519,"Tau":1.0}},"Positive hit":{"0":2},"Model0 ll":{"0":[-33814.4232732784,-33956.1565791551]},"Model1 ll":{"0":[-1447.1751587543,-1214.8729338845]},"SNPs":{"0":[363133,364860]}}