{"Parameters":{"0":{"Kappa":446.683592151,"Tau":1.0}},"Positive hit":{"0":2},"SNPs":{"0":[25642,22853]},"Model0 ll":{"0":[-6953.8965819748,-7950.3943079302]},"Model1 ll":{"0":[-3142.4034936662,-2572.0283764304]}}