{"Parameters":{"0":{"Kappa":1.995262315,"Tau":1.0}},"Positive hit":{"0":2},"SNPs":{"0":[209,134]},"Model0 ll":{"0":[-89.7538866909,-45.1854268971]},"Model1 ll":{"0":[-73.8675291436,-42.5908602436]}}