{"Parameters":{"0":{"Kappa":8.9125093813,"Tau":1.0}},"Positive hit":{"0":2},"Model0 ll":{"0":[-65658.5135427115,-68482.2593877171]},"Model1 ll":{"0":[-2359.9636051257,-2690.1193798638]},"SNPs":{"0":[533050,541542]}}