{"Parameters":{"0":{"Kappa":7.9432823472,"Tau":1.0}},"Positive hit":{"0":2},"Model0 ll":{"0":[-57075.5507167559,-58278.6421691375]},"Model1 ll":{"0":[-2136.6731886395,-2462.2528700212]},"SNPs":{"0":[491380,486285]}}