{"Parameters":{"0":{"Kappa":3.9810717055,"Tau":1.0}},"Positive hit":{"0":2},"Model0 ll":{"0":[-18775.5856916145,-18307.4908427942]},"Model1 ll":{"0":[-857.2902889959,-605.2625560396]},"SNPs":{"0":[270763,271197]}}