{"Parameters":{"0":{"Kappa":2818.3829312645,"Tau":1.0}},"Positive hit":{"0":2},"SNPs":{"0":[180401,184999]},"Model0 ll":{"0":[-46435.9207173219,-29693.2935442592]},"Model1 ll":{"0":[-14968.6633116603,-6864.1717016122]}}