{"Parameters":{"0":{"Kappa":1.77827941,"Tau":1.0}},"Positive hit":{"0":2},"Model0 ll":{"0":[-2330.6643633594,-2523.6882628482]},"Model1 ll":{"0":[-199.0182216547,-246.9708047042]},"SNPs":{"0":[155699,153911]}}