{"Parameters":{"0":{"Kappa":19.9526231497,"Tau":1.0}},"Positive hit":{"0":2},"Model0 ll":{"0":[-186490.1393839382,-183732.7155369152]},"Model1 ll":{"0":[-7209.7471754987,-6103.1249919329]},"SNPs":{"0":[1134871,1120815]}}