{"Parameters":{"0":{"Kappa":2.2387211386,"Tau":1.0}},"Positive hit":{"0":2},"Model0 ll":{"0":[-4870.9427343186,-5036.1943921707]},"Model1 ll":{"0":[-291.9574204047,-334.3670127374]},"SNPs":{"0":[180075,180527]}}