{"Parameters":{"0":{"Kappa":2.8183829313,"Tau":1.0}},"Positive hit":{"0":2},"Model0 ll":{"0":[-9594.9229664461,-9356.9991820054]},"Model1 ll":{"0":[-586.4706263607,-506.7442553454]},"SNPs":{"0":[209088,212523]}}