{"Parameters":{"0":{"Kappa":10.0,"Tau":1.0}},"Positive hit":{"0":2},"Model0 ll":{"0":[-77915.8141811725,-76163.8562847063]},"Model1 ll":{"0":[-2748.9982139746,-2838.2698162359]},"SNPs":{"0":[597745,600171]}}