{"Parameters":{"0":{"Kappa":6.3095734448,"Tau":1.0}},"Positive hit":{"0":2},"Model0 ll":{"0":[-40001.6902374391,-39746.8597602301]},"Model1 ll":{"0":[-1327.5565847523,-1473.8663195978]},"SNPs":{"0":[396995,397223]}}