{"Parameters":{"0":{"Kappa":17.7827941004,"Tau":1.0}},"Positive hit":{"0":2},"Model0 ll":{"0":[-158354.605323024,-158045.2839265731]},"Model1 ll":{"0":[-4929.2581997606,-5888.7358890914]},"SNPs":{"0":[1020632,1018327]}}