{"Parameters":{"0":{"Kappa":3.1622776602,"Tau":1.0}},"Positive hit":{"0":2},"Model0 ll":{"0":[-11467.6052283613,-11586.2653815355]},"Model1 ll":{"0":[-585.5020857573,-498.1015610016]},"SNPs":{"0":[229172,227888]}}