{"Parameters":{"0":{"Kappa":6.3095734448,"Tau":1.0}},"Positive hit":{"0":2},"SNPs":{"0":[389,418]},"Model0 ll":{"0":[-153.1809702148,-122.9896767525]},"Model1 ll":{"0":[-92.2333324805,-92.6575182923]}}