{"Parameters":{"0":{"Kappa":25.1188643151,"Tau":1.0}},"Positive hit":{"0":2},"Model0 ll":{"0":[-239711.0968150012,-240373.7203588415]},"Model1 ll":{"0":[-8377.244030755,-9962.9582151861]},"SNPs":{"0":[1413485,1416704]}}