{"Parameters":{"0":{"Kappa":2.2387211386,"Tau":1.0}},"Positive hit":{"0":2},"SNPs":{"0":[195,199]},"Model0 ll":{"0":[-82.8056263268,-58.4207291864]},"Model1 ll":{"0":[-59.3289998985,-50.3189489419]}}