{"Parameters":{"0":{"Kappa":1122.018454302,"Tau":1.0}},"Positive hit":{"0":2},"SNPs":{"0":[70048,68297]},"Model0 ll":{"0":[-21149.1481919688,-21599.9733760509]},"Model1 ll":{"0":[-6489.2926834784,-7952.9665183313]}}