{"Parameters":{"0":{"Kappa":11.220184543,"Tau":1.0}},"Positive hit":{"0":2},"Model0 ll":{"0":[-91396.5718781661,-90345.2546895977]},"Model1 ll":{"0":[-3363.1103472765,-3043.435980509]},"SNPs":{"0":[657329,665461]}}