{"Parameters":{"0":{"Kappa":5623.4132519035,"Tau":1.0}},"Positive hit":{"0":2},"SNPs":{"0":[338617,292976]},"Model0 ll":{"0":[-64489.1108247133,-85672.6023610349]},"Model1 ll":{"0":[-12124.7212295995,-21561.5108107665]}}