{"Parameters":{"0":{"Kappa":2.5118864315,"Tau":1.0}},"Positive hit":{"0":2},"SNPs":{"0":[225,212]},"Model0 ll":{"0":[-95.4912686866,-59.0222112642]},"Model1 ll":{"0":[-77.2428773693,-55.1837563957]}}