{"Parameters":{"0":{"Kappa":1.1220184543,"Tau":1.0}},"Positive hit":{"0":2},"Model0 ll":{"0":[-163.7769251164,-240.3628243758]},"Model1 ll":{"0":[-119.8035829039,-143.6794971063]},"SNPs":{"0":[120256,120666]}}