{"Parameters":{"0":{"Kappa":199.5262314969,"Tau":1.0}},"Positive hit":{"0":2},"SNPs":{"0":[11338,7305]},"Model0 ll":{"0":[-2416.4089299269,-3922.4643803086]},"Model1 ll":{"0":[-515.2289343724,-1502.2855501613]}}