{"Parameters":{"0":{"Kappa":31.6227766017,"Tau":1.0}},"Positive hit":{"0":2},"SNPs":{"0":[1684,1700]},"Model0 ll":{"0":[-668.0931808412,-587.5694032426]},"Model1 ll":{"0":[-328.0505137605,-326.2215111002]}}