{"Parameters":{"0":{"Kappa":10000.0,"Tau":1.0}},"Positive hit":{"0":2},"SNPs":{"0":[487642,536983]},"Model0 ll":{"0":[-284146.1800257479,-165386.6883423008]},"Model1 ll":{"0":[-243578.8603302394,-32025.3722180049]}}