{"Parameters":{"0":{"Kappa":158.4893192461,"Tau":1.0}},"Positive hit":{"0":2},"SNPs":{"0":[5513,7207]},"Model0 ll":{"0":[-1960.0694770381,-4174.4782017148]},"Model1 ll":{"0":[-502.0524009322,-1913.728700802]}}