{"Parameters":{"0":{"Kappa":7.0794578438,"Tau":1.0}},"Positive hit":{"0":2},"Model0 ll":{"0":[-48563.2272198717,-47422.3715664929]},"Model1 ll":{"0":[-1756.0600959599,-1797.0339760382]},"SNPs":{"0":[439307,437271]}}