{"Parameters":{"0":{"Kappa":3.5481338923,"Tau":1.0}},"Positive hit":{"0":2},"Model0 ll":{"0":[-14762.2195197475,-15280.6045363854]},"Model1 ll":{"0":[-668.1322880056,-792.9295262072]},"SNPs":{"0":[249840,252477]}}