{"Parameters":{"0":{"Kappa":5011.8723362727,"Tau":1.0}},"Positive hit":{"0":2},"SNPs":{"0":[252894,255035]},"Model0 ll":{"0":[-113472.9405443866,-74314.5062555019]},"Model1 ll":{"0":[-37164.2176278951,-14577.1688971926]}}