{
    "LL": -11.47583249225299,
    "alpha": 100,
    "hidden_states": {
        "Pop1": [
            0.0,
            0.10456670217306385,
            0.2103609935678487,
            0.4039063160832483,
            0.8008538060095153,
            1.5495987224315262,
            3.133455040009271,
            8.346482281459483,
            5009.961354426504,
            Infinity
        ]
    },
    "model": {
        "N0": 0.0625,
        "class": "SMCModel",
        "knots": [
            0.10456670217306385,
            0.4039063160832483,
            1.5495987224315262,
            8.346482281459483
        ],
        "pid": "Pop1",
        "spline_class": "Piecewise",
        "y": [
            9.210340371976184,
            9.210340371976184,
            9.210340371976184,
            9.210340371976184
        ]
    },
    "rho": 0.0001,
    "theta": 0.0001
}