{
    "alpha": 100,
    "hidden_states": {
        "Pop1": [
            0.0,
            0.0786418926843817,
            0.11205866593580625,
            0.15835696598613175,
            0.23056589267066158,
            0.328554680198338,
            0.4706636428528257,
            0.6764409385651574,
            0.9762568877194578,
            1.3901917111959567,
            1.993717242352997,
            2.9250288870844097,
            4.492927946171645,
            8.170535186255169,
            5008.574983757028,
            Infinity
        ]
    },
    "model": {
        "N0": 0.0625,
        "class": "SMCModel",
        "knots": [
            0.0786418926843817,
            0.15835696598613175,
            0.328554680198338,
            0.6764409385651574,
            1.3901917111959567,
            2.9250288870844097,
            8.170535186255169
        ],
        "pid": "Pop1",
        "spline_class": "Piecewise",
        "y": [
            9.16019836426945,
            9.16019836426945,
            9.16019836426945,
            9.16019836426945,
            9.16019836426945,
            9.16019836426945,
            9.16019836426945
        ]
    },
    "rho": 0.0001,
    "theta": 0.0001
}