{
    "alpha": 100,
    "hidden_states": {
        "Pop1": [
            0.0,
            0.0004825140812328092,
            0.001270153789600849,
            0.003213471932146295,
            0.007955266484012216,
            0.02065079828804783,
            0.122319848548457,
            Infinity
        ]
    },
    "model": {
        "N0": 6.250000000000001,
        "class": "SMCModel",
        "knots": [
            0.0004825140812328092,
            0.003213471932146295,
            0.02065079828804783
        ],
        "pid": "Pop1",
        "spline_class": "Piecewise",
        "y": [
            -0.4345853085735982,
            -1.526888394441882,
            -1.7714114879119502
        ]
    },
    "rho": 0.009508668854542532,
    "theta": 0.0001
}