{
    "LL": -132.2210998136453,
    "alpha": 100,
    "hidden_states": {
        "Pop1": [
            0.0,
            0.0592504789757012,
            0.08389135852355097,
            0.11427494607348791,
            0.1543629494862446,
            0.21169599624792723,
            0.2916576113959189,
            0.39426606719974183,
            0.5412555601648829,
            0.7387461862324058,
            1.0225343235939062,
            1.379406320555681,
            1.8857170702375705,
            2.6142011099802462,
            3.721755266447833,
            5.625507909960056,
            4996.006416458408,
            Infinity
        ]
    },
    "model": {
        "N0": 0.0625,
        "class": "SMCModel",
        "knots": [
            0.0592504789757012,
            0.11427494607348791,
            0.21169599624792723,
            0.39426606719974183,
            0.7387461862324058,
            1.379406320555681,
            2.6142011099802462,
            5.625507909960056
        ],
        "pid": "Pop1",
        "spline_class": "Piecewise",
        "y": [
            3.849773258628824,
            3.849773258628824,
            3.849773258628824,
            3.849773258628824,
            3.849773258628824,
            3.849773258628824,
            3.849773258628824,
            3.849773258628824
        ]
    },
    "rho": 0.0001,
    "theta": 0.0001
}