{
    "LL": -9.184917992116084,
    "alpha": 100,
    "hidden_states": {
        "Pop1": [
            0.0,
            0.0592504789757012,
            0.08389135852355097,
            0.11427494607348791,
            0.1543629494862446,
            0.21169599624792723,
            0.2916576113959189,
            0.39426606719974183,
            0.5412555601648829,
            0.7387461862324058,
            1.0225343235939062,
            1.379406320555681,
            1.8857170702375705,
            2.6142011099802462,
            3.721755266447833,
            5.625507909960056,
            4996.006416458408,
            Infinity
        ]
    },
    "model": {
        "N0": 0.0625,
        "class": "SMCModel",
        "knots": [
            0.0592504789757012,
            0.11427494607348791,
            0.21169599624792723,
            0.39426606719974183,
            0.7387461862324058,
            1.379406320555681,
            2.6142011099802462,
            5.625507909960056
        ],
        "pid": "Pop1",
        "spline_class": "Piecewise",
        "y": [
            4.960717945863975,
            4.960717258357606,
            4.960717557344167,
            4.960718483129992,
            4.960715749960689,
            4.960715634683111,
            4.960717221843238,
            2.8372375563122394
        ]
    },
    "rho": 0.0009444892343112709,
    "theta": 0.0001
}