{
    "alpha": 100,
    "hidden_states": {
        "Pop1": [
            0.0,
            0.07782414821743647,
            0.19714457331996293,
            0.5021514292212347,
            1.275480989149075,
            3.4066994388007803,
            5008.413338706061,
            Infinity
        ]
    },
    "model": {
        "N0": 0.0625,
        "class": "SMCModel",
        "knots": [
            0.07782414821743647,
            0.5021514292212347,
            3.4066994388007803
        ],
        "pid": "Pop1",
        "spline_class": "Piecewise",
        "y": [
            9.15055868715907,
            9.15055868715907,
            9.15055868715907
        ]
    },
    "rho": 0.0001,
    "theta": 0.0001
}