{
    "alpha": 1,
    "hidden_states": {
        "Pop1": [
            0.0,
            Infinity
        ]
    },
    "model": {
        "N0": 0.0625,
        "class": "SMCModel",
        "knots": [
            0.0653129116185465,
            0.31473258070430876
        ],
        "pid": "Pop1",
        "spline_class": "Piecewise",
        "y": [
            -2.3708779567313423,
            -0.2000187907938289
        ]
    },
    "rho": 0.0001,
    "theta": 0.0001
}