{
    "alpha": 100,
    "hidden_states": {
        "Pop1": [
            0.0,
            0.00048204421456596693,
            0.0007510870581174039,
            0.0011466283379919801,
            0.0017976026280130796,
            0.002732763190561695,
            0.004055492529363202,
            0.006106182280212887,
            0.009335687873153642,
            0.014273424831558242,
            0.022582639993886506,
            0.03773207559824833,
            0.11000652731066753,
            Infinity
        ]
    },
    "model": {
        "N0": 6.250000000000001,
        "class": "SMCModel",
        "knots": [
            0.00048204421456596693,
            0.0011466283379919801,
            0.002732763190561695,
            0.006106182280212887,
            0.014273424831558242,
            0.03773207559824833
        ],
        "pid": "Pop1",
        "spline_class": "Piecewise",
        "y": [
            -0.604729443833383,
            -1.3945652637731474,
            -1.9576167054973102,
            -2.665670585136171,
            -3.4762619811598614,
            -1.6119613477899313
        ]
    },
    "rho": 4.997307764241483e-06,
    "theta": 0.0001
}