{"Parameters":{"0":{"Kappa":2,"Tau":0.0001995262}},"Positive hit":{"0":0},"SNPs":{"0":[227122,228564]},"Model0 ll":{"0":[-171.3347367524,-131.6774533219]},"Model1 ll":{"0":[-171.3347367429,-131.6774533217]}}