{"Parameters":{"0":{"Kappa":2,"Tau":6309.573444802}},"Positive hit":{"0":0},"SNPs":{"0":[112899,113614]},"Model0 ll":{"0":[-118.165549047,-115.5169786001]},"Model1 ll":{"0":[-119.3304616965,-126.6800651035]}}