{"Parameters":{"0":{"Kappa":2,"Tau":0.0050118723}},"Positive hit":{"0":1},"SNPs":{"0":[226660,224782]},"Model0 ll":{"0":[-135.1668108847,-140.2493796609]},"Model1 ll":{"0":[-141.7816078669,-125.9565268553]}}