{"Parameters":{"0":{"Kappa":2,"Tau":1995.2623149689}},"Positive hit":{"0":1},"SNPs":{"0":[113407,112287]},"Model0 ll":{"0":[-118.736102338,-123.6691037714]},"Model1 ll":{"0":[-137.8998535535,-119.8839421599]}}