{"Parameters":{"0":{"Kappa":2,"Tau":0.0079432823}},"Positive hit":{"0":0},"SNPs":{"0":[226776,225142]},"Model0 ll":{"0":[-122.0739461097,-133.3063508342]},"Model1 ll":{"0":[-132.7175577629,-132.7962924354]}}