{"Parameters":{"0":{"Kappa":2,"Tau":0.1584893192}},"Positive hit":{"0":2},"SNPs":{"0":[208796,207421]},"Model0 ll":{"0":[-1305.5752920678,-1179.1763669633]},"Model1 ll":{"0":[-143.5841548795,-212.9059531569]}}