{"Parameters":{"0":{"Kappa":2,"Tau":0.0001584893}},"Positive hit":{"0":1},"SNPs":{"0":[224207,226434]},"Model0 ll":{"0":[-132.1590924299,-124.4052949162]},"Model1 ll":{"0":[-129.8219967754,-124.4052949175]}}