{"Parameters":{"0":{"Kappa":2,"Tau":630.9573444802}},"Positive hit":{"0":1},"SNPs":{"0":[114595,113200]},"Model0 ll":{"0":[-118.8793187266,-139.9515276492]},"Model1 ll":{"0":[-150.9995917033,-131.8948566358]}}