{"Parameters":{"0":{"Kappa":2,"Tau":0.316227766}},"Positive hit":{"0":2},"SNPs":{"0":[193701,194495]},"Model0 ll":{"0":[-2664.0696402744,-2434.3098314611]},"Model1 ll":{"0":[-229.0887156957,-914.7599197301]}}