{"Parameters":{"0":{"Kappa":2,"Tau":100.0}},"Positive hit":{"0":0},"SNPs":{"0":[113702,111726]},"Model0 ll":{"0":[-131.7540650191,-126.8880122485]},"Model1 ll":{"0":[-131.7540650148,-126.8880122508]}}