{"Parameters":{"0":{"Kappa":2,"Tau":158.4893192461}},"Positive hit":{"0":0},"SNPs":{"0":[114265,115085]},"Model0 ll":{"0":[-110.6680639414,-126.4080951079]},"Model1 ll":{"0":[-110.6680945022,-148.9832430394]}}