{"Parameters":{"0":{"Kappa":2,"Tau":0.0001258925}},"Positive hit":{"0":0},"SNPs":{"0":[227499,225757]},"Model0 ll":{"0":[-135.2168374498,-155.0826776311]},"Model1 ll":{"0":[-135.2168374463,-164.5736488163]}}