{"Parameters":{"0":{"Kappa":2,"Tau":0.0630957344}},"Positive hit":{"0":2},"SNPs":{"0":[219745,218133]},"Model0 ll":{"0":[-449.7419855664,-497.1860780201]},"Model1 ll":{"0":[-311.1529489902,-139.2924023239]}}