{"Parameters":{"0":{"Kappa":2,"Tau":0.0039810717}},"Positive hit":{"0":0},"SNPs":{"0":[225246,229463]},"Model0 ll":{"0":[-136.5667628827,-132.1346278695]},"Model1 ll":{"0":[-160.440611766,-132.1346278699]}}