{"Parameters":{"0":{"Kappa":2,"Tau":0.0063095734}},"Positive hit":{"0":0},"SNPs":{"0":[225221,226670]},"Model0 ll":{"0":[-133.2326004362,-122.6712860214]},"Model1 ll":{"0":[-133.2326004359,-122.6712860229]}}