{"Parameters":{"0":{"Kappa":2,"Tau":3981.071705535}},"Positive hit":{"0":0},"SNPs":{"0":[114456,113031]},"Model0 ll":{"0":[-128.4859404839,-123.7260805869]},"Model1 ll":{"0":[-128.4859404809,-145.1177651679]}}