{"Parameters":{"0":{"Kappa":2,"Tau":0.0025118864}},"Positive hit":{"0":0},"SNPs":{"0":[227683,226510]},"Model0 ll":{"0":[-123.6084848798,-144.7384052854]},"Model1 ll":{"0":[-123.6084848823,-144.7384052887]}}