{"Parameters":{"0":{"Kappa":2,"Tau":0.1}},"Positive hit":{"0":2},"SNPs":{"0":[216587,213776]},"Model0 ll":{"0":[-587.5391177589,-973.0339076291]},"Model1 ll":{"0":[-130.915692038,-655.9676353254]}}