{"Parameters":{"0":{"Kappa":2,"Tau":125.8925411794}},"Positive hit":{"0":0},"SNPs":{"0":[114218,113526]},"Model0 ll":{"0":[-129.0345092681,-113.9554348878]},"Model1 ll":{"0":[-131.8388311744,-116.2678667391]}}