{"Parameters":{"0":{"Kappa":2,"Tau":0.1258925412}},"Positive hit":{"0":1},"SNPs":{"0":[211576,212440]},"Model0 ll":{"0":[-933.4019520669,-1055.5078806095]},"Model1 ll":{"0":[-933.4019520886,-652.7032642631]}}