{"Parameters":{"0":{"Kappa":2,"Tau":1.0}},"Positive hit":{"0":2},"SNPs":{"0":[166402,168201]},"Model0 ll":{"0":[-3186.361342869,-3603.8644906807]},"Model1 ll":{"0":[-381.1281661767,-475.5838200752]}}