{"Parameters":{"0":{"Kappa":2,"Tau":0.0012589254}},"Positive hit":{"0":0},"SNPs":{"0":[227441,225025]},"Model0 ll":{"0":[-124.5874013276,-149.0923081146]},"Model1 ll":{"0":[-129.6289211752,-149.0923081175]}}