{"Parameters":{"0":{"Kappa":2,"Tau":10000.0000000002}},"Positive hit":{"0":0},"SNPs":{"0":[113358,113290]},"Model0 ll":{"0":[-117.9368359269,-136.9865943619]},"Model1 ll":{"0":[-117.9368359259,-136.9865943587]}}