{"Parameters":{"0":{"Kappa":2,"Tau":0.0007943282}},"Positive hit":{"0":0},"SNPs":{"0":[227653,227234]},"Model0 ll":{"0":[-150.6122539343,-119.1365295037]},"Model1 ll":{"0":[-193.2438396393,-134.9664103517]}}