{"Parameters":{"0":{"Kappa":2,"Tau":15.8489319246}},"Positive hit":{"0":0},"SNPs":{"0":[114315,113017]},"Model0 ll":{"0":[-129.1209973236,-129.6092823716]},"Model1 ll":{"0":[-129.1209973185,-129.6092823722]}}