{"Parameters":{"0":{"Kappa":2,"Tau":7943.282347243}},"Positive hit":{"0":0},"SNPs":{"0":[114341,112664]},"Model0 ll":{"0":[-111.156207385,-128.2199124183]},"Model1 ll":{"0":[-111.1561902557,-157.4814173301]}}