{"Parameters":{"0":{"Kappa":2,"Tau":0.2511886432}},"Positive hit":{"0":2},"SNPs":{"0":[198240,199405]},"Model0 ll":{"0":[-2182.6600183184,-2004.5203024489]},"Model1 ll":{"0":[-199.5958684618,-826.2044592594]}}