{"Parameters":{"0":{"Kappa":2,"Tau":251.188643151}},"Positive hit":{"0":0},"SNPs":{"0":[113603,113371]},"Model0 ll":{"0":[-143.1164824443,-135.8296198266]},"Model1 ll":{"0":[-143.116482442,-135.829619823]}}