{"Parameters":{"0":{"Kappa":2,"Tau":10.0}},"Positive hit":{"0":0},"SNPs":{"0":[114188,114228]},"Model0 ll":{"0":[-122.0871979503,-114.5605013116]},"Model1 ll":{"0":[-121.8695052785,-115.0224134486]}}