{"Parameters":{"0":{"Kappa":2,"Tau":0.0794328235}},"Positive hit":{"0":2},"SNPs":{"0":[216541,214081]},"Model0 ll":{"0":[-662.4707400851,-769.131299796]},"Model1 ll":{"0":[-149.5910621088,-484.8967799665]}}