{"Parameters":{"0":{"Kappa":2,"Tau":3.9810717055}},"Positive hit":{"0":2},"SNPs":{"0":[123844,123536]},"Model0 ll":{"0":[-643.7622600363,-499.324541358]},"Model1 ll":{"0":[-394.029478681,-341.1523241176]}}