{"Parameters":{"0":{"Kappa":2,"Tau":6.3095734448}},"Positive hit":{"0":2},"SNPs":{"0":[117080,118576]},"Model0 ll":{"0":[-159.6410871274,-168.3366381821]},"Model1 ll":{"0":[-112.1976988912,-123.145154282]}}