{"Parameters":{"0":{"Kappa":2,"Tau":0.001}},"Positive hit":{"0":0},"SNPs":{"0":[227349,228101]},"Model0 ll":{"0":[-124.4030851286,-129.8497915218]},"Model1 ll":{"0":[-128.8358786536,-129.849791521]}}