{"Parameters":{"0":{"Kappa":2,"Tau":0.0199526231}},"Positive hit":{"0":1},"SNPs":{"0":[224403,224547]},"Model0 ll":{"0":[-147.0573004295,-140.3010989412]},"Model1 ll":{"0":[-121.5092299086,-140.3010989502]}}