{"Parameters":{"0":{"Kappa":2,"Tau":5011.8723362728}},"Positive hit":{"0":0},"SNPs":{"0":[113210,114010]},"Model0 ll":{"0":[-179.6709471034,-133.4371058745]},"Model1 ll":{"0":[-179.6709471092,-137.135974831]}}