{"Parameters":{"0":{"Kappa":2,"Tau":63.095734448}},"Positive hit":{"0":0},"SNPs":{"0":[112874,112832]},"Model0 ll":{"0":[-116.2985556454,-114.4286648962]},"Model1 ll":{"0":[-118.2862100371,-114.4286648962]}}