{"Parameters":{"0":{"Kappa":2,"Tau":3.1622776602}},"Positive hit":{"0":2},"SNPs":{"0":[131609,131407]},"Model0 ll":{"0":[-1104.9546457909,-946.3321325204]},"Model1 ll":{"0":[-142.4601747718,-652.2739927253]}}