{"Parameters":{"0":{"Kappa":2,"Tau":0.0316227766}},"Positive hit":{"0":2},"SNPs":{"0":[222173,223694]},"Model0 ll":{"0":[-160.8877144827,-371.5336148665]},"Model1 ll":{"0":[-115.9355725721,-141.9363387568]}}