{"Parameters":{"0":{"Kappa":2,"Tau":1000.0}},"Positive hit":{"0":0},"SNPs":{"0":[111685,113643]},"Model0 ll":{"0":[-125.5926040007,-119.3508561906]},"Model1 ll":{"0":[-127.2758380681,-131.3853207143]}}