{"Parameters":{"0":{"Kappa":2,"Tau":1.2589254118}},"Positive hit":{"0":2},"SNPs":{"0":[160986,161295]},"Model0 ll":{"0":[-3218.7573686955,-3320.7974321737]},"Model1 ll":{"0":[-243.4439189114,-253.1536725369]}}