{"Parameters":{"0":{"Kappa":2,"Tau":1.5848931925}},"Positive hit":{"0":2},"SNPs":{"0":[155151,154140]},"Model0 ll":{"0":[-3087.1866274114,-2831.0939599438]},"Model1 ll":{"0":[-182.669726439,-168.9272805603]}}