{"Parameters":{"0":{"Kappa":2,"Tau":1584.8931924611}},"Positive hit":{"0":0},"SNPs":{"0":[114045,113242]},"Model0 ll":{"0":[-114.8172208295,-126.2382737249]},"Model1 ll":{"0":[-113.4210799025,-140.7231328633]}}