{"Parameters":{"0":{"Kappa":2,"Tau":0.6309573445}},"Positive hit":{"0":2},"SNPs":{"0":[180241,182845]},"Model0 ll":{"0":[-3370.6433054829,-3058.5699382187]},"Model1 ll":{"0":[-536.0276953369,-667.2046301051]}}