{
    "alpha": 100,
    "hidden_states": {
        "Pop1": [
            0.0,
            0.07179976679277468,
            0.34496096002427545,
            1.6428776201220046,
            5007.915929247898,
            Infinity
        ]
    },
    "model": {
        "N0": 0.0625,
        "class": "SMCModel",
        "knots": [
            0.07179976679277468,
            1.6428776201220046
        ],
        "pid": "Pop1",
        "spline_class": "Piecewise",
        "y": [
            6.365623775338342,
            6.365623775338342
        ]
    },
    "rho": 0.0001,
    "theta": 0.0001
}