{
    "alpha": 100,
    "hidden_states": {
        "Pop1": [
            0.0,
            0.07092514787610149,
            0.09746978470557287,
            0.1327705852029872,
            0.1852814538227203,
            0.2552179040729797,
            0.3438099588281464,
            0.4720565076374473,
            0.6475249566130443,
            0.8824237272443191,
            1.2086807880099826,
            1.6376107681545466,
            2.2671868114092883,
            3.182493598803699,
            4.653719176397399,
            7.781866878077007,
            5007.907218559092,
            Infinity
        ]
    },
    "model": {
        "N0": 0.0625,
        "class": "SMCModel",
        "knots": [
            0.07092514787610149,
            0.1327705852029872,
            0.2552179040729797,
            0.4720565076374473,
            0.8824237272443191,
            1.6376107681545466,
            3.182493598803699,
            7.781866878077007
        ],
        "pid": "Pop1",
        "spline_class": "Piecewise",
        "y": [
            6.0630570614686565,
            5.137595888811675,
            5.156610664937146,
            5.271413476134347,
            5.3247560855645695,
            5.319542240671565,
            5.469656680686074,
            4.498105516187281
        ]
    },
    "rho": 0.009996002840327433,
    "theta": 0.0001
}