{
    "alpha": 100,
    "hidden_states": {
        "Pop1": [
            0.0,
            0.07750548756715045,
            0.3748810079068297,
            1.7029859202933322,
            5008.391347787352,
            Infinity
        ]
    },
    "model": {
        "N0": 0.0625,
        "class": "SMCModel",
        "knots": [
            0.07750548756715045,
            1.7029859202933322
        ],
        "pid": "Pop1",
        "spline_class": "Piecewise",
        "y": [
            1.3907978641562402,
            4.9801904229416385
        ]
    },
    "rho": 0.009996002840327433,
    "theta": 0.0001
}