{
    "alpha": 100,
    "hidden_states": {
        "Pop1": [
            0.0,
            0.07662560011705068,
            0.15334364244370033,
            0.3028479064869618,
            0.571889373645615,
            1.099103288961181,
            2.1670222194266144,
            4.729244857038734,
            5008.357510631583,
            Infinity
        ]
    },
    "model": {
        "N0": 0.0625,
        "class": "SMCModel",
        "knots": [
            0.07662560011705068,
            0.3028479064869618,
            1.099103288961181,
            4.729244857038734
        ],
        "pid": "Pop1",
        "spline_class": "Piecewise",
        "y": [
            9.210335967562006,
            9.210333905200068,
            9.210333905200068,
            9.210333905200068
        ]
    },
    "rho": 0.009996002840327433,
    "theta": 0.0001
}