{
    "alpha": 100,
    "hidden_states": {
        "Pop1": [
            0.0,
            0.07465854799130855,
            0.1858809493816134,
            0.4704750777117238,
            1.2102954626189504,
            3.163887935019858,
            5007.839890764018,
            Infinity
        ]
    },
    "model": {
        "N0": 0.0625,
        "class": "SMCModel",
        "knots": [
            0.07465854799130855,
            0.4704750777117238,
            3.163887935019858
        ],
        "pid": "Pop1",
        "spline_class": "Piecewise",
        "y": [
            6.441788490023338,
            6.441788490023338,
            6.441788490023338
        ]
    },
    "rho": 0.0001,
    "theta": 0.0001
}