{
    "alpha": 100,
    "hidden_states": {
        "Pop1": [
            0.0,
            0.0004948820289609362,
            0.0007804328610496961,
            0.001185616916145449,
            0.0018715520532423067,
            0.0028114830054915526,
            0.004198448035853011,
            0.006284309263489766,
            0.00959509858526531,
            0.014699396210120196,
            0.023346556586571227,
            0.03917243141609971,
            80.03137832058158,
            Infinity
        ]
    },
    "model": {
        "N0": 6.250000000000001,
        "class": "SMCModel",
        "knots": [
            0.0004948820289609362,
            0.001185616916145449,
            0.0028114830054915526,
            0.006284309263489766,
            0.014699396210120196,
            0.03917243141609971
        ],
        "pid": "Pop1",
        "spline_class": "Piecewise",
        "y": [
            4.236664527732878,
            1.8998332958118214,
            -0.4403814372456121,
            -2.137513840034695,
            -2.634032297612078,
            4.633964378963451
        ]
    },
    "rho": 0.00999400671304858,
    "theta": 0.0001
}