{
    "alpha": 100,
    "hidden_states": {
        "Pop1": [
            0.0,
            0.0004948820289609362,
            0.0007804328610496961,
            0.001185616916145449,
            0.0018715520532423067,
            0.0028114830054915526,
            0.004198448035853011,
            0.006284309263489766,
            0.00959509858526531,
            0.014699396210120196,
            0.023346556586571227,
            0.03917243141609971,
            80.03137832058158,
            Infinity
        ]
    },
    "model": {
        "N0": 6.250000000000001,
        "class": "SMCModel",
        "knots": [
            0.0004948820289609362,
            0.001185616916145449,
            0.0028114830054915526,
            0.006284309263489766,
            0.014699396210120196,
            0.03917243141609971
        ],
        "pid": "Pop1",
        "spline_class": "Piecewise",
        "y": [
            4.839141052029074,
            2.394913440851002,
            -0.04946501839106388,
            -1.9679010046793595,
            -2.6034541529431783,
            4.589230765141514
        ]
    },
    "rho": 0.00999363094298937,
    "theta": 0.0001
}