{
    "alpha": 100,
    "hidden_states": {
        "Pop1": [
            0.0,
            0.0004948820289609362,
            0.0007804328610496961,
            0.001185616916145449,
            0.0018715520532423067,
            0.0028114830054915526,
            0.004198448035853011,
            0.006284309263489766,
            0.00959509858526531,
            0.014699396210120196,
            0.023346556586571227,
            0.03917243141609971,
            80.03137832058158,
            Infinity
        ]
    },
    "model": {
        "N0": 6.250000000000001,
        "class": "SMCModel",
        "knots": [
            0.0004948820289609362,
            0.001185616916145449,
            0.0028114830054915526,
            0.006284309263489766,
            0.014699396210120196,
            0.03917243141609971
        ],
        "pid": "Pop1",
        "spline_class": "Piecewise",
        "y": [
            3.289261059694464,
            2.506964847493812,
            1.6154600030363284,
            0.38214675181622343,
            0.38214599901643587,
            3.2136934444710423
        ]
    },
    "rho": 8.818285042616072e-05,
    "theta": 0.0001
}