{
    "alpha": 100,
    "hidden_states": {
        "Pop1": [
            0.0,
            0.07075686898975532,
            0.11055637591562088,
            0.1680979865253753,
            0.26094714370042665,
            0.3954282308616339,
            0.6085395566455981,
            0.9357101519697469,
            1.4267263222981825,
            2.1980010898795403,
            3.5146321334258017,
            6.235966203158018,
            5007.89906947391,
            Infinity
        ]
    },
    "model": {
        "N0": 0.0625,
        "class": "SMCModel",
        "knots": [
            0.07075686898975532,
            0.1680979865253753,
            0.3954282308616339,
            0.9357101519697469,
            2.1980010898795403,
            6.235966203158018
        ],
        "pid": "Pop1",
        "spline_class": "Piecewise",
        "y": [
            6.43025995415167,
            6.43025995415167,
            6.43025995415167,
            6.43025995415167,
            6.43025995415167,
            6.43025995415167
        ]
    },
    "rho": 0.0001,
    "theta": 0.0001
}