{
    "alpha": 100,
    "hidden_states": {
        "Pop1": [
            0.0,
            0.07501801617449123,
            0.19390394297728414,
            0.49706161226483525,
            1.2627536941925666,
            3.3646275943489337,
            5008.360729823367,
            Infinity
        ]
    },
    "model": {
        "N0": 0.0625,
        "class": "SMCModel",
        "knots": [
            0.07501801617449123,
            0.49706161226483525,
            3.3646275943489337
        ],
        "pid": "Pop1",
        "spline_class": "Piecewise",
        "y": [
            9.210333515822553,
            9.210333990096586,
            9.210333990096586
        ]
    },
    "rho": 0.009996002840327433,
    "theta": 0.0001
}