{
    "alpha": 100,
    "hidden_states": {
        "Pop1": [
            0.0,
            0.08100001123244312,
            0.12053643739786782,
            0.1825099613937594,
            0.27786989889146574,
            0.42296633151921603,
            0.6506095089634616,
            1.0079787412695882,
            1.512283137665673,
            2.3355675638392337,
            3.768239939847718,
            6.97094437102755,
            5008.507690511843,
            Infinity
        ]
    },
    "model": {
        "N0": 0.0625,
        "class": "SMCModel",
        "knots": [
            0.08100001123244312,
            0.1825099613937594,
            0.42296633151921603,
            1.0079787412695882,
            2.3355675638392337,
            6.97094437102755
        ],
        "pid": "Pop1",
        "spline_class": "Piecewise",
        "y": [
            1.312923544882554,
            1.312923544882554,
            1.7356616337529793,
            2.6956386653673032,
            3.024467156806185,
            4.952489692377071
        ]
    },
    "rho": 0.009996002840327433,
    "theta": 0.0001
}