{
    "alpha": 100,
    "hidden_states": {
        "Pop1": [
            0.0,
            0.07467405504820668,
            0.3417718548716281,
            1.6353560138441896,
            5007.859089233146,
            Infinity
        ]
    },
    "model": {
        "N0": 0.0625,
        "class": "SMCModel",
        "knots": [
            0.07467405504820668,
            1.6353560138441896
        ],
        "pid": "Pop1",
        "spline_class": "Piecewise",
        "y": [
            6.356931214150305,
            6.356931214150305
        ]
    },
    "rho": 0.0001,
    "theta": 0.0001
}