{
    "LL": -200507.41350700276,
    "alpha": 100,
    "hidden_states": {
        "Pop1": [
            0.0,
            0.00048267532185893567,
            0.002368922852802513,
            0.010832798130772408,
            0.12559400850548294,
            Infinity
        ]
    },
    "model": {
        "N0": 6.250000000000001,
        "class": "SMCModel",
        "knots": [
            0.00048267532185893567,
            0.010832798130772408
        ],
        "pid": "Pop1",
        "spline_class": "Piecewise",
        "y": [
            -2.2890612828478174,
            -2.1486331321918812
        ]
    },
    "rho": 0.0019087148920402545,
    "theta": 0.0001
}