{
    "LL": -199140.21685093848,
    "alpha": 100,
    "hidden_states": {
        "Pop1": [
            0.0,
            0.00048267532185893567,
            0.002368922852802513,
            0.010832798130772408,
            0.12559400850548294,
            Infinity
        ]
    },
    "model": {
        "N0": 6.250000000000001,
        "class": "SMCModel",
        "knots": [
            0.00048267532185893567,
            0.010832798130772408
        ],
        "pid": "Pop1",
        "spline_class": "Piecewise",
        "y": [
            -2.0306433069475447,
            -2.0099025492166818
        ]
    },
    "rho": 0.004222517356295945,
    "theta": 0.0001
}