{
    "LL": -197877.92832686633,
    "alpha": 100,
    "hidden_states": {
        "Pop1": [
            0.0,
            0.00048267532185893567,
            0.002368922852802513,
            0.010832798130772408,
            0.12559400850548294,
            Infinity
        ]
    },
    "model": {
        "N0": 6.250000000000001,
        "class": "SMCModel",
        "knots": [
            0.00048267532185893567,
            0.010832798130772408
        ],
        "pid": "Pop1",
        "spline_class": "Piecewise",
        "y": [
            -2.0279736929022185,
            -1.7275581639501933
        ]
    },
    "rho": 0.00999345339713764,
    "theta": 0.0001
}