{
    "alpha": 100,
    "hidden_states": {
        "Pop1": [
            0.0,
            0.000539215353222848,
            0.0007372153582742431,
            0.000995246364050183,
            0.00133780392033803,
            0.0018078273686990812,
            0.0024158681154793824,
            0.003297682465484085,
            0.004469151094398596,
            0.00611451840396757,
            0.008254910699185755,
            0.01131380034389341,
            0.015516807776453301,
            0.021470409648913693,
            0.030946049456517948,
            0.04731532827231993,
            40.03585869016473,
            Infinity
        ]
    },
    "model": {
        "N0": 6.250000000000001,
        "class": "SMCModel",
        "knots": [
            0.000539215353222848,
            0.000995246364050183,
            0.0018078273686990812,
            0.003297682465484085,
            0.00611451840396757,
            0.01131380034389341,
            0.021470409648913693,
            0.04731532827231993
        ],
        "pid": "Pop1",
        "spline_class": "Piecewise",
        "y": [
            1.9300800576126336,
            1.6397569238637455,
            1.3230152882323398,
            1.0485096294195473,
            0.5994537996194144,
            -0.6012855074012465,
            -3.0730448258456007,
            0.6323973448564403
        ]
    },
    "rho": 0.009996002840327433,
    "theta": 0.0001
}