{
    "LL": -2030.037587854479,
    "alpha": 100,
    "hidden_states": {
        "Pop1": [
            0.0,
            0.08233979742956178,
            0.12151374650631923,
            0.18532250406618636,
            0.281670502480791,
            0.427305732586512,
            0.6595556108819386,
            1.0200462094102198,
            1.5336875668987857,
            2.3709664339100254,
            3.8310900003082793,
            7.174606413232302,
            5008.610535280222,
            Infinity
        ]
    },
    "model": {
        "N0": 0.0625,
        "class": "SMCModel",
        "knots": [
            0.08233979742956178,
            0.18532250406618636,
            0.427305732586512,
            1.0200462094102198,
            2.3709664339100254,
            7.174606413232302
        ],
        "pid": "Pop1",
        "spline_class": "Piecewise",
        "y": [
            9.065567310153146,
            9.065567310153146,
            9.065567310153146,
            9.065567310153146,
            9.065567310153146,
            9.065567310153146
        ]
    },
    "rho": 0.0001,
    "theta": 0.0001
}