{
    "alpha": 100,
    "hidden_states": {
        "Pop1": [
            0.0,
            0.0004820279393980143,
            0.0007068558387929401,
            0.0010012841838521944,
            0.0014748701575310018,
            0.0021024719582766116,
            0.002980633599941502,
            0.004205926770926233,
            0.005884307280724619,
            0.008501308743078008,
            0.01216460197371914,
            0.01753720905061869,
            0.026340821238463808,
            0.04124641605770103,
            0.10962465741442562,
            Infinity
        ]
    },
    "model": {
        "N0": 6.250000000000001,
        "class": "SMCModel",
        "knots": [
            0.0004820279393980143,
            0.0010012841838521944,
            0.0021024719582766116,
            0.004205926770926233,
            0.008501308743078008,
            0.01753720905061869,
            0.04124641605770103
        ],
        "pid": "Pop1",
        "spline_class": "Piecewise",
        "y": [
            -1.839057368318549,
            -1.839057368318549,
            -1.839057368318549,
            -1.839057368318549,
            -1.839057368318549,
            -1.839057368318549,
            -1.839057368318549
        ]
    },
    "rho": 0.0001,
    "theta": 0.0001
}