{
    "alpha": 100,
    "hidden_states": {
        "Pop1": [
            0.0,
            0.0005204264274843722,
            0.0006982395939715276,
            0.0009032522899076051,
            0.0011789391484361437,
            0.0015461264830841138,
            0.001982273789449661,
            0.002593110781403189,
            0.00342471237715099,
            0.0044679593299443215,
            0.0058956681926228835,
            0.00767858775047987,
            0.010134977430221967,
            0.01332865191960088,
            0.017763055446228842,
            0.023880621816947795,
            0.03315783692199579,
            0.048782088303846886,
            80.01612501732127,
            Infinity
        ]
    },
    "model": {
        "N0": 6.250000000000001,
        "class": "SMCModel",
        "knots": [
            0.0005204264274843722,
            0.0009032522899076051,
            0.0015461264830841138,
            0.002593110781403189,
            0.0044679593299443215,
            0.00767858775047987,
            0.01332865191960088,
            0.023880621816947795,
            0.048782088303846886
        ],
        "pid": "Pop1",
        "spline_class": "Piecewise",
        "y": [
            7.1156222964621785,
            6.067242110982862,
            5.018861925515268,
            3.7332146430852284,
            2.0170270187180197,
            0.01987125036254023,
            -1.6772412513808281,
            -2.6997653015364516,
            4.642634723129627
        ]
    },
    "rho": 0.009993623274642363,
    "theta": 0.0001
}