{
    "alpha": 100,
    "hidden_states": {
        "Pop1": [
            0.0,
            0.0005204264274843722,
            0.0006982395939715276,
            0.0009032522899076051,
            0.0011789391484361437,
            0.0015461264830841138,
            0.001982273789449661,
            0.002593110781403189,
            0.00342471237715099,
            0.0044679593299443215,
            0.0058956681926228835,
            0.00767858775047987,
            0.010134977430221967,
            0.01332865191960088,
            0.017763055446228842,
            0.023880621816947795,
            0.03315783692199579,
            0.048782088303846886,
            80.01612501732127,
            Infinity
        ]
    },
    "model": {
        "N0": 6.250000000000001,
        "class": "SMCModel",
        "knots": [
            0.0005204264274843722,
            0.0009032522899076051,
            0.0015461264830841138,
            0.002593110781403189,
            0.0044679593299443215,
            0.00767858775047987,
            0.01332865191960088,
            0.023880621816947795,
            0.048782088303846886
        ],
        "pid": "Pop1",
        "spline_class": "Piecewise",
        "y": [
            5.992202907986637,
            5.495343567340479,
            4.9966659321179785,
            4.164214402066507,
            2.676838096560745,
            0.5994120997446255,
            -1.3995588359315887,
            -2.361441696706887,
            4.4085404880572066
        ]
    },
    "rho": 0.009980383801698339,
    "theta": 0.0001
}