{
    "alpha": 100,
    "hidden_states": {
        "Pop1": [
            0.0,
            0.07659183865473142,
            0.10983305343238947,
            0.15300290697711164,
            0.21698493687384604,
            0.3135353125113941,
            0.44192052183649677,
            0.6258906305431169,
            0.8966232930790384,
            1.2712538776325106,
            1.8458186076798093,
            2.706747354527175,
            4.0893023373140975,
            6.926293830022316,
            5007.83826062977,
            Infinity
        ]
    },
    "model": {
        "N0": 0.0625,
        "class": "SMCModel",
        "knots": [
            0.07659183865473142,
            0.15300290697711164,
            0.3135353125113941,
            0.6258906305431169,
            1.2712538776325106,
            2.706747354527175,
            6.926293830022316
        ],
        "pid": "Pop1",
        "spline_class": "Piecewise",
        "y": [
            6.169859103743005,
            5.169182129137637,
            5.165983740276877,
            5.271992427022361,
            5.185556166941168,
            4.277440041631825,
            5.427740101560701
        ]
    },
    "rho": 0.009996002840327433,
    "theta": 0.0001
}