{
    "alpha": 100,
    "hidden_states": {
        "Pop1": [
            0.0,
            0.0725505793014646,
            0.11304773578937835,
            0.17105489126270113,
            0.2657176269575824,
            0.40213853404860966,
            0.6173721315626073,
            0.9523518904745465,
            1.444159479175925,
            2.227368432013809,
            3.56611028371005,
            6.384309730304793,
            5008.0485885508615,
            Infinity
        ]
    },
    "model": {
        "N0": 0.0625,
        "class": "SMCModel",
        "knots": [
            0.0725505793014646,
            0.17105489126270113,
            0.40213853404860966,
            0.9523518904745465,
            2.227368432013809,
            6.384309730304793
        ],
        "pid": "Pop1",
        "spline_class": "Piecewise",
        "y": [
            2.2546195124682136,
            2.2546195124682136,
            2.4182922660703157,
            3.274336213275935,
            4.171340586343648,
            5.872031588006704
        ]
    },
    "rho": 0.009996002840327433,
    "theta": 0.0001
}