{
    "alpha": 100,
    "hidden_states": {
        "Pop1": [
            0.0,
            0.07340920609324063,
            0.11175398128564658,
            0.1759222064813819,
            0.2698606951007992,
            0.4064558488669023,
            0.6060658435329189,
            0.9316160461628128,
            1.4151301562499317,
            2.1758664545930357,
            3.5179862991269855,
            6.24590894730861,
            5007.7132088063945,
            Infinity
        ]
    },
    "model": {
        "N0": 0.0625,
        "class": "SMCModel",
        "knots": [
            0.07340920609324063,
            0.1759222064813819,
            0.4064558488669023,
            0.9316160461628128,
            2.1758664545930357,
            6.24590894730861
        ],
        "pid": "Pop1",
        "spline_class": "Piecewise",
        "y": [
            6.245913125871766,
            5.149629453989532,
            5.141649416514385,
            5.048834689766292,
            4.121929289377852,
            5.430459310552882
        ]
    },
    "rho": 0.009996002840327433,
    "theta": 0.0001
}