{
    "alpha": 100,
    "hidden_states": {
        "Pop1": [
            0.0,
            0.04797205847422674,
            0.07480403485910113,
            0.11434639686202859,
            0.17858670505583923,
            0.27191365030239595,
            0.4035612191485331,
            0.6079500591140115,
            0.9303157503209423,
            1.422112085172746,
            2.248408815327546,
            3.7555891535796637,
            10.41809336226488,
            Infinity
        ]
    },
    "model": {
        "N0": 0.0625,
        "class": "SMCModel",
        "knots": [
            0.04797205847422674,
            0.11434639686202859,
            0.27191365030239595,
            0.6079500591140115,
            1.422112085172746,
            3.7555891535796637
        ],
        "pid": "Pop1",
        "spline_class": "Piecewise",
        "y": [
            -6.907756419181711,
            0.39079923302945885,
            1.9706607861576733,
            2.0605208954939047,
            1.9178034869250649,
            2.6583731147248106
        ]
    },
    "rho": 0.006104232926086661,
    "theta": 0.0001
}