{
    "alpha": 100,
    "hidden_states": {
        "Pop1": [
            0.0,
            0.07904232870990249,
            0.11811860602624753,
            0.17689184438766892,
            0.2653754205921703,
            0.3987981051190613,
            0.6071240449933761,
            0.9200758829460689,
            1.4124703252625292,
            2.178124510440788,
            3.490857355916911,
            6.174704776844967,
            5007.910378353415,
            Infinity
        ]
    },
    "model": {
        "N0": 0.0625,
        "class": "SMCModel",
        "knots": [
            0.07904232870990249,
            0.17689184438766892,
            0.3987981051190613,
            0.9200758829460689,
            2.178124510440788,
            6.174704776844967
        ],
        "pid": "Pop1",
        "spline_class": "Piecewise",
        "y": [
            6.415371875118054,
            6.415371875118054,
            6.415371875118054,
            6.415371875118054,
            6.415371875118054,
            6.415371875118054
        ]
    },
    "rho": 0.0001,
    "theta": 0.0001
}