{"Parameters":{"0":{"Kappa":10,"Tau":0.0015848932}},"Positive hit":{"0":0},"SNPs":{"0":[497937,500401]},"Model0 ll":{"0":[-133.119234679,-147.876727992]},"Model1 ll":{"0":[-143.9987119613,-147.8767279989]}}