{"Parameters":{"0":{"Kappa":10,"Tau":79.4328234724}},"Positive hit":{"0":0},"SNPs":{"0":[493501,490476]},"Model0 ll":{"0":[-132.2937201113,-122.2166200298]},"Model1 ll":{"0":[-132.2937201096,-122.2166200269]}}