{"Parameters":{"0":{"Kappa":10,"Tau":7.9432823472}},"Positive hit":{"0":1},"SNPs":{"0":[501575,503259]},"Model0 ll":{"0":[-2621.4049818434,-2710.3375280968]},"Model1 ll":{"0":[-2621.4049817932,-1794.0936347302]}}