{"Parameters":{"0":{"Kappa":10,"Tau":15.8489319246}},"Positive hit":{"0":0},"SNPs":{"0":[487646,495323]},"Model0 ll":{"0":[-137.8692371112,-173.2060881158]},"Model1 ll":{"0":[-137.8692371159,-179.8397664127]}}