{"Parameters":{"0":{"Kappa":10,"Tau":0.0050118723}},"Positive hit":{"0":1},"SNPs":{"0":[503391,503128]},"Model0 ll":{"0":[-144.9473461998,-150.4450375195]},"Model1 ll":{"0":[-288.1510772207,-136.4674735557]}}