{"Parameters":{"0":{"Kappa":10,"Tau":1.2589254118}},"Positive hit":{"0":2},"SNPs":{"0":[501143,499065]},"Model0 ll":{"0":[-73177.4904450144,-71645.0839077709]},"Model1 ll":{"0":[-183.1985425738,-235.6600917034]}}