{"Parameters":{"0":{"Kappa":10,"Tau":3.9810717055}},"Positive hit":{"0":2},"SNPs":{"0":[505488,500939]},"Model0 ll":{"0":[-46736.9472199479,-43677.8326304718]},"Model1 ll":{"0":[-315.4042768487,-209.039933013]}}