{"Parameters":{"0":{"Kappa":10,"Tau":0.0001584893}},"Positive hit":{"0":1},"SNPs":{"0":[499750,497264]},"Model0 ll":{"0":[-134.8271362856,-156.6478839957]},"Model1 ll":{"0":[-134.8271362906,-131.4658334801]}}