{"Parameters":{"0":{"Kappa":10,"Tau":0.2511886432}},"Positive hit":{"0":2},"SNPs":{"0":[501541,502142]},"Model0 ll":{"0":[-20274.8461959796,-19358.6641277128]},"Model1 ll":{"0":[-155.1706497461,-186.010203207]}}