{"Parameters":{"0":{"Kappa":10,"Tau":0.0063095734}},"Positive hit":{"0":1},"SNPs":{"0":[500159,501499]},"Model0 ll":{"0":[-208.8586738807,-129.6414364559]},"Model1 ll":{"0":[-130.2895875086,-129.6414364596]}}