{"Parameters":{"0":{"Kappa":10,"Tau":2511.8864315096}},"Positive hit":{"0":0},"SNPs":{"0":[509078,504756]},"Model0 ll":{"0":[-138.5425277414,-139.9007279198]},"Model1 ll":{"0":[-138.5425277384,-139.9007279254]}}