{"Parameters":{"0":{"Kappa":10,"Tau":0.1584893192}},"Positive hit":{"0":2},"SNPs":{"0":[509447,502262]},"Model0 ll":{"0":[-9951.3600263574,-10169.5265536301]},"Model1 ll":{"0":[-152.9435814604,-5028.4021504703]}}