{"Parameters":{"0":{"Kappa":10,"Tau":25.1188643151}},"Positive hit":{"0":0},"SNPs":{"0":[493305,489663]},"Model0 ll":{"0":[-137.4130002105,-127.2955085606]},"Model1 ll":{"0":[-143.0731094637,-183.9443978476]}}