{"Parameters":{"0":{"Kappa":10,"Tau":0.0630957344}},"Positive hit":{"0":1},"SNPs":{"0":[496284,497787]},"Model0 ll":{"0":[-2935.7585951388,-3256.8449659348]},"Model1 ll":{"0":[-2935.7585952126,-167.4446471302]}}