{"Parameters":{"0":{"Kappa":10,"Tau":0.7943282347}},"Positive hit":{"0":2},"SNPs":{"0":[502028,508560]},"Model0 ll":{"0":[-55900.2162098777,-56603.2556094733]},"Model1 ll":{"0":[-218.7695807558,-325.2022352973]}}