{"Parameters":{"0":{"Kappa":10,"Tau":0.5011872336}},"Positive hit":{"0":2},"SNPs":{"0":[502043,497571]},"Model0 ll":{"0":[-37728.3014116133,-38802.0714404168]},"Model1 ll":{"0":[-8863.2747798645,-157.8634224958]}}