{"Parameters":{"0":{"Kappa":10,"Tau":158.4893192461}},"Positive hit":{"0":0},"SNPs":{"0":[495813,493599]},"Model0 ll":{"0":[-130.2243295347,-149.3941649339]},"Model1 ll":{"0":[-130.2243295316,-149.3941649329]}}