{"Parameters":{"0":{"Kappa":10,"Tau":0.001}},"Positive hit":{"0":0},"SNPs":{"0":[498964,495215]},"Model0 ll":{"0":[-140.1107721971,-129.9979022839]},"Model1 ll":{"0":[-140.1107722048,-140.0499846731]}}