{"Parameters":{"0":{"Kappa":10,"Tau":1.995262315}},"Positive hit":{"0":2},"SNPs":{"0":[506657,501644]},"Model0 ll":{"0":[-80079.9937365324,-78990.0690940057]},"Model1 ll":{"0":[-188.6078606259,-247.1304810307]}}