{"Parameters":{"0":{"Kappa":10,"Tau":0.0794328235}},"Positive hit":{"0":1},"SNPs":{"0":[492932,493949]},"Model0 ll":{"0":[-4654.3284261931,-4597.8192649618]},"Model1 ll":{"0":[-4654.3284262673,-150.5947653104]}}