{"Parameters":{"0":{"Kappa":10,"Tau":0.0031622777}},"Positive hit":{"0":2},"SNPs":{"0":[497116,496468]},"Model0 ll":{"0":[-128.1768887615,-148.8115813834]},"Model1 ll":{"0":[-121.8379701269,-132.1828292548]}}