{"Parameters":{"0":{"Kappa":10,"Tau":501.1872336273}},"Positive hit":{"0":0},"SNPs":{"0":[505594,504750]},"Model0 ll":{"0":[-139.7837883368,-143.8867430432]},"Model1 ll":{"0":[-155.3727679613,-154.5899983878]}}