{"Parameters":{"0":{"Kappa":10,"Tau":31.6227766017}},"Positive hit":{"0":0},"SNPs":{"0":[494080,491919]},"Model0 ll":{"0":[-124.3578497645,-129.1119988594]},"Model1 ll":{"0":[-124.3578497638,-129.1263190552]}}