{"Parameters":{"0":{"Kappa":10,"Tau":0.1995262315}},"Positive hit":{"0":2},"SNPs":{"0":[500580,498168]},"Model0 ll":{"0":[-13584.7411870661,-14074.6460849645]},"Model1 ll":{"0":[-241.0690028519,-142.3611696963]}}