{"Parameters":{"0":{"Kappa":10,"Tau":63.095734448}},"Positive hit":{"0":0},"SNPs":{"0":[489317,488912]},"Model0 ll":{"0":[-138.3623622636,-193.3544996801]},"Model1 ll":{"0":[-138.3623622622,-193.3544996901]}}