{"Parameters":{"0":{"Kappa":10,"Tau":5011.8723362728}},"Positive hit":{"0":1},"SNPs":{"0":[508123,502179]},"Model0 ll":{"0":[-145.823187641,-156.7123725996]},"Model1 ll":{"0":[-145.8231876385,-136.6810330673]}}