{"Parameters":{"0":{"Kappa":10,"Tau":794.3282347243}},"Positive hit":{"0":0},"SNPs":{"0":[508334,505958]},"Model0 ll":{"0":[-144.5661460068,-130.0474802639]},"Model1 ll":{"0":[-151.4208223813,-130.0474802649]}}