{"Parameters":{"0":{"Kappa":10,"Tau":0.01}},"Positive hit":{"0":1},"SNPs":{"0":[495425,500941]},"Model0 ll":{"0":[-361.8776588241,-255.8550959594]},"Model1 ll":{"0":[-361.8776588667,-218.5164070455]}}