{"Parameters":{"0":{"Kappa":10,"Tau":0.0125892541}},"Positive hit":{"0":2},"SNPs":{"0":[497142,503506]},"Model0 ll":{"0":[-571.383128044,-161.1538976158]},"Model1 ll":{"0":[-134.4340432076,-144.9231049909]}}