{"Parameters":{"0":{"Kappa":10,"Tau":0.0002511886}},"Positive hit":{"0":0},"SNPs":{"0":[496319,501570]},"Model0 ll":{"0":[-175.1961858445,-144.9119025639]},"Model1 ll":{"0":[-205.0553321821,-144.9119025571]}}