{"Parameters":{"0":{"Kappa":10,"Tau":10000.0000000002}},"Positive hit":{"0":0},"SNPs":{"0":[503784,508518]},"Model0 ll":{"0":[-154.1880580269,-145.3382472777]},"Model1 ll":{"0":[-207.4924800404,-154.4808248147]}}