{"Parameters":{"0":{"Kappa":10,"Tau":630.9573444802}},"Positive hit":{"0":0},"SNPs":{"0":[507163,508748]},"Model0 ll":{"0":[-144.9071065268,-138.5668111778]},"Model1 ll":{"0":[-167.0211005359,-169.8781539535]}}