{"Parameters":{"0":{"Kappa":10,"Tau":3162.2776601684}},"Positive hit":{"0":0},"SNPs":{"0":[507394,503638]},"Model0 ll":{"0":[-125.467332798,-169.1364115971]},"Model1 ll":{"0":[-125.4673328009,-169.1364116075]}}