{"Parameters":{"0":{"Kappa":10,"Tau":0.0199526231}},"Positive hit":{"0":2},"SNPs":{"0":[500195,503623]},"Model0 ll":{"0":[-506.6511705319,-312.1244970139]},"Model1 ll":{"0":[-421.3318806857,-139.8570034553]}}