{"Parameters":{"0":{"Kappa":10,"Tau":0.0158489319}},"Positive hit":{"0":2},"SNPs":{"0":[503889,502458]},"Model0 ll":{"0":[-300.7147112576,-417.4703037664]},"Model1 ll":{"0":[-144.0615728831,-134.0129958779]}}