{"Parameters":{"0":{"Kappa":10,"Tau":0.0001}},"Positive hit":{"0":0},"SNPs":{"0":[499297,496799]},"Model0 ll":{"0":[-134.0326691682,-134.3110766567]},"Model1 ll":{"0":[-134.032669169,-134.3110766585]}}