{"Parameters":{"0":{"Kappa":2,"Tau":0.3981071706}},"Positive hit":{"0":2},"SNPs":{"0":[497441,500852]},"Model0 ll":{"0":[-6756.2536245989,-6451.8251280432]},"Model1 ll":{"0":[-666.3017845731,-725.2480330016]}}