{"Parameters":{"0":{"Kappa":2,"Tau":251.188643151}},"Positive hit":{"0":0},"SNPs":{"0":[491009,491549]},"Model0 ll":{"0":[-147.2459344225,-147.1086560808]},"Model1 ll":{"0":[-147.2459344238,-147.1086560902]}}