{"Parameters":{"0":{"Kappa":2,"Tau":6.3095734448}},"Positive hit":{"0":1},"SNPs":{"0":[494018,493986]},"Model0 ll":{"0":[-319.6981464903,-328.0828542138]},"Model1 ll":{"0":[-258.7657295734,-328.0828542207]}}