{"Parameters":{"0":{"Kappa":2,"Tau":0.0125892541}},"Positive hit":{"0":2},"SNPs":{"0":[503490,501315]},"Model0 ll":{"0":[-172.0448510155,-217.1689147185]},"Model1 ll":{"0":[-137.2368240353,-134.4834700495]}}