{"Parameters":{"0":{"Kappa":2,"Tau":0.0794328235}},"Positive hit":{"0":1},"SNPs":{"0":[506770,505538]},"Model0 ll":{"0":[-1195.2181010037,-1302.7762110847]},"Model1 ll":{"0":[-134.3860139133,-1302.7762111741]}}