{"Parameters":{"0":{"Kappa":2,"Tau":31.6227766017}},"Positive hit":{"0":0},"SNPs":{"0":[490754,488279]},"Model0 ll":{"0":[-146.7560827169,-129.5265906587]},"Model1 ll":{"0":[-146.7560827255,-129.5265906556]}}