{"Parameters":{"0":{"Kappa":2,"Tau":0.0039810717}},"Positive hit":{"0":0},"SNPs":{"0":[498984,501853]},"Model0 ll":{"0":[-139.0270673398,-137.7307366899]},"Model1 ll":{"0":[-172.1982300552,-191.8184780049]}}