{"Parameters":{"0":{"Kappa":2,"Tau":0.0001995262}},"Positive hit":{"0":0},"SNPs":{"0":[499372,502430]},"Model0 ll":{"0":[-134.1006252358,-128.9989625015]},"Model1 ll":{"0":[-134.1006252362,-128.9989654056]}}