{"Parameters":{"0":{"Kappa":2,"Tau":1.0}},"Positive hit":{"0":2},"SNPs":{"0":[503257,503077]},"Model0 ll":{"0":[-10696.9812945397,-9863.2291345558]},"Model1 ll":{"0":[-1093.7170704272,-2852.2090289875]}}