{"Parameters":{"0":{"Kappa":2,"Tau":6309.573444802}},"Positive hit":{"0":0},"SNPs":{"0":[504576,503018]},"Model0 ll":{"0":[-133.2222630503,-137.6536318065]},"Model1 ll":{"0":[-143.1760954136,-137.6536318042]}}