{"Parameters":{"0":{"Kappa":2,"Tau":1.5848931925}},"Positive hit":{"0":2},"SNPs":{"0":[498551,498119]},"Model0 ll":{"0":[-8956.3228848188,-8705.9781375288]},"Model1 ll":{"0":[-367.7756998182,-318.6492339038]}}