{"Parameters":{"0":{"Kappa":2,"Tau":0.316227766}},"Positive hit":{"0":2},"SNPs":{"0":[502062,505087]},"Model0 ll":{"0":[-6054.0608668303,-5153.28603746]},"Model1 ll":{"0":[-2343.4414417032,-528.9854433231]}}