{"Parameters":{"0":{"Kappa":2,"Tau":125.8925411794}},"Positive hit":{"0":0},"SNPs":{"0":[493076,496708]},"Model0 ll":{"0":[-141.2096114226,-130.1485461109]},"Model1 ll":{"0":[-141.2096114301,-130.1485461096]}}