{"Parameters":{"0":{"Kappa":2,"Tau":0.7943282347}},"Positive hit":{"0":2},"SNPs":{"0":[494409,495058]},"Model0 ll":{"0":[-9094.7294096832,-9232.8633178368]},"Model1 ll":{"0":[-2533.1797886593,-1289.4105373496]}}