{"Parameters":{"0":{"Kappa":2,"Tau":3162.2776601684}},"Positive hit":{"0":0},"SNPs":{"0":[509346,505255]},"Model0 ll":{"0":[-129.9349039781,-127.3300324853]},"Model1 ll":{"0":[-129.9349039737,-127.3300324851]}}