{"Parameters":{"0":{"Kappa":2,"Tau":1584.8931924611}},"Positive hit":{"0":0},"SNPs":{"0":[503804,509844]},"Model0 ll":{"0":[-135.4562929175,-126.7043880309]},"Model1 ll":{"0":[-161.7859054363,-126.704388033]}}