{"Parameters":{"0":{"Kappa":2,"Tau":39.8107170554}},"Positive hit":{"0":0},"SNPs":{"0":[495772,493729]},"Model0 ll":{"0":[-132.2923179731,-143.9695590075]},"Model1 ll":{"0":[-177.3025416792,-143.9695590022]}}