{"Parameters":{"0":{"Kappa":2,"Tau":2.5118864315}},"Positive hit":{"0":2},"SNPs":{"0":[499084,501074]},"Model0 ll":{"0":[-5874.1557160991,-6231.2790546947]},"Model1 ll":{"0":[-166.3836803155,-183.4634977799]}}