{"Parameters":{"0":{"Kappa":2,"Tau":0.0006309573}},"Positive hit":{"0":0},"SNPs":{"0":[497393,499804]},"Model0 ll":{"0":[-137.9401705118,-127.8901499192]},"Model1 ll":{"0":[-137.9401705143,-150.8158738567]}}