{"Parameters":{"0":{"Kappa":2,"Tau":1000.0}},"Positive hit":{"0":0},"SNPs":{"0":[508300,508577]},"Model0 ll":{"0":[-132.9004851942,-158.8225700576]},"Model1 ll":{"0":[-132.9004851904,-158.8225700572]}}