{"Parameters":{"0":{"Kappa":2,"Tau":316.2277660168}},"Positive hit":{"0":0},"SNPs":{"0":[507655,509804]},"Model0 ll":{"0":[-138.1368481412,-128.6353257847]},"Model1 ll":{"0":[-156.7356965332,-163.8521046121]}}