{"Parameters":{"0":{"Kappa":2,"Tau":3.9810717055}},"Positive hit":{"0":2},"SNPs":{"0":[501822,502683]},"Model0 ll":{"0":[-2025.4125609162,-2012.274165049]},"Model1 ll":{"0":[-152.19420365,-171.3707938284]}}