{"Parameters":{"0":{"Kappa":2,"Tau":0.0015848932}},"Positive hit":{"0":1},"SNPs":{"0":[501030,498082]},"Model0 ll":{"0":[-130.3062227398,-167.3272303737]},"Model1 ll":{"0":[-228.4282817758,-160.4828049658]}}