{"Parameters":{"0":{"Kappa":2,"Tau":7.9432823472}},"Positive hit":{"0":2},"SNPs":{"0":[501510,501439]},"Model0 ll":{"0":[-216.655699136,-190.1390778959]},"Model1 ll":{"0":[-143.773016423,-181.3167960004]}}