{"Parameters":{"0":{"Kappa":2,"Tau":630.9573444802}},"Positive hit":{"0":0},"SNPs":{"0":[508309,507453]},"Model0 ll":{"0":[-156.8625662382,-140.3690560994]},"Model1 ll":{"0":[-156.8625662322,-160.1281695472]}}