{"Parameters":{"0":{"Kappa":2,"Tau":0.0025118864}},"Positive hit":{"0":1},"SNPs":{"0":[497299,498417]},"Model0 ll":{"0":[-151.535551083,-132.7799230225]},"Model1 ll":{"0":[-138.2262215822,-132.7799230188]}}