{"Parameters":{"0":{"Kappa":2,"Tau":0.0002511886}},"Positive hit":{"0":0},"SNPs":{"0":[501684,497802]},"Model0 ll":{"0":[-126.9691152134,-132.0006268866]},"Model1 ll":{"0":[-164.862542927,-132.5859505385]}}