{"Parameters":{"0":{"Kappa":2,"Tau":50.1187233627}},"Positive hit":{"0":0},"SNPs":{"0":[493922,491395]},"Model0 ll":{"0":[-136.166008567,-137.0414477289]},"Model1 ll":{"0":[-140.1315631266,-137.0414477333]}}