{"Parameters":{"0":{"Kappa":2,"Tau":1995.2623149689}},"Positive hit":{"0":0},"SNPs":{"0":[505703,506328]},"Model0 ll":{"0":[-128.3477992375,-123.1419612952]},"Model1 ll":{"0":[-128.3477992364,-124.5376899658]}}