{"Parameters":{"0":{"Kappa":2,"Tau":0.0001258925}},"Positive hit":{"0":0},"SNPs":{"0":[490423,495022]},"Model0 ll":{"0":[-141.4164096054,-131.8316369027]},"Model1 ll":{"0":[-141.0612101508,-131.8316368986]}}