{"Parameters":{"0":{"Kappa":2,"Tau":0.0050118723}},"Positive hit":{"0":0},"SNPs":{"0":[498319,497766]},"Model0 ll":{"0":[-149.8363516657,-129.3108713297]},"Model1 ll":{"0":[-149.8363516724,-129.3108713351]}}