{"Parameters":{"0":{"Kappa":2,"Tau":0.0079432823}},"Positive hit":{"0":1},"SNPs":{"0":[504495,501882]},"Model0 ll":{"0":[-149.4098036405,-133.4066607124]},"Model1 ll":{"0":[-168.5354904082,-127.6247690819]}}