{"Parameters":{"0":{"Kappa":2,"Tau":25.1188643151}},"Positive hit":{"0":0},"SNPs":{"0":[492733,494012]},"Model0 ll":{"0":[-147.4729014455,-129.3468236098]},"Model1 ll":{"0":[-147.472901452,-201.6460506409]}}