{"Parameters":{"0":{"Kappa":2,"Tau":10.0}},"Positive hit":{"0":0},"SNPs":{"0":[495450,492957]},"Model0 ll":{"0":[-147.4545384282,-148.0672452612]},"Model1 ll":{"0":[-147.4545384295,-169.6259152863]}}