{
    "alpha": 100,
    "hidden_states": {
        "Pop1": [
            0.0,
            0.07669147649978328,
            0.11057238775620659,
            0.1624605452679461,
            0.23719899387652776,
            0.33779437426262904,
            0.47216795210212054,
            0.6585967985773384,
            0.9549460678956254,
            1.3615620707041065,
            1.9506130320719302,
            2.8942060792899356,
            4.4340274185127875,
            7.9733534593495765,
            5008.371840015978,
            Infinity
        ]
    },
    "model": {
        "N0": 0.0625,
        "class": "SMCModel",
        "knots": [
            0.07669147649978328,
            0.1624605452679461,
            0.33779437426262904,
            0.6585967985773384,
            1.3615620707041065,
            2.8942060792899356,
            7.9733534593495765
        ],
        "pid": "Pop1",
        "spline_class": "Piecewise",
        "y": [
            9.21033470396702,
            9.210333905267412,
            9.210333905267412,
            9.210333905267412,
            9.210333905267412,
            9.210333905267412,
            9.210333905267412
        ]
    },
    "rho": 0.009996002840327433,
    "theta": 0.0001
}