{
    "alpha": 100,
    "hidden_states": {
        "Pop1": [
            0.0,
            0.08075587974497993,
            0.1291338733542512,
            0.2197403409545039,
            0.3616424575826693,
            0.6175757665259752,
            1.0535273904088718,
            1.7371223295567662,
            3.0132831033516085,
            5.86588657653779,
            5008.484932265607,
            Infinity
        ]
    },
    "model": {
        "N0": 0.0625,
        "class": "SMCModel",
        "knots": [
            0.08075587974497993,
            0.2197403409545039,
            0.6175757665259752,
            1.7371223295567662,
            5.86588657653779
        ],
        "pid": "Pop1",
        "spline_class": "Piecewise",
        "y": [
            9.210336386082984,
            9.210334041931612,
            9.210334041931612,
            9.210334041931612,
            9.210334041931612
        ]
    },
    "rho": 0.009996002840327433,
    "theta": 0.0001
}