{
    "alpha": 100,
    "hidden_states": {
        "Pop1": [
            0.0,
            0.07832706982885507,
            0.2053283946326093,
            0.5057334312089566,
            1.2542799660897384,
            3.4147429065583883,
            5008.484243620974,
            Infinity
        ]
    },
    "model": {
        "N0": 0.0625,
        "class": "SMCModel",
        "knots": [
            0.07832706982885507,
            0.5057334312089566,
            3.4147429065583883
        ],
        "pid": "Pop1",
        "spline_class": "Piecewise",
        "y": [
            9.210334849868666,
            9.210333995439585,
            9.210333995439585
        ]
    },
    "rho": 0.009996002840327433,
    "theta": 0.0001
}