{
    "alpha": 100,
    "hidden_states": {
        "Pop1": [
            0.0,
            0.0004824582288078415,
            0.0007070539254680927,
            0.0010045243189377722,
            0.001481823985480264,
            0.0021096170493240733,
            0.002989326796704318,
            0.004221498768037446,
            0.0059006366072118155,
            0.008520731654735408,
            0.01220420938977592,
            0.017601870297799888,
            0.0264341370684649,
            0.04145470926604094,
            0.11950463181330931,
            Infinity
        ]
    },
    "model": {
        "N0": 6.250000000000001,
        "class": "SMCModel",
        "knots": [
            0.0004824582288078415,
            0.0010045243189377722,
            0.0021096170493240733,
            0.004221498768037446,
            0.008520731654735408,
            0.017601870297799888,
            0.04145470926604094
        ],
        "pid": "Pop1",
        "spline_class": "Piecewise",
        "y": [
            -5.644637277357505,
            -2.6918315016080863,
            -1.0987380603848533,
            -0.9574154391572286,
            -1.6357851955187166,
            -1.628471736272272,
            -1.7425808676447834
        ]
    },
    "rho": 0.009795923676526678,
    "theta": 0.0001
}