{
    "alpha": 100,
    "hidden_states": {
        "Pop1": [
            0.0,
            0.0004824582288078415,
            0.0007070539254680927,
            0.0010045243189377722,
            0.001481823985480264,
            0.0021096170493240733,
            0.002989326796704318,
            0.004221498768037446,
            0.0059006366072118155,
            0.008520731654735408,
            0.01220420938977592,
            0.017601870297799888,
            0.0264341370684649,
            0.04145470926604094,
            0.11950463181330931,
            Infinity
        ]
    },
    "model": {
        "N0": 6.250000000000001,
        "class": "SMCModel",
        "knots": [
            0.0004824582288078415,
            0.0010045243189377722,
            0.0021096170493240733,
            0.004221498768037446,
            0.008520731654735408,
            0.017601870297799888,
            0.04145470926604094
        ],
        "pid": "Pop1",
        "spline_class": "Piecewise",
        "y": [
            -5.625319621986165,
            -2.4701479944578755,
            -0.8345774263957857,
            -0.7754938478587701,
            -1.6371194613764721,
            -1.7875008307590485,
            -1.7163821840252433
        ]
    },
    "rho": 0.0099938555823544,
    "theta": 0.0001
}