{
    "alpha": 100,
    "hidden_states": {
        "Pop1": [
            0.0,
            0.07496058842126342,
            0.12256663469483185,
            0.2077766743879039,
            0.34208600576039283,
            0.5799562975716732,
            0.9909995638534795,
            1.638876000921934,
            2.832612531679312,
            5.383925027672141,
            5007.871807487787,
            Infinity
        ]
    },
    "model": {
        "N0": 0.0625,
        "class": "SMCModel",
        "knots": [
            0.07496058842126342,
            0.2077766743879039,
            0.5799562975716732,
            1.638876000921934,
            5.383925027672141
        ],
        "pid": "Pop1",
        "spline_class": "Piecewise",
        "y": [
            6.444514130181685,
            6.444514130181685,
            6.444514130181685,
            6.444514130181685,
            6.444514130181685
        ]
    },
    "rho": 0.0001,
    "theta": 0.0001
}