{
    "alpha": 100,
    "hidden_states": {
        "Pop1": [
            0.0,
            0.07668676507167058,
            0.13003348806746043,
            0.22820503245120793,
            0.3759009976493733,
            0.611566929791249,
            1.0241685077400542,
            1.7241169217514432,
            3.023370396511084,
            5.898226634397325,
            5008.362257066578,
            Infinity
        ]
    },
    "model": {
        "N0": 0.0625,
        "class": "SMCModel",
        "knots": [
            0.07668676507167058,
            0.22820503245120793,
            0.611566929791249,
            1.7241169217514432,
            5.898226634397325
        ],
        "pid": "Pop1",
        "spline_class": "Piecewise",
        "y": [
            9.151057755283853,
            9.151057755283853,
            9.151057755283853,
            9.151057755283853,
            9.151057755283853
        ]
    },
    "rho": 0.0001,
    "theta": 0.0001
}