{
    "alpha": 100,
    "hidden_states": {
        "Pop1": [
            0.0,
            0.07185706865109903,
            0.12158048598980399,
            0.2071075239694665,
            0.34513895049351717,
            0.5788102032048725,
            0.990997580361278,
            1.6437363883632332,
            2.8469591414975035,
            5.409707177938268,
            5007.927794068117,
            Infinity
        ]
    },
    "model": {
        "N0": 0.0625,
        "class": "SMCModel",
        "knots": [
            0.07185706865109903,
            0.2071075239694665,
            0.5788102032048725,
            1.6437363883632332,
            5.409707177938268
        ],
        "pid": "Pop1",
        "spline_class": "Piecewise",
        "y": [
            6.441889677291419,
            6.441889677291419,
            6.441889677291419,
            6.441889677291419,
            6.441889677291419
        ]
    },
    "rho": 0.0001,
    "theta": 0.0001
}