{
    "alpha": 100,
    "hidden_states": {
        "Pop1": [
            0.0,
            0.10417397494952758,
            0.13387028058817801,
            0.18626986943433285,
            0.25110508614041205,
            0.33944258831972807,
            0.4677974737116705,
            0.6380395158800498,
            0.8738695312517272,
            1.2018948731224086,
            1.62154545135637,
            2.236178372880895,
            3.140448047918179,
            4.580212831297118,
            7.592495179912224,
            4997.31839698879,
            5009.800645264762,
            Infinity
        ]
    },
    "model": {
        "N0": 0.0625,
        "class": "SMCModel",
        "knots": [
            0.10417397494952758,
            0.18626986943433285,
            0.33944258831972807,
            0.6380395158800498,
            1.2018948731224086,
            2.236178372880895,
            4.580212831297118,
            4997.31839698879
        ],
        "pid": "Pop1",
        "spline_class": "Piecewise",
        "y": [
            9.210340371976184,
            9.210340371976184,
            9.210340371976184,
            9.210340371976184,
            9.210340371976184,
            9.210340371976184,
            9.210340371976184,
            9.210340371976184
        ]
    },
    "rho": 0.0001,
    "theta": 0.0001
}