{
    "alpha": 100,
    "hidden_states": {
        "Pop1": [
            0.0,
            0.0004946160672717,
            0.0009792031569868349,
            0.0019282398519426022,
            0.0037594215546485022,
            0.007388651916096631,
            0.014289038262270652,
            0.029493877005535366,
            40.03716124885284,
            Infinity
        ]
    },
    "model": {
        "N0": 6.250000000000001,
        "class": "SMCModel",
        "knots": [
            0.0004946160672717,
            0.0019282398519426022,
            0.007388651916096631,
            0.029493877005535366
        ],
        "pid": "Pop1",
        "spline_class": "Piecewise",
        "y": [
            -1.7569509083281516,
            -1.7569496045697968,
            -1.7569496045697968,
            0.2947878717715032
        ]
    },
    "rho": 0.004207195291632951,
    "theta": 0.0001
}