{
    "alpha": 100,
    "hidden_states": {
        "Pop1": [
            0.0,
            0.00048243765159864283,
            0.0006375181078525809,
            0.0008489750847424391,
            0.0011171056412987014,
            0.0015100925405878037,
            0.0019832939272515036,
            0.0026061801722596593,
            0.0033805211575368916,
            0.004380895976398942,
            0.005656571111080457,
            0.007558030259828264,
            0.00980831901687568,
            0.012978034238349808,
            0.017208743773624777,
            0.02333987495251036,
            0.03223132417979933,
            0.047178273024260885,
            0.1176212554605355,
            Infinity
        ]
    },
    "model": {
        "N0": 6.250000000000001,
        "class": "SMCModel",
        "knots": [
            0.00048243765159864283,
            0.0008489750847424391,
            0.0015100925405878037,
            0.0026061801722596593,
            0.004380895976398942,
            0.007558030259828264,
            0.012978034238349808,
            0.02333987495251036,
            0.047178273024260885
        ],
        "pid": "Pop1",
        "spline_class": "Piecewise",
        "y": [
            -5.745038994430971,
            -3.3669581430076936,
            -1.5054020641825787,
            -0.714483152678297,
            -1.0291083683800493,
            -1.6092233076325075,
            -1.656595211313461,
            -1.32378194298854,
            -1.8505099734261594
        ]
    },
    "rho": 0.006050650971324467,
    "theta": 0.0001
}