{
    "alpha": 100,
    "hidden_states": {
        "Pop1": [
            0.0,
            0.00048243765159864283,
            0.0006375181078525809,
            0.0008489750847424391,
            0.0011171056412987014,
            0.0015100925405878037,
            0.0019832939272515036,
            0.0026061801722596593,
            0.0033805211575368916,
            0.004380895976398942,
            0.005656571111080457,
            0.007558030259828264,
            0.00980831901687568,
            0.012978034238349808,
            0.017208743773624777,
            0.02333987495251036,
            0.03223132417979933,
            0.047178273024260885,
            0.1176212554605355,
            Infinity
        ]
    },
    "model": {
        "N0": 6.250000000000001,
        "class": "SMCModel",
        "knots": [
            0.00048243765159864283,
            0.0008489750847424391,
            0.0015100925405878037,
            0.0026061801722596593,
            0.004380895976398942,
            0.007558030259828264,
            0.012978034238349808,
            0.02333987495251036,
            0.047178273024260885
        ],
        "pid": "Pop1",
        "spline_class": "Piecewise",
        "y": [
            -5.851225222592444,
            -3.1001348336963277,
            -1.193383319779805,
            -0.3593579488929507,
            -0.5891624499826108,
            -1.4546037106818162,
            -1.749183774330188,
            -1.6231776876138013,
            -1.7411581335401585
        ]
    },
    "rho": 0.00952744823263504,
    "theta": 0.0001
}