{
    "alpha": 100,
    "hidden_states": {
        "Pop1": [
            0.0,
            0.00048243765159864283,
            0.0006375181078525809,
            0.0008489750847424391,
            0.0011171056412987014,
            0.0015100925405878037,
            0.0019832939272515036,
            0.0026061801722596593,
            0.0033805211575368916,
            0.004380895976398942,
            0.005656571111080457,
            0.007558030259828264,
            0.00980831901687568,
            0.012978034238349808,
            0.017208743773624777,
            0.02333987495251036,
            0.03223132417979933,
            0.047178273024260885,
            0.1176212554605355,
            Infinity
        ]
    },
    "model": {
        "N0": 6.250000000000001,
        "class": "SMCModel",
        "knots": [
            0.00048243765159864283,
            0.0008489750847424391,
            0.0015100925405878037,
            0.0026061801722596593,
            0.004380895976398942,
            0.007558030259828264,
            0.012978034238349808,
            0.02333987495251036,
            0.047178273024260885
        ],
        "pid": "Pop1",
        "spline_class": "Piecewise",
        "y": [
            -5.1324959187939605,
            -3.197745049706336,
            -2.003779558951914,
            -2.0229002844807744,
            -2.0247970177386287,
            -2.1780671152090885,
            -1.9706038762967177,
            -1.4153077973191774,
            -2.257488005111783
        ]
    },
    "rho": 0.002015351407614506,
    "theta": 0.0001
}