{
    "alpha": 100,
    "hidden_states": {
        "Pop1": [
            0.0,
            0.00048243765159864283,
            0.0006375181078525809,
            0.0008489750847424391,
            0.0011171056412987014,
            0.0015100925405878037,
            0.0019832939272515036,
            0.0026061801722596593,
            0.0033805211575368916,
            0.004380895976398942,
            0.005656571111080457,
            0.007558030259828264,
            0.00980831901687568,
            0.012978034238349808,
            0.017208743773624777,
            0.02333987495251036,
            0.03223132417979933,
            0.047178273024260885,
            0.1176212554605355,
            Infinity
        ]
    },
    "model": {
        "N0": 6.250000000000001,
        "class": "SMCModel",
        "knots": [
            0.00048243765159864283,
            0.0008489750847424391,
            0.0015100925405878037,
            0.0026061801722596593,
            0.004380895976398942,
            0.007558030259828264,
            0.012978034238349808,
            0.02333987495251036,
            0.047178273024260885
        ],
        "pid": "Pop1",
        "spline_class": "Piecewise",
        "y": [
            -5.827038898143567,
            -3.221359102039416,
            -1.3435507864604488,
            -0.48669030784360146,
            -0.7217479265794332,
            -1.5099050176408073,
            -1.6839844830757258,
            -1.4590124172159857,
            -1.7767759294074026
        ]
    },
    "rho": 0.007911340251804157,
    "theta": 0.0001
}