{
    "alpha": 100,
    "hidden_states": {
        "Pop1": [
            0.0,
            0.08315020817389056,
            0.1572139959036142,
            0.29693701091520264,
            0.5731841871564383,
            1.1032248403643787,
            2.176909762463093,
            4.721269319272082,
            5008.415631435506,
            Infinity
        ]
    },
    "model": {
        "N0": 0.0625,
        "class": "SMCModel",
        "knots": [
            0.08315020817389056,
            0.29693701091520264,
            1.1032248403643787,
            4.721269319272082
        ],
        "pid": "Pop1",
        "spline_class": "Piecewise",
        "y": [
            9.210333563661813,
            9.210334019662872,
            9.210334019662872,
            9.210334019662872
        ]
    },
    "rho": 0.009996002840327433,
    "theta": 0.0001
}