{
    "alpha": 100,
    "hidden_states": {
        "Pop1": [
            0.0,
            0.08222940380250957,
            0.1103464100715722,
            0.14579671714748366,
            0.2004154339144193,
            0.2732342929802073,
            0.36611048776927324,
            0.5089541028439842,
            0.6934050388321746,
            0.9566591745812164,
            1.290808936096495,
            1.757752197349371,
            2.4299490798698042,
            3.4435785886250274,
            5.108069689509726,
            9.506941546045539,
            5008.554814335638,
            Infinity
        ]
    },
    "model": {
        "N0": 0.0625,
        "class": "SMCModel",
        "knots": [
            0.08222940380250957,
            0.14579671714748366,
            0.2732342929802073,
            0.5089541028439842,
            0.9566591745812164,
            1.757752197349371,
            3.4435785886250274,
            9.506941546045539
        ],
        "pid": "Pop1",
        "spline_class": "Piecewise",
        "y": [
            9.210333211028038,
            9.210333995619463,
            9.210333995619463,
            9.210333995619463,
            9.210333995619463,
            9.210333995619463,
            9.210333995619463,
            9.210333995619463
        ]
    },
    "rho": 0.009996002840327433,
    "theta": 0.0001
}