{
    "alpha": 100,
    "hidden_states": {
        "Pop1": [
            0.0,
            0.0004826757488312948,
            0.0023689272214402813,
            0.010833672955918626,
            0.1258145803027048,
            Infinity
        ]
    },
    "model": {
        "N0": 6.250000000000001,
        "class": "SMCModel",
        "knots": [
            0.0004826757488312948,
            0.010833672955918626
        ],
        "pid": "Pop1",
        "spline_class": "Piecewise",
        "y": [
            -1.6668934080020117,
            -1.7719311150156036
        ]
    },
    "rho": 0.009467254683078831,
    "theta": 0.0001
}