{
    "alpha": 100,
    "hidden_states": {
        "Pop1": [
            0.0,
            0.07696673277845953,
            0.12022625647724355,
            0.18917963750565173,
            0.28621387545127575,
            0.43403931766110165,
            0.643808640654764,
            0.9886215707615296,
            1.5158948033522284,
            2.3452034493129346,
            3.8106608598770317,
            7.074869698890302,
            5008.4422682690365,
            Infinity
        ]
    },
    "model": {
        "N0": 0.0625,
        "class": "SMCModel",
        "knots": [
            0.07696673277845953,
            0.18917963750565173,
            0.43403931766110165,
            0.9886215707615296,
            2.3452034493129346,
            7.074869698890302
        ],
        "pid": "Pop1",
        "spline_class": "Piecewise",
        "y": [
            9.150610662090495,
            9.150610662090495,
            9.150610662090495,
            9.150610662090495,
            9.150610662090495,
            9.150610662090495
        ]
    },
    "rho": 0.0001,
    "theta": 0.0001
}