{
    "alpha": 100,
    "hidden_states": {
        "Pop1": [
            0.0,
            0.07615355842755867,
            0.12377734556715113,
            0.2101139945238507,
            0.34520148536462536,
            0.5890371939173814,
            1.0040183974559385,
            1.656422254195459,
            2.862833755771201,
            5.463401012235484,
            5007.968500459726,
            Infinity
        ]
    },
    "model": {
        "N0": 0.0625,
        "class": "SMCModel",
        "knots": [
            0.07615355842755867,
            0.2101139945238507,
            0.5890371939173814,
            1.656422254195459,
            5.463401012235484
        ],
        "pid": "Pop1",
        "spline_class": "Piecewise",
        "y": [
            2.212945176430644,
            2.212945176430644,
            2.970361715708235,
            4.015855440777225,
            5.840463312061107
        ]
    },
    "rho": 0.009996002840327433,
    "theta": 0.0001
}