{
    "alpha": 100,
    "hidden_states": {
        "Pop1": [
            0.0,
            0.0744287396945626,
            0.12590484835909913,
            0.21626754488322678,
            0.35978070857576655,
            0.5855369014320435,
            0.9762939946290023,
            1.631894484711869,
            2.848734555434244,
            5.462282608153077,
            5007.936305466219,
            Infinity
        ]
    },
    "model": {
        "N0": 0.0625,
        "class": "SMCModel",
        "knots": [
            0.0744287396945626,
            0.21626754488322678,
            0.5855369014320435,
            1.631894484711869,
            5.462282608153077
        ],
        "pid": "Pop1",
        "spline_class": "Piecewise",
        "y": [
            3.93553652545463,
            4.602845258722417,
            5.173034649290356,
            4.530402525244464,
            5.588736154184497
        ]
    },
    "rho": 0.009996002840327433,
    "theta": 0.0001
}