{
    "alpha": 100,
    "hidden_states": {
        "Pop1": [
            0.0,
            0.06268022368037245,
            0.30500230882074575,
            1.4498867133168882,
            5004.8200526458495,
            Infinity
        ]
    },
    "model": {
        "N0": 0.0625,
        "class": "SMCModel",
        "knots": [
            0.06268022368037245,
            1.4498867133168882
        ],
        "pid": "Pop1",
        "spline_class": "Piecewise",
        "y": [
            6.137677361772143,
            6.137677361772143
        ]
    },
    "rho": 0.0001,
    "theta": 0.0001
}