{
    "alpha": 100,
    "hidden_states": {
        "Pop1": [
            0.0,
            0.07488948560614425,
            0.11383901248746905,
            0.17074926597162784,
            0.26160483701940884,
            0.3952279795615167,
            0.6109748712450386,
            0.9412024521585447,
            1.429365958631695,
            2.1921932244498197,
            3.5069652890333316,
            6.237757671176001,
            5007.858514625373,
            Infinity
        ]
    },
    "model": {
        "N0": 0.0625,
        "class": "SMCModel",
        "knots": [
            0.07488948560614425,
            0.17074926597162784,
            0.3952279795615167,
            0.9412024521585447,
            2.1921932244498197,
            6.237757671176001
        ],
        "pid": "Pop1",
        "spline_class": "Piecewise",
        "y": [
            4.015263174922481,
            4.104527737886919,
            4.451104773408741,
            4.566771279866543,
            4.075155843315606,
            5.458530305733461
        ]
    },
    "rho": 0.009996002840327433,
    "theta": 0.0001
}