{
    "alpha": 100,
    "hidden_states": {
        "Pop1": [
            0.0,
            0.00048188146288644085,
            0.0009523751532150394,
            0.0019105461483855044,
            0.003611441638051425,
            0.006944165724747089,
            0.013436650483825759,
            0.027918636723141634,
            0.1083800347939606,
            Infinity
        ]
    },
    "model": {
        "N0": 6.250000000000001,
        "class": "SMCModel",
        "knots": [
            0.00048188146288644085,
            0.0019105461483855044,
            0.006944165724747089,
            0.027918636723141634
        ],
        "pid": "Pop1",
        "spline_class": "Piecewise",
        "y": [
            -3.8613004970079277,
            -2.7657953923919214,
            -2.291097384510571,
            -2.106530538410392
        ]
    },
    "rho": 3.699889241253652e-05,
    "theta": 0.0001
}