{
    "alpha": 100,
    "hidden_states": {
        "Pop1": [
            0.0,
            0.08273186272799396,
            0.11735184917493215,
            0.16476402028844947,
            0.23066244848918313,
            0.32621602046071113,
            0.472633155511329,
            0.6674731078725249,
            0.941572752979321,
            1.3542287415704712,
            1.9514446932781802,
            2.846644082900051,
            4.378076377853525,
            7.820823453817981,
            5008.38780247266,
            Infinity
        ]
    },
    "model": {
        "N0": 0.0625,
        "class": "SMCModel",
        "knots": [
            0.08273186272799396,
            0.16476402028844947,
            0.32621602046071113,
            0.6674731078725249,
            1.3542287415704712,
            2.846644082900051,
            7.820823453817981
        ],
        "pid": "Pop1",
        "spline_class": "Piecewise",
        "y": [
            9.139756477634055,
            9.139756477634055,
            9.139756477634055,
            9.139756477634055,
            9.139756477634055,
            9.139756477634055,
            9.139756477634055
        ]
    },
    "rho": 0.0001,
    "theta": 0.0001
}