{
    "alpha": 100,
    "hidden_states": {
        "Pop1": [
            0.0,
            0.07339005899731363,
            0.10454936607092581,
            0.15178604682779742,
            0.22230667596103995,
            0.31631548894235634,
            0.44443274061431826,
            0.6238763124445982,
            0.8978731320476581,
            1.2771609547935212,
            1.834061744473841,
            2.699881915010942,
            4.107384556435481,
            7.042937105230893,
            5007.705777418747,
            Infinity
        ]
    },
    "model": {
        "N0": 0.0625,
        "class": "SMCModel",
        "knots": [
            0.07339005899731363,
            0.15178604682779742,
            0.31631548894235634,
            0.6238763124445982,
            1.2771609547935212,
            2.699881915010942,
            7.042937105230893
        ],
        "pid": "Pop1",
        "spline_class": "Piecewise",
        "y": [
            6.183542396750614,
            5.173584110496367,
            5.160101350929219,
            5.269443969414324,
            5.124912897486981,
            4.1892206782835,
            5.491300037773707
        ]
    },
    "rho": 0.009996002840327433,
    "theta": 0.0001
}