{
    "alpha": 100,
    "hidden_states": {
        "Pop1": [
            0.0,
            0.07442057186999411,
            0.33911807544765216,
            1.6274978397128679,
            5007.829146948494,
            Infinity
        ]
    },
    "model": {
        "N0": 0.0625,
        "class": "SMCModel",
        "knots": [
            0.07442057186999411,
            1.6274978397128679
        ],
        "pid": "Pop1",
        "spline_class": "Piecewise",
        "y": [
            6.335784654909139,
            6.335784654909139
        ]
    },
    "rho": 0.0001,
    "theta": 0.0001
}