{
    "alpha": 100,
    "hidden_states": {
        "Pop1": [
            0.0,
            0.07442057186999411,
            0.33911807544765216,
            1.6274978397128679,
            5007.829146948494,
            Infinity
        ]
    },
    "model": {
        "N0": 0.0625,
        "class": "SMCModel",
        "knots": [
            0.07442057186999411,
            1.6274978397128679
        ],
        "pid": "Pop1",
        "spline_class": "Piecewise",
        "y": [
            1.3357977845005815,
            3.601908148337849
        ]
    },
    "rho": 0.009996002840327433,
    "theta": 0.0001
}