{
    "alpha": 100,
    "hidden_states": {
        "Pop1": [
            0.0,
            0.0005066473423823984,
            0.000736763409390546,
            0.0010535880608352384,
            0.0014667850858975419,
            0.0020634109191664525,
            0.002920708168946396,
            0.004199984915135391,
            0.005990244453914348,
            0.008513534213311642,
            0.01220886534623702,
            0.017700930469129662,
            0.026271595004995377,
            0.04143710606451107,
            0.12356083724005634,
            Infinity
        ]
    },
    "model": {
        "N0": 6.250000000000001,
        "class": "SMCModel",
        "knots": [
            0.0005066473423823984,
            0.0010535880608352384,
            0.0020634109191664525,
            0.004199984915135391,
            0.008513534213311642,
            0.017700930469129662,
            0.04143710606451107
        ],
        "pid": "Pop1",
        "spline_class": "Piecewise",
        "y": [
            -1.8284149323068983,
            -1.8531170196126332,
            -1.7400855507041821,
            -1.6196369069051555,
            -1.4933912203397686,
            -1.162552686323777,
            -2.0020387228970544
        ]
    },
    "rho": 0.0020963327191336114,
    "theta": 0.0001
}