{
    "alpha": 100,
    "hidden_states": {
        "Pop1": [
            0.0,
            0.0005066473423823984,
            0.000736763409390546,
            0.0010535880608352384,
            0.0014667850858975419,
            0.0020634109191664525,
            0.002920708168946396,
            0.004199984915135391,
            0.005990244453914348,
            0.008513534213311642,
            0.01220886534623702,
            0.017700930469129662,
            0.026271595004995377,
            0.04143710606451107,
            0.12356083724005634,
            Infinity
        ]
    },
    "model": {
        "N0": 6.250000000000001,
        "class": "SMCModel",
        "knots": [
            0.0005066473423823984,
            0.0010535880608352384,
            0.0020634109191664525,
            0.004199984915135391,
            0.008513534213311642,
            0.017700930469129662,
            0.04143710606451107
        ],
        "pid": "Pop1",
        "spline_class": "Piecewise",
        "y": [
            -2.3367150465467987,
            -1.3272899026526332,
            -0.993720029996908,
            -1.0973620649447873,
            -1.3389845258426438,
            -1.2612041430062535,
            -1.839838216116088
        ]
    },
    "rho": 0.006451864426444722,
    "theta": 0.0001
}