{
    "alpha": 100,
    "hidden_states": {
        "Pop1": [
            0.0,
            0.07093168386035809,
            0.11062676700106742,
            0.1684233127042908,
            0.26186914616669343,
            0.39588093543426955,
            0.609477468457775,
            0.9368310944830966,
            1.4289929308579672,
            2.201363013775339,
            3.521103212843454,
            6.252195213816226,
            5007.9028607703385,
            Infinity
        ]
    },
    "model": {
        "N0": 0.0625,
        "class": "SMCModel",
        "knots": [
            0.07093168386035809,
            0.1684233127042908,
            0.39588093543426955,
            0.9368310944830966,
            2.201363013775339,
            6.252195213816226
        ],
        "pid": "Pop1",
        "spline_class": "Piecewise",
        "y": [
            6.442290514614691,
            6.442290514614691,
            6.442290514614691,
            6.442290514614691,
            6.442290514614691,
            6.442290514614691
        ]
    },
    "rho": 0.0001,
    "theta": 0.0001
}