{
    "LL": -161275.13151219214,
    "alpha": 100,
    "hidden_states": {
        "Pop1": [
            0.0,
            0.00048196283872620394,
            0.0023585423635777104,
            0.010762868099478302,
            0.10926561521919143,
            Infinity
        ]
    },
    "model": {
        "N0": 6.250000000000001,
        "class": "SMCModel",
        "knots": [
            0.00048196283872620394,
            0.010762868099478302
        ],
        "pid": "Pop1",
        "spline_class": "Piecewise",
        "y": [
            -1.0541325338859124,
            -2.574402094895487
        ]
    },
    "rho": 0.009995771326556237,
    "theta": 0.0001
}