{
    "LL": -162480.98850818584,
    "alpha": 100,
    "hidden_states": {
        "Pop1": [
            0.0,
            0.00048196283872620394,
            0.0023585423635777104,
            0.010762868099478302,
            0.10926561521919143,
            Infinity
        ]
    },
    "model": {
        "N0": 6.250000000000001,
        "class": "SMCModel",
        "knots": [
            0.00048196283872620394,
            0.010762868099478302
        ],
        "pid": "Pop1",
        "spline_class": "Piecewise",
        "y": [
            -2.36325447299007,
            -2.467403592129974
        ]
    },
    "rho": 0.0008697934254987767,
    "theta": 0.0001
}