{
    "alpha": 100,
    "hidden_states": {
        "Pop1": [
            0.0,
            0.07819661571266742,
            0.3543214192060876,
            1.6437821513321422,
            5007.709956827636,
            Infinity
        ]
    },
    "model": {
        "N0": 0.0625,
        "class": "SMCModel",
        "knots": [
            0.07819661571266742,
            1.6437821513321422
        ],
        "pid": "Pop1",
        "spline_class": "Piecewise",
        "y": [
            2.9332599180795627,
            5.401832491190178
        ]
    },
    "rho": 0.009996002840327433,
    "theta": 0.0001
}