{
    "alpha": 100,
    "hidden_states": {
        "Pop1": [
            0.0,
            0.07402963901804771,
            0.3575197879765465,
            1.6223845170237492,
            5007.858220309497,
            Infinity
        ]
    },
    "model": {
        "N0": 0.0625,
        "class": "SMCModel",
        "knots": [
            0.07402963901804771,
            1.6223845170237492
        ],
        "pid": "Pop1",
        "spline_class": "Piecewise",
        "y": [
            6.365850771401402,
            6.365850771401402
        ]
    },
    "rho": 0.0001,
    "theta": 0.0001
}