{
    "alpha": 100,
    "hidden_states": {
        "Pop1": [
            0.0,
            0.07830419557417764,
            0.3564155745473261,
            1.6561437188071204,
            5007.813172212144,
            Infinity
        ]
    },
    "model": {
        "N0": 0.0625,
        "class": "SMCModel",
        "knots": [
            0.07830419557417764,
            1.6561437188071204
        ],
        "pid": "Pop1",
        "spline_class": "Piecewise",
        "y": [
            2.615672027554789,
            5.652497729918628
        ]
    },
    "rho": 0.009996002840327433,
    "theta": 0.0001
}