{
    "alpha": 100,
    "hidden_states": {
        "Pop1": [
            0.0,
            0.00048186518771848816,
            0.0006362580463356249,
            0.0008457970588086797,
            0.0011164309363392551,
            0.0015064416582098049,
            0.0019745516144216825,
            0.0025969873436708303,
            0.0033675736969112097,
            0.004365643396361473,
            0.0056404536132335275,
            0.007529145772133404,
            0.009784542848696984,
            0.012946403744776123,
            0.017143791404525877,
            0.02324985244828656,
            0.032097190235547364,
            0.046913606949222586,
            0.10834747676528743,
            Infinity
        ]
    },
    "model": {
        "N0": 6.250000000000001,
        "class": "SMCModel",
        "knots": [
            0.00048186518771848816,
            0.0008457970588086797,
            0.0015064416582098049,
            0.0025969873436708303,
            0.004365643396361473,
            0.007529145772133404,
            0.012946403744776123,
            0.02324985244828656,
            0.046913606949222586
        ],
        "pid": "Pop1",
        "spline_class": "Piecewise",
        "y": [
            -2.520348266989163,
            -2.520348266989163,
            -2.520348266989163,
            -2.520348266989163,
            -2.520348266989163,
            -2.520348266989163,
            -2.520348266989163,
            -2.520348266989163,
            -0.4326336050890904
        ]
    },
    "rho": 0.0001,
    "theta": 0.0001
}