{
    "alpha": 100,
    "hidden_states": {
        "Pop1": [
            0.0,
            0.07068223873877469,
            0.18389390809288617,
            0.46869318309566543,
            1.2022898112223956,
            3.1628655003387856,
            5007.8649960399125,
            Infinity
        ]
    },
    "model": {
        "N0": 0.0625,
        "class": "SMCModel",
        "knots": [
            0.07068223873877469,
            0.46869318309566543,
            3.1628655003387856
        ],
        "pid": "Pop1",
        "spline_class": "Piecewise",
        "y": [
            6.3705747609121754,
            6.3705747609121754,
            6.3705747609121754
        ]
    },
    "rho": 0.0001,
    "theta": 0.0001
}