{
    "alpha": 100,
    "hidden_states": {
        "Pop1": [
            0.0,
            0.08076083579652171,
            0.15045229638649132,
            0.29494872897824215,
            0.5710002391779189,
            1.1314686309468882,
            2.187255523149669,
            4.7371121233113325,
            5008.484580711895,
            Infinity
        ]
    },
    "model": {
        "N0": 0.0625,
        "class": "SMCModel",
        "knots": [
            0.08076083579652171,
            0.29494872897824215,
            1.1314686309468882,
            4.7371121233113325
        ],
        "pid": "Pop1",
        "spline_class": "Piecewise",
        "y": [
            9.210333109344033,
            9.210333962451669,
            9.210333962451669,
            9.210333962451669
        ]
    },
    "rho": 0.009996002840327433,
    "theta": 0.0001
}