{
    "alpha": 100,
    "hidden_states": {
        "Pop1": [
            0.0,
            0.0005394134193409631,
            0.0008225034630078276,
            0.0012328814033117632,
            0.0018444277763976003,
            0.0027831713250193227,
            0.004245032488879828,
            0.006459005485629062,
            0.009799851903384322,
            0.01508037508636472,
            0.023700897252061887,
            0.04011281700189595,
            40.03573058775238,
            Infinity
        ]
    },
    "model": {
        "N0": 6.250000000000001,
        "class": "SMCModel",
        "knots": [
            0.0005394134193409631,
            0.0012328814033117632,
            0.0027831713250193227,
            0.006459005485629062,
            0.01508037508636472,
            0.04011281700189595
        ],
        "pid": "Pop1",
        "spline_class": "Piecewise",
        "y": [
            1.0609790688422422,
            -0.05267897308588804,
            -0.9940356287713409,
            -2.0259330125987915,
            -2.0259330125987915,
            0.21017867810276042
        ]
    },
    "rho": 0.0026293905409491337,
    "theta": 0.0001
}