{
    "alpha": 100,
    "hidden_states": {
        "Pop1": [
            0.0,
            0.07333328358484845,
            0.12272396810363956,
            0.21221819326168304,
            0.35469039994503837,
            0.5785358758474929,
            0.9696465602217378,
            1.625475718618326,
            2.8171940037909384,
            5.354574365517473,
            5007.688016686393,
            Infinity
        ]
    },
    "model": {
        "N0": 0.0625,
        "class": "SMCModel",
        "knots": [
            0.07333328358484845,
            0.21221819326168304,
            0.5785358758474929,
            1.625475718618326,
            5.354574365517473
        ],
        "pid": "Pop1",
        "spline_class": "Piecewise",
        "y": [
            5.37234247411984,
            4.753101832477766,
            4.732790622455759,
            3.8740674014522725,
            5.442992897938081
        ]
    },
    "rho": 0.009996002840327433,
    "theta": 0.0001
}