{
    "alpha": 100,
    "hidden_states": {
        "Pop1": [
            0.0,
            0.0736163129227085,
            0.10102532675307486,
            0.1369780173265178,
            0.19151202882030904,
            0.26234060021582917,
            0.356770795105564,
            0.4783643262617737,
            0.6393648460542372,
            0.8804305905159714,
            1.1903032324499376,
            1.6314722366109748,
            2.2475827956542167,
            3.193211416234213,
            4.664966895165251,
            7.800381149048087,
            5007.726411802431,
            Infinity
        ]
    },
    "model": {
        "N0": 0.0625,
        "class": "SMCModel",
        "knots": [
            0.0736163129227085,
            0.1369780173265178,
            0.26234060021582917,
            0.4783643262617737,
            0.8804305905159714,
            1.6314722366109748,
            3.193211416234213,
            7.800381149048087
        ],
        "pid": "Pop1",
        "spline_class": "Piecewise",
        "y": [
            5.659480787816936,
            4.9040714663158145,
            4.966893679873368,
            5.164164879585117,
            5.357715454057278,
            5.267375556782888,
            4.279058841541031,
            5.449908410854926
        ]
    },
    "rho": 0.009996002840327433,
    "theta": 0.0001
}