{
    "alpha": 100,
    "hidden_states": {
        "Pop1": [
            0.0,
            0.4373767385832815,
            0.5945697090760365,
            1.0288682083008178,
            2.7501076679790666,
            Infinity
        ]
    },
    "model": {
        "N0": 4000.0000000000005,
        "class": "SMCModel",
        "knots": [
            0.4373767385832815,
            1.0288682083008178,
            1.2499999999999998
        ],
        "pid": "Pop1",
        "spline_class": "Piecewise",
        "y": [
            0.2219117635307925,
            2.5793194630177902,
            0.7912340607447791
        ]
    },
    "rho": 0.0008222639547707059,
    "theta": 0.0001
}