{
    "alpha": 100,
    "hidden_states": {
        "Pop1": [
            0.0,
            0.000481914013222346,
            0.0006155479702843236,
            0.000802739661911455,
            0.0010145387012147102,
            0.0013277385593847351,
            0.0017008426790865489,
            0.0021806777902430236,
            0.0027835773885911464,
            0.003503985579696107,
            0.004428856558679081,
            0.0055596402898935035,
            0.007194605047549297,
            0.009135251131177222,
            0.011697712223260312,
            0.014943099480534008,
            0.019487554590043574,
            0.025716167635703852,
            0.03448539273936206,
            0.04915290339362278,
            0.10864232552810577,
            Infinity
        ]
    },
    "model": {
        "N0": 6.250000000000001,
        "class": "SMCModel",
        "knots": [
            0.000481914013222346,
            0.000802739661911455,
            0.0013277385593847351,
            0.0021806777902430236,
            0.003503985579696107,
            0.0055596402898935035,
            0.009135251131177222,
            0.014943099480534008,
            0.025716167635703852,
            0.04915290339362278
        ],
        "pid": "Pop1",
        "spline_class": "Piecewise",
        "y": [
            -4.218152607725609,
            -3.6843143807206657,
            -3.0433232660597014,
            -2.3078707861007137,
            -1.5139255350367713,
            -0.8036668284760794,
            -0.38249146491844604,
            -0.8414384485204435,
            -3.1975908073358075,
            -4.753017936489181
        ]
    },
    "rho": 0.0003844307193229845,
    "theta": 0.0001
}