{
    "alpha": 100,
    "hidden_states": {
        "Pop1": [
            0.0,
            0.000481914013222346,
            0.0006155479702843236,
            0.000802739661911455,
            0.0010145387012147102,
            0.0013277385593847351,
            0.0017008426790865489,
            0.0021806777902430236,
            0.0027835773885911464,
            0.003503985579696107,
            0.004428856558679081,
            0.0055596402898935035,
            0.007194605047549297,
            0.009135251131177222,
            0.011697712223260312,
            0.014943099480534008,
            0.019487554590043574,
            0.025716167635703852,
            0.03448539273936206,
            0.04915290339362278,
            0.10864232552810577,
            Infinity
        ]
    },
    "model": {
        "N0": 6.250000000000001,
        "class": "SMCModel",
        "knots": [
            0.000481914013222346,
            0.000802739661911455,
            0.0013277385593847351,
            0.0021806777902430236,
            0.003503985579696107,
            0.0055596402898935035,
            0.009135251131177222,
            0.014943099480534008,
            0.025716167635703852,
            0.04915290339362278
        ],
        "pid": "Pop1",
        "spline_class": "Piecewise",
        "y": [
            -4.386122913548195,
            -3.726522278049153,
            -2.9164205995545376,
            -2.02051930877434,
            -1.1137218108342843,
            -0.2851302229443888,
            0.15723259062193456,
            -0.46785147430161583,
            -3.204230103709544,
            -5.510882855974689
        ]
    },
    "rho": 0.0005333132844164115,
    "theta": 0.0001
}