{
    "alpha": 100,
    "hidden_states": {
        "Pop1": [
            0.0,
            0.07991172434532214,
            0.11181533828730247,
            0.1574161038074008,
            0.2255264220163544,
            0.3182674235374547,
            0.4603673243268521,
            0.6624335257359437,
            0.9563162806916525,
            1.3538396590652035,
            1.9384554146709394,
            2.8375371168048256,
            4.338972216098371,
            7.715785069775594,
            5008.375088416726,
            Infinity
        ]
    },
    "model": {
        "N0": 0.0625,
        "class": "SMCModel",
        "knots": [
            0.07991172434532214,
            0.1574161038074008,
            0.3182674235374547,
            0.6624335257359437,
            1.3538396590652035,
            2.8375371168048256,
            7.715785069775594
        ],
        "pid": "Pop1",
        "spline_class": "Piecewise",
        "y": [
            9.210335962700453,
            9.210333987050369,
            9.210333987050369,
            9.210333987050369,
            9.210333987050369,
            9.210333987050369,
            9.210333987050369
        ]
    },
    "rho": 0.009996002840327433,
    "theta": 0.0001
}