{
    "alpha": 100,
    "hidden_states": {
        "Pop1": [
            0.0,
            0.0004945672947128523,
            0.0012731815691691196,
            0.0032491920480753242,
            0.008465080173382369,
            0.021706984609196272,
            40.035383071759824,
            Infinity
        ]
    },
    "model": {
        "N0": 6.250000000000001,
        "class": "SMCModel",
        "knots": [
            0.0004945672947128523,
            0.0032491920480753242,
            0.021706984609196272
        ],
        "pid": "Pop1",
        "spline_class": "Piecewise",
        "y": [
            -1.8875976385510238,
            -1.8875976385510238,
            0.35372658782615063
        ]
    },
    "rho": 0.005405007502512007,
    "theta": 0.0001
}