{
    "alpha": 100,
    "hidden_states": {
        "Pop1": [
            0.0,
            0.0767107986551088,
            0.11075919961940388,
            0.1625408021326695,
            0.23742960095045648,
            0.33795570186429996,
            0.4722233945809988,
            0.6596207604286416,
            0.9559401476011975,
            1.3632498012053869,
            1.9528604267005458,
            2.897022739196116,
            4.440015705680666,
            7.99005281489968,
            5008.386401906153,
            Infinity
        ]
    },
    "model": {
        "N0": 0.0625,
        "class": "SMCModel",
        "knots": [
            0.0767107986551088,
            0.1625408021326695,
            0.33795570186429996,
            0.6596207604286416,
            1.3632498012053869,
            2.897022739196116,
            7.99005281489968
        ],
        "pid": "Pop1",
        "spline_class": "Piecewise",
        "y": [
            9.151062153590592,
            9.151062153590592,
            9.151062153590592,
            9.151062153590592,
            9.151062153590592,
            9.151062153590592,
            9.151062153590592
        ]
    },
    "rho": 0.0001,
    "theta": 0.0001
}