{
    "alpha": 1,
    "hidden_states": {
        "Pop1": [
            0.0,
            Infinity
        ]
    },
    "model": {
        "N0": 0.0625,
        "class": "SMCModel",
        "knots": [
            0.906779006371308,
            3.7234918710517775
        ],
        "pid": "Pop1",
        "spline_class": "Piecewise",
        "y": [
            0.2367079456214355,
            3.0170715860956636
        ]
    },
    "rho": 0.0001,
    "theta": 0.0001
}