{
    "alpha": 100,
    "hidden_states": {
        "Pop1": [
            0.0,
            0.0005065559382407252,
            0.0008615279828424252,
            0.0014120432501067552,
            0.002313570251606478,
            0.0038876976428133267,
            0.006469325265791057,
            0.010864864163016583,
            0.018454603031287146,
            0.033441419767887295,
            0.12135930973485327,
            Infinity
        ]
    },
    "model": {
        "N0": 6.250000000000001,
        "class": "SMCModel",
        "knots": [
            0.0005065559382407252,
            0.0014120432501067552,
            0.0038876976428133267,
            0.010864864163016583,
            0.033441419767887295
        ],
        "pid": "Pop1",
        "spline_class": "Piecewise",
        "y": [
            -1.4098696948855796,
            -1.0961575839169242,
            -1.1166403739802622,
            -1.2841803942309453,
            -1.9199454034934273
        ]
    },
    "rho": 0.004632374157526382,
    "theta": 0.0001
}