{
    "alpha": 100,
    "hidden_states": {
        "Pop1": [
            0.0,
            0.0005065559382407252,
            0.0008615279828424252,
            0.0014120432501067552,
            0.002313570251606478,
            0.0038876976428133267,
            0.006469325265791057,
            0.010864864163016583,
            0.018454603031287146,
            0.033441419767887295,
            0.12135930973485327,
            Infinity
        ]
    },
    "model": {
        "N0": 6.250000000000001,
        "class": "SMCModel",
        "knots": [
            0.0005065559382407252,
            0.0014120432501067552,
            0.0038876976428133267,
            0.010864864163016583,
            0.033441419767887295
        ],
        "pid": "Pop1",
        "spline_class": "Piecewise",
        "y": [
            -1.2997033740390271,
            -0.9129295254532961,
            -0.9522761186588603,
            -1.352579515728594,
            -1.834004409524048
        ]
    },
    "rho": 0.006728992728323398,
    "theta": 0.0001
}