{
    "alpha": 100,
    "hidden_states": {
        "Pop1": [
            0.0,
            0.0708924679548184,
            0.12079661174112181,
            0.20450198650642445,
            0.3435993172016828,
            0.575471199207353,
            0.9859326745462009,
            1.6360057070575802,
            2.8296984734347075,
            5.367077294537263,
            5007.900536908748,
            Infinity
        ]
    },
    "model": {
        "N0": 0.0625,
        "class": "SMCModel",
        "knots": [
            0.0708924679548184,
            0.20450198650642445,
            0.575471199207353,
            1.6360057070575802,
            5.367077294537263
        ],
        "pid": "Pop1",
        "spline_class": "Piecewise",
        "y": [
            6.431505041789855,
            6.431505041789855,
            6.431505041789855,
            6.431505041789855,
            6.431505041789855
        ]
    },
    "rho": 0.0001,
    "theta": 0.0001
}