{
    "alpha": 100,
    "hidden_states": {
        "Pop1": [
            0.0,
            0.07843110436184603,
            0.38556474438208227,
            1.7743585622470441,
            5008.623637255981,
            Infinity
        ]
    },
    "model": {
        "N0": 0.0625,
        "class": "SMCModel",
        "knots": [
            0.07843110436184603,
            1.7743585622470441
        ],
        "pid": "Pop1",
        "spline_class": "Piecewise",
        "y": [
            6.5954046287642445,
            6.5954046287642445
        ]
    },
    "rho": 0.0001,
    "theta": 0.0001
}