{
    "alpha": 100,
    "hidden_states": {
        "Pop1": [
            0.0,
            0.07843110436184603,
            0.38556474438208227,
            1.7743585622470441,
            5008.623637255981,
            Infinity
        ]
    },
    "model": {
        "N0": 0.0625,
        "class": "SMCModel",
        "knots": [
            0.07843110436184603,
            1.7743585622470441
        ],
        "pid": "Pop1",
        "spline_class": "Piecewise",
        "y": [
            5.245771005960595,
            7.59540767147277
        ]
    },
    "rho": 0.009996002840327433,
    "theta": 0.0001
}