{
    "alpha": 100,
    "hidden_states": {
        "Pop1": [
            0.0,
            0.0709708997658978,
            0.09749763380203552,
            0.13279071157328007,
            0.18527324831740208,
            0.25499772881292937,
            0.3437348603530242,
            0.47193219289011706,
            0.6478727896792978,
            0.8826260586404225,
            1.2097066760823407,
            1.6386490559388867,
            2.268627259880536,
            3.185256747259335,
            4.658880451305396,
            7.799697705952947,
            5007.914711957073,
            Infinity
        ]
    },
    "model": {
        "N0": 0.0625,
        "class": "SMCModel",
        "knots": [
            0.0709708997658978,
            0.13279071157328007,
            0.25499772881292937,
            0.47193219289011706,
            0.8826260586404225,
            1.6386490559388867,
            3.185256747259335,
            7.799697705952947
        ],
        "pid": "Pop1",
        "spline_class": "Piecewise",
        "y": [
            6.29001261552776,
            5.255420831455524,
            5.267796606848926,
            5.387169059849627,
            5.436360439265797,
            5.286135594743253,
            4.34422552590084,
            5.428352265529159
        ]
    },
    "rho": 0.009996002840327433,
    "theta": 0.0001
}