Tau	Kappa	Positive hit	Model0 ll	Model1 ll
1.995262314968893	6.309573444801975	1	[-3438.5724636909836]	[-189.68713669231965]
