Tau	Kappa	Positive hit	Model0 ll	Model1 ll
0.15848931924611206	0.5011872336272746	0	[-203.05907376830834]	[-222.39958712516398]
