Tau	Kappa	Positive hit	Model0 ll	Model1 ll
0.002511886431509582	0.00794328234724282	0	[-40.84387806693547]	[-41.04664642307067]
