Tau	Kappa	Positive hit	Model0 ll	Model1 ll
0.39810717055349937	1.258925411794174	1	[-121.18674630505336]	[-110.3990615951684]
