Tau	Kappa	Positive hit	Model0 ll	Model1 ll
0.025118864315095874	0.07943282347242837	0	[-159.34742758641576]	[-161.6656069432517]
