Tau	Kappa	Positive hit	Model0 ll	Model1 ll
1.5848931924611238	5.011872336272756	1	[-2635.3835838815667]	[-166.21678364115587]
