Tau	Kappa	Positive hit	Model0 ll	Model1 ll
6.309573444801981	19.95262314968895	1	[-1509.9261725119568]	[-289.3118810526789]
