Tau	Kappa	Positive hit	Model0 ll	Model1 ll
0.001	0.0031622776601683794	1	[-39.53122479993072]	[-36.53494365641559]
