Tau	Kappa	Positive hit	Model0 ll	Model1 ll
0.003981071705534978	0.012589254117941687	0	[-75.41532254274954]	[-75.417030237846]
