Tau	Kappa	Positive hit	Model0 ll	Model1 ll
0.0019952623149688807	0.006309573444801936	0	[-46.84849704078974]	[-47.086265721805084]
