Tau	Kappa	Positive hit	Model0 ll	Model1 ll
0.12589254117941726	0.398107170553499	0	[-183.38702552888986]	[-215.7021225812593]
