Tau	Kappa	Positive hit	Model0 ll	Model1 ll
0.501187233627275	1.5848931924611223	1	[-251.15732286324032]	[-138.86135139071348]
