Tau	Kappa	Positive hit	Model0 ll	Model1 ll
0.0501187233627274	0.1584893192461119	0	[-229.2879413746616]	[-230.3171533762379]
