Tau	Kappa	Positive hit	Model0 ll	Model1 ll
10.000000000000082	31.622776601684052	1	[-277.013780664304]	[-184.4054763669218]
