Tau	Kappa	Positive hit	Model0 ll	Model1 ll
0.00501187233627273	0.01584893192461116	0	[-73.72115300154677]	[-73.82429449476987]
