Tau	Kappa	Positive hit	Model0 ll	Model1 ll
0.015848931924611172	0.05011872336272735	0	[-146.9260281249878]	[-147.07679721382758]
