Tau	Kappa	Positive hit	Model0 ll	Model1 ll
0.001584893192461114	0.005011872336272725	0	[-36.46380574789538]	[-36.42016192646946]
