Tau	Kappa	Positive hit	Model0 ll	Model1 ll
0.25118864315095923	0.7943282347242854	0	[-154.37833974849667]	[-155.11198801278056]
