Tau	Kappa	Positive hit	Model0 ll	Model1 ll
0.01995262314968885	0.0630957344480195	0	[-137.97576496226142]	[-138.2678128062757]
