Tau	Kappa	Positive hit	Model0 ll	Model1 ll
0.06309573444801955	0.1995262314968887	0	[-311.3497922237047]	[-317.83698694716213]
