Tau	Kappa	Positive hit	Model0 ll	Model1 ll
0.31622776601683955	1.000000000000005	0	[-110.78995808880074]	[-109.35049716255935]
