Tau	Kappa	Positive hit	Model0 ll	Model1 ll
0.0031622776601683824	0.01000000000000001	0	[-40.56726531281484]	[-40.58358946156406]
