Tau	Kappa	Positive hit	Model0 ll	Model1 ll
0.03162277660168389	0.10000000000000031	0	[-186.1756302458691]	[-186.52139647574688]
