Tau	Kappa	Positive hit	Model0 ll	Model1 ll
0.6309573444801969	1.995262314968891	1	[-442.06055295067654]	[-437.0631226065311]
