Tau	Kappa	Positive hit	Model0 ll	Model1 ll
0.0012589254117941675	0.003981071705534973	0	[-37.80290508208246]	[-37.804552062528884]
