Tau	Kappa	Positive hit	Model0 ll	Model1 ll
0.010000000000000021	0.03162277660168386	0	[-98.59947338327216]	[-98.61614498637002]
