Tau	Kappa	Positive hit	Model0 ll	Model1 ll
0.07943282347242846	0.251188643150959	0	[-233.6423720989594]	[-235.22742475512567]
