Tau	Kappa	Positive hit	Model0 ll	Model1 ll
0.03981071705534985	0.12589254117941714	0	[-217.21677735094562]	[-218.76551107863594]
