Tau	Kappa	Positive hit	Model0 ll	Model1 ll
7.943282347242878	25.118864315096	1	[-732.8316704241947]	[-347.41643410704205]
