Tau	Kappa	Positive hit	Model0 ll	Model1 ll
2.5118864315095975	7.94328234724287	1	[-3614.8835193280593]	[-194.73324525681892]
