Tau	Kappa	Positive hit	Model0 ll	Model1 ll
0.006309573444801942	0.01995262314968883	0	[-109.89785592172443]	[-111.06728174156537]
