Tau	Kappa	Positive hit	Model0 ll	Model1 ll
0.012589254117941701	0.03981071705534982	0	[-105.73382318363534]	[-105.82354967737653]
