Tau	Kappa	Positive hit	Model0 ll	Model1 ll
0.7943282347242863	2.5118864315095952	1	[-833.9887662006659]	[-225.59217322678978]
