Tau	Kappa	Positive hit	Model0 ll	Model1 ll
0.00794328234724283	0.025118864315095846	0	[-67.44947200857777]	[-67.63921018975363]
