Tau	Kappa	Positive hit	Model0 ll	Model1 ll
5.011872336272761	15.848931924611255	1	[-2190.5721224523795]	[-205.59397488987042]
