Tau	Kappa	Positive hit	Model0 ll	Model1 ll
0.1995262314968889	0.6309573444801962	0	[-163.1556028391101]	[-163.67596872689376]
