Tau	Kappa	Positive hit	Model0 ll	Model1 ll
0.10000000000000041	0.3162277660168392	0	[-267.13273748444726]	[-267.3942592668277]
