Tau	Kappa	Positive hit	Model0 ll	Model1 ll
1.2589254117941753	3.9810717055349976	1	[-1859.935883241983]	[-136.2272562229]
