Tau	Kappa	Positive hit	Model0 ll	Model1 ll
3.981071705535002	12.589254117941765	1	[-3048.1409590720286]	[-146.5814949154783]
