Tau	Kappa	Positive hit	Model0 ll	Model1 ll
1.0000000000000062	3.1622776601683986	1	[-1310.5463066018929]	[-219.55853880806853]
