Tau	Kappa	Positive hit	Model0 ll	Model1 ll
3.162277660168402	10.000000000000071	1	[-3957.475804828129]	[-152.36818410755404]
