{
    "alpha": 100,
    "hidden_states": {
        "Pop1": [
            0.0,
            0.07565145664376298,
            0.12890262058633462,
            0.22497513785121084,
            0.3718804150490762,
            0.6056680849002359,
            1.0152900763757344,
            1.7061381996981362,
            2.9867607561928318,
            5.808512030604337,
            5008.277532399181,
            Infinity
        ]
    },
    "model": {
        "N0": 0.0625,
        "class": "SMCModel",
        "knots": [
            0.07565145664376298,
            0.22497513785121084,
            0.6056680849002359,
            1.7061381996981362,
            5.808512030604337
        ],
        "pid": "Pop1",
        "spline_class": "Piecewise",
        "y": [
            9.2103345032443,
            9.210333781213953,
            9.210333781213953,
            9.210333781213953,
            9.210333781213953
        ]
    },
    "rho": 0.009996002840327433,
    "theta": 0.0001
}