{
    "alpha": 100,
    "hidden_states": {
        "Pop1": [
            0.0,
            0.07908495197896707,
            0.1501840981446221,
            0.28089699739111,
            0.5408301134268213,
            1.043645575506332,
            2.0530671954213284,
            4.3765404469077955,
            5007.916177634889,
            Infinity
        ]
    },
    "model": {
        "N0": 0.0625,
        "class": "SMCModel",
        "knots": [
            0.07908495197896707,
            0.28089699739111,
            1.043645575506332,
            4.3765404469077955
        ],
        "pid": "Pop1",
        "spline_class": "Piecewise",
        "y": [
            5.211109906344345,
            4.519773776483175,
            3.8155871469939835,
            5.428578306977452
        ]
    },
    "rho": 0.009996002840327433,
    "theta": 0.0001
}