{
    "alpha": 100,
    "hidden_states": {
        "Pop1": [
            0.0,
            0.07509352648816749,
            0.1227651774981996,
            0.20787727098730974,
            0.34276889062118426,
            0.5826427108253927,
            0.9953780152988636,
            1.6438021328585695,
            2.842413566987013,
            5.412058408488042,
            5007.8878618237595,
            Infinity
        ]
    },
    "model": {
        "N0": 0.0625,
        "class": "SMCModel",
        "knots": [
            0.07509352648816749,
            0.20787727098730974,
            0.5826427108253927,
            1.6438021328585695,
            5.412058408488042
        ],
        "pid": "Pop1",
        "spline_class": "Piecewise",
        "y": [
            2.5618008895820883,
            3.5379518399898533,
            4.679972509695061,
            5.76145714032537,
            5.244273217303076
        ]
    },
    "rho": 0.009996002840327433,
    "theta": 0.0001
}