{
    "alpha": 100,
    "hidden_states": {
        "Pop1": [
            0.0,
            0.08099005765740949,
            0.12047314083701831,
            0.18247012146040886,
            0.27776150613567213,
            0.42261795931230217,
            0.6505235422131077,
            1.0076650491998083,
            1.5120378552984441,
            2.3351650603656866,
            3.7670169129488564,
            6.961492074128832,
            5008.500917863386,
            Infinity
        ]
    },
    "model": {
        "N0": 0.0625,
        "class": "SMCModel",
        "knots": [
            0.08099005765740949,
            0.18247012146040886,
            0.42261795931230217,
            1.0076650491998083,
            2.3351650603656866,
            6.961492074128832
        ],
        "pid": "Pop1",
        "spline_class": "Piecewise",
        "y": [
            9.139649690969637,
            9.139649690969637,
            9.139649690969637,
            9.139649690969637,
            9.139649690969637,
            9.139649690969637
        ]
    },
    "rho": 0.0001,
    "theta": 0.0001
}