{
    "alpha": 100,
    "hidden_states": {
        "Pop1": [
            0.0,
            0.0008503350802618343,
            72.46769224276916,
            Infinity
        ]
    },
    "model": {
        "N0": 4.0,
        "class": "SMCModel",
        "knots": [
            0.0008503350802618343
        ],
        "pid": "Pop1",
        "spline_class": "Piecewise",
        "y": [
            0.723691408762634
        ]
    },
    "rho": 0.0001,
    "theta": 0.0001
}