{
    "alpha": 100,
    "hidden_states": {
        "Pop1": [
            0.0,
            0.08102162481799709,
            0.10925965144453455,
            0.14497887081592056,
            0.19918529002157354,
            0.27068352735078216,
            0.36310882831269503,
            0.5035135598253409,
            0.6889347339043981,
            0.9496418738773666,
            1.2823491061896966,
            1.7460104713382114,
            2.412958611735818,
            3.4141860787550646,
            5.057791569061832,
            9.264091893800869,
            5008.513442440987,
            Infinity
        ]
    },
    "model": {
        "N0": 0.0625,
        "class": "SMCModel",
        "knots": [
            0.08102162481799709,
            0.14497887081592056,
            0.27068352735078216,
            0.5035135598253409,
            0.9496418738773666,
            1.7460104713382114,
            3.4141860787550646,
            9.264091893800869
        ],
        "pid": "Pop1",
        "spline_class": "Piecewise",
        "y": [
            1.3106096543182637,
            1.3106096543182637,
            1.3106096543182637,
            1.9507485582384263,
            2.5108892929075552,
            3.139106396895266,
            3.160196680925117,
            4.983426476673414
        ]
    },
    "rho": 0.009996002840327433,
    "theta": 0.0001
}