{
    "alpha": 100,
    "hidden_states": {
        "Pop1": [
            0.0,
            0.0005064645340990523,
            0.0012785265132002498,
            0.003139744264955554,
            0.007916402384816234,
            0.020564278523635317,
            0.11817027249208738,
            Infinity
        ]
    },
    "model": {
        "N0": 6.250000000000001,
        "class": "SMCModel",
        "knots": [
            0.0005064645340990523,
            0.003139744264955554,
            0.020564278523635317
        ],
        "pid": "Pop1",
        "spline_class": "Piecewise",
        "y": [
            -3.5703777526245943,
            -2.2217071389817744,
            -2.16151429171178
        ]
    },
    "rho": 0.0017244796088923347,
    "theta": 0.0001
}