{
    "alpha": 100,
    "hidden_states": {
        "Pop1": [
            0.0,
            0.0005064645340990523,
            0.0012785265132002498,
            0.003139744264955554,
            0.007916402384816234,
            0.020564278523635317,
            0.11817027249208738,
            Infinity
        ]
    },
    "model": {
        "N0": 6.250000000000001,
        "class": "SMCModel",
        "knots": [
            0.0005064645340990523,
            0.003139744264955554,
            0.020564278523635317
        ],
        "pid": "Pop1",
        "spline_class": "Piecewise",
        "y": [
            -3.8500740540191565,
            -1.7146697808148141,
            0.46377619900491873
        ]
    },
    "rho": 0.009994413810899843,
    "theta": 0.0001
}