{
    "alpha": 100,
    "hidden_states": {
        "Pop1": [
            0.0,
            0.00048243765159864283,
            0.0006181496383315451,
            0.0008050587661360257,
            0.0010169089278472736,
            0.0013320127709453876,
            0.0017096500291700946,
            0.0021907229324278623,
            0.002795607606263227,
            0.0035119104306140475,
            0.004446772411070719,
            0.005583137075416504,
            0.007226142165251326,
            0.009157807662209885,
            0.01172872667275958,
            0.014988466050522465,
            0.019551940802106763,
            0.025822912521068664,
            0.034639075135372725,
            0.04942579007122239,
            0.11879260966781986,
            Infinity
        ]
    },
    "model": {
        "N0": 6.250000000000001,
        "class": "SMCModel",
        "knots": [
            0.00048243765159864283,
            0.0008050587661360257,
            0.0013320127709453876,
            0.0021907229324278623,
            0.0035119104306140475,
            0.005583137075416504,
            0.009157807662209885,
            0.014988466050522465,
            0.025822912521068664,
            0.04942579007122239
        ],
        "pid": "Pop1",
        "spline_class": "Piecewise",
        "y": [
            -4.649228468561437,
            -2.921525169420889,
            -2.7574004260384966,
            -2.614777481035024,
            -2.4726166528882816,
            -2.4034232059603986,
            -2.3987191875312726,
            -2.0646606502067475,
            -1.5754406489537642,
            -2.6444447871499426
        ]
    },
    "rho": 0.0006072652786666416,
    "theta": 0.0001
}