{
    "alpha": 100,
    "hidden_states": {
        "Pop1": [
            0.0,
            0.00048243765159864283,
            0.0006181496383315451,
            0.0008050587661360257,
            0.0010169089278472736,
            0.0013320127709453876,
            0.0017096500291700946,
            0.0021907229324278623,
            0.002795607606263227,
            0.0035119104306140475,
            0.004446772411070719,
            0.005583137075416504,
            0.007226142165251326,
            0.009157807662209885,
            0.01172872667275958,
            0.014988466050522465,
            0.019551940802106763,
            0.025822912521068664,
            0.034639075135372725,
            0.04942579007122239,
            0.11879260966781986,
            Infinity
        ]
    },
    "model": {
        "N0": 6.250000000000001,
        "class": "SMCModel",
        "knots": [
            0.00048243765159864283,
            0.0008050587661360257,
            0.0013320127709453876,
            0.0021907229324278623,
            0.0035119104306140475,
            0.005583137075416504,
            0.009157807662209885,
            0.014988466050522465,
            0.025822912521068664,
            0.04942579007122239
        ],
        "pid": "Pop1",
        "spline_class": "Piecewise",
        "y": [
            -5.949483097221545,
            -3.285696092849507,
            -1.3118188109087539,
            -0.2838459283298281,
            -0.2270358836270261,
            -0.891388997572035,
            -1.6349643526018804,
            -1.794874642349138,
            -1.5419451107253608,
            -1.7448816639770692
        ]
    },
    "rho": 0.009345326493213882,
    "theta": 0.0001
}