{
    "alpha": 100,
    "hidden_states": {
        "Pop1": [
            0.0,
            0.08073786504041064,
            0.11349780730576443,
            0.1591483904668058,
            0.2275932723377736,
            0.32239768779108746,
            0.4665109090899394,
            0.6691458596701749,
            0.9664712446694471,
            1.3713493510026342,
            1.9591341688104154,
            2.876348639642601,
            4.408466794304527,
            7.935994970588681,
            5008.456433680456,
            Infinity
        ]
    },
    "model": {
        "N0": 0.0625,
        "class": "SMCModel",
        "knots": [
            0.08073786504041064,
            0.1591483904668058,
            0.32239768779108746,
            0.6691458596701749,
            1.3713493510026342,
            2.876348639642601,
            7.935994970588681
        ],
        "pid": "Pop1",
        "spline_class": "Piecewise",
        "y": [
            9.210336386291903,
            9.210334041958273,
            9.210334041958273,
            9.210334041958273,
            9.210334041958273,
            9.210334041958273,
            9.210334041958273
        ]
    },
    "rho": 0.009996002840327433,
    "theta": 0.0001
}