{
    "alpha": 100,
    "hidden_states": {
        "Pop1": [
            0.0,
            0.07199488378508186,
            0.18604184400218504,
            0.474910455136923,
            1.214391871374766,
            3.200374383711107,
            5007.929925484295,
            Infinity
        ]
    },
    "model": {
        "N0": 0.0625,
        "class": "SMCModel",
        "knots": [
            0.07199488378508186,
            0.474910455136923,
            3.200374383711107
        ],
        "pid": "Pop1",
        "spline_class": "Piecewise",
        "y": [
            4.010687893420761,
            5.5346271189835345,
            4.597858327082816
        ]
    },
    "rho": 0.009996002840327433,
    "theta": 0.0001
}