{"Parameters":{"0":{"Kappa":10,"Tau":0.01}},"Positive hit":{"0":2},"SNPs":{"0":[98128,100081]},"SFS obs":{"0":[[25852,14228,9525,6933,5705,4630,4084,3567,3155,2844,2585,2351,2254,2015,1867,1698,1727,1501,1607],[27381,14051,9037,7152,5501,4794,4198,3831,3177,3015,2677,2487,2148,2070,1904,1786,1602,1609,1661]]},"SFS M0":{"0":[[0.9999263741,0.4999715004,0.3333163902,0.2499886728,0.199991965,0.1666607699,0.1428527273,0.1249966561,0.1111085664,0.0999980641,0.0909076257,0.0833322353,0.0769222666,0.0714279865,0.0666662574,0.062499726,0.0588233575,0.0555554581,0.0526315327],[0.9999263741,0.4999715004,0.3333163902,0.2499886728,0.199991965,0.1666607699,0.1428527273,0.1249966561,0.1111085664,0.0999980641,0.0909076257,0.0833322353,0.0769222666,0.0714279865,0.0666662574,0.062499726,0.0588233575,0.0555554581,0.0526315327]]},"SFS M1":{"0":[[9.1116315041,4.9466923559,3.3283447664,2.4993448071,1.9998499567,1.6665978755,1.4285257965,1.249966329,1.1110856266,0.9999806352,0.9090762558,0.8333223526,0.7692226657,0.7142798648,0.6666625735,0.6249972596,0.5882335746,0.5555545808,0.5263153273],[9.5931573403,4.9856219304,3.3323063696,2.499816116,1.9999125914,1.6666068923,1.4285271715,1.2499665473,1.1110856622,0.9999806411,0.9090762568,0.8333223527,0.7692226658,0.7142798648,0.6666625735,0.6249972596,0.5882335746,0.5555545808,0.5263153273]]},"Model0 ll":{"0":[-191.9290241886,-160.4313195395]},"Model1 ll":{"0":[-109.8472497345,-142.7207213327]},"Time simulation":{"0":61.142},"Time inference":{"0":0.537}}