{"Parameters":{"0":{"Kappa":10,"Tau":100.0}},"Positive hit":{"0":0},"SNPs":{"0":[99268,98554]},"SFS obs":{"0":[[28942,13737,9393,7051,5492,4480,3951,3556,2956,2634,2470,2419,2106,1882,1904,1751,1622,1442,1480],[28057,13663,9396,7068,5488,4593,3830,3516,3225,2830,2498,2295,1977,1973,1876,1719,1630,1366,1554]]},"SFS M0":{"0":[[0.9999263741,0.4999715004,0.3333163902,0.2499886728,0.199991965,0.1666607699,0.1428527273,0.1249966561,0.1111085664,0.0999980641,0.0909076257,0.0833322353,0.0769222666,0.0714279865,0.0666662574,0.062499726,0.0588233575,0.0555554581,0.0526315327],[0.9999263741,0.4999715004,0.3333163902,0.2499886728,0.199991965,0.1666607699,0.1428527273,0.1249966561,0.1111085664,0.0999980641,0.0909076257,0.0833322353,0.0769222666,0.0714279865,0.0666662574,0.062499726,0.0588233575,0.0555554581,0.0526315327]]},"SFS M1":{"0":[[9.8261719637,4.9966479602,3.3330636494,2.4998821882,1.9999193967,1.6666076823,1.4285272716,1.2499665608,1.1110856641,0.9999806414,0.9090762568,0.8333223527,0.7692226658,0.7142798648,0.6666625735,0.6249972596,0.5882335746,0.5555545808,0.5263153273],[9.6935277125,4.9903574373,3.332644771,2.4998473823,1.999916016,1.6666073143,1.428527228,1.2499665553,1.1110856634,0.9999806413,0.9090762568,0.8333223527,0.7692226658,0.7142798648,0.6666625735,0.6249972596,0.5882335746,0.5555545808,0.5263153273]]},"Model0 ll":{"0":[-139.6087913223,-127.1770095583]},"Model1 ll":{"0":[-159.2710631471,-144.776566404]},"Time simulation":{"0":65.354},"Time inference":{"0":0.48}}