{"Parameters":{"0":{"Kappa":10,"Tau":0.1}},"Positive hit":{"0":2},"SNPs":{"0":[98330,100720]},"SFS obs":{"0":[[21608,13681,9819,7531,6150,5043,4491,4036,3577,3084,2828,2619,2425,2170,2210,1890,1755,1783,1630],[21385,14598,10020,8000,6369,5399,4392,4025,3437,3068,2906,2885,2408,2373,2173,2012,1865,1777,1628]]},"SFS M0":{"0":[[0.9999263741,0.4999715004,0.3333163902,0.2499886728,0.199991965,0.1666607699,0.1428527273,0.1249966561,0.1111085664,0.0999980641,0.0909076257,0.0833322353,0.0769222666,0.0714279865,0.0666662574,0.062499726,0.0588233575,0.0555554581,0.0526315327],[0.9999263741,0.4999715004,0.3333163902,0.2499886728,0.199991965,0.1666607699,0.1428527273,0.1249966561,0.1111085664,0.0999980641,0.0909076257,0.0833322353,0.0769222666,0.0714279865,0.0666662574,0.062499726,0.0588233575,0.0555554581,0.0526315327]]},"SFS M1":{"0":[[1.0251878402,0.5252314174,0.3585747588,0.2752454937,0.2252472388,0.1919144971,0.1681049083,0.1502472913,0.1363576559,0.1252456082,0.1161536245,0.108576689,0.1021651752,0.0966693501,0.091906076,0.0877379996,0.0840600861,0.0807906417,0.0778651713],[6.737612286,4.4080810083,3.1903567245,2.4612927119,1.9888792624,1.6633528409,1.4275539324,1.2496745748,1.1109985724,0.9999550161,0.909068877,0.8333202898,0.7692221114,0.7142797232,0.6666625397,0.6249972522,0.5882335731,0.5555545806,0.5263153273]]},"Model0 ll":{"0":[-1192.7941904933,-1444.8882716706]},"Model1 ll":{"0":[-650.655697533,-129.0405852127]},"Time simulation":{"0":64.219},"Time inference":{"0":5.19}}