{"Parameters":{"0":{"Kappa":10,"Tau":10.0}},"Positive hit":{"0":2},"SNPs":{"0":[101762,100659]},"SFS obs":{"0":[[27678,14075,9375,7096,5729,4520,4104,3703,3482,2889,2790,2591,2325,2045,2048,1808,1968,1814,1722],[27412,13539,9443,7054,5563,4767,4349,3610,3171,2846,2644,2531,2523,2225,1960,1919,1875,1626,1602]]},"SFS M0":{"0":[[0.9999263741,0.4999715004,0.3333163902,0.2499886728,0.199991965,0.1666607699,0.1428527273,0.1249966561,0.1111085664,0.0999980641,0.0909076257,0.0833322353,0.0769222666,0.0714279865,0.0666662574,0.062499726,0.0588233575,0.0555554581,0.0526315327],[0.9999263741,0.4999715004,0.3333163902,0.2499886728,0.199991965,0.1666607699,0.1428527273,0.1249966561,0.1111085664,0.0999980641,0.0909076257,0.0833322353,0.0769222666,0.0714279865,0.0666662574,0.062499726,0.0588233575,0.0555554581,0.0526315327]]},"SFS M1":{"0":[[9.4795090743,4.9788399184,3.3317802466,2.4997668871,1.9999073009,1.6666062616,1.4285270902,1.2499665362,1.1110856606,0.9999806409,0.9090762567,0.8333223527,0.7692226658,0.7142798648,0.6666625735,0.6249972596,0.5882335746,0.5555545808,0.5263153273],[1.0091418745,0.5091869234,0.342531736,0.2592039417,0.2092071571,0.1758758854,0.1520677663,0.1342116188,0.1203234529,0.1092128745,0.1001223599,0.0925468935,0.0861368488,0.0806424927,0.0758806876,0.0717140803,0.0680376358,0.0647696604,0.0618456591]]},"Model0 ll":{"0":[-213.9384431288,-204.5711264657]},"Model1 ll":{"0":[-187.3723540078,-128.0466065313]},"Time simulation":{"0":68.727},"Time inference":{"0":0.51}}