{"Parameters":{"0":{"Kappa":10,"Tau":0.0001}},"Positive hit":{"0":0},"SNPs":{"0":[100701,99057]},"SFS obs":{"0":[[28388,14176,9766,7035,5705,4568,3956,3469,3064,2766,2568,2312,2222,1986,1920,1839,1784,1671,1506],[28449,14078,9141,6972,5417,4654,3873,3481,3034,2888,2590,2222,1990,2054,1847,1631,1559,1667,1510]]},"SFS M0":{"0":[[0.9999263741,0.4999715004,0.3333163902,0.2499886728,0.199991965,0.1666607699,0.1428527273,0.1249966561,0.1111085664,0.0999980641,0.0909076257,0.0833322353,0.0769222666,0.0714279865,0.0666662574,0.062499726,0.0588233575,0.0555554581,0.0526315327],[0.9999263741,0.4999715004,0.3333163902,0.2499886728,0.199991965,0.1666607699,0.1428527273,0.1249966561,0.1111085664,0.0999980641,0.0909076257,0.0833322353,0.0769222666,0.0714279865,0.0666662574,0.062499726,0.0588233575,0.0555554581,0.0526315327]]},"SFS M1":{"0":[[9.7798760284,4.9948269985,3.3329642765,2.4998754909,1.9999188737,1.6666076369,1.4285272673,1.2499665604,1.111085664,0.9999806414,0.9090762568,0.8333223527,0.7692226658,0.7142798648,0.6666625735,0.6249972596,0.5882335746,0.5555545808,0.5263153273],[0.9999263741,0.4999715004,0.3333163902,0.2499886728,0.199991965,0.1666607699,0.1428527273,0.1249966561,0.1111085664,0.0999980641,0.0909076257,0.0833322353,0.0769222666,0.0714279865,0.0666662574,0.062499726,0.0588233575,0.0555554581,0.0526315327]]},"Model0 ll":{"0":[-116.9794925154,-129.104442671]},"Model1 ll":{"0":[-121.9912889964,-129.1044426694]},"Time simulation":{"0":35.313},"Time inference":{"0":3.205}}