{"Parameters":{"0":{"Kappa":10,"Tau":1.0}},"Positive hit":{"0":2},"SNPs":{"0":[100530,97848]},"SFS obs":{"0":[[11959,9019,8025,7232,6459,5762,5762,5295,5009,5300,4358,3940,3767,3363,3313,3186,2977,2980,2824],[11532,9319,7515,7072,6317,5723,5750,4938,4728,4107,3947,4020,4004,3734,3288,3135,2862,3095,2762]]},"SFS M0":{"0":[[0.9999263741,0.4999715004,0.3333163902,0.2499886728,0.199991965,0.1666607699,0.1428527273,0.1249966561,0.1111085664,0.0999980641,0.0909076257,0.0833322353,0.0769222666,0.0714279865,0.0666662574,0.062499726,0.0588233575,0.0555554581,0.0526315327],[0.9999263741,0.4999715004,0.3333163902,0.2499886728,0.199991965,0.1666607699,0.1428527273,0.1249966561,0.1111085664,0.0999980641,0.0909076257,0.0833322353,0.0769222666,0.0714279865,0.0666662574,0.062499726,0.0588233575,0.0555554581,0.0526315327]]},"SFS M1":{"0":[[2.3027764202,1.7236478742,1.4830956437,1.3308279053,1.2165452676,1.123294967,1.0436624394,0.9738187112,0.9115357831,0.8553924299,0.8044128921,0.7578859511,0.715267269,0.6761233711,0.6400978453,0.6068900464,0.5762411644,0.5479247977,0.5217403792],[2.269437979,1.6947696725,1.4581875947,1.3094431954,1.1982773378,1.1077746589,1.0305552999,0.9628224475,0.902377863,0.8478278194,0.7982219248,0.7528723239,0.7112561579,0.6729596615,0.6376444713,0.6050264356,0.5748617806,0.5469377792,0.5210662667]]},"Model0 ll":{"0":[-13586.497433692,-13129.5394090774]},"Model1 ll":{"0":[-188.5102516975,-180.5471137393]},"Time simulation":{"0":126.24},"Time inference":{"0":0.331}}