{"Parameters":{"0":{"Kappa":10,"Tau":10000.0000000002}},"Positive hit":{"0":1},"SNPs":{"0":[101955,102072]},"SFS obs":{"0":[[28154,14100,9909,7288,5798,4797,4057,3610,3279,3138,2650,2406,2181,2102,1916,1876,1667,1593,1434],[28760,14574,9358,7298,6108,4736,4041,3656,3213,2712,2550,2383,2113,2035,1994,1856,1626,1523,1536]]},"SFS M0":{"0":[[0.9999263741,0.4999715004,0.3333163902,0.2499886728,0.199991965,0.1666607699,0.1428527273,0.1249966561,0.1111085664,0.0999980641,0.0909076257,0.0833322353,0.0769222666,0.0714279865,0.0666662574,0.062499726,0.0588233575,0.0555554581,0.0526315327],[0.9999263741,0.4999715004,0.3333163902,0.2499886728,0.199991965,0.1666607699,0.1428527273,0.1249966561,0.1111085664,0.0999980641,0.0909076257,0.0833322353,0.0769222666,0.0714279865,0.0666662574,0.062499726,0.0588233575,0.0555554581,0.0526315327]]},"SFS M1":{"0":[[9.6954545065,4.9904721107,3.3326540813,2.4998483029,1.9999161203,1.6666073273,1.4285272297,1.2499665556,1.1110856634,0.9999806413,0.9090762568,0.8333223527,0.7692226658,0.7142798648,0.6666625735,0.6249972596,0.5882335746,0.5555545808,0.5263153273],[0.9999263741,0.4999715004,0.3333163902,0.2499886728,0.199991965,0.1666607699,0.1428527273,0.1249966561,0.1111085664,0.0999980641,0.0909076257,0.0833322353,0.0769222666,0.0714279865,0.0666662574,0.062499726,0.0588233575,0.0555554581,0.0526315327]]},"Model0 ll":{"0":[-128.7755369541,-126.0574858326]},"Model1 ll":{"0":[-119.8922540016,-126.0574858339]},"Time simulation":{"0":57.862},"Time inference":{"0":2.908}}