{"Parameters":{"0":{"Kappa":10,"Tau":0.0001258925}},"Positive hit":{"0":0},"SNPs":{"0":[102657,98509]},"SFS obs":{"0":[[29137,14334,9566,7122,5735,4964,4199,3647,3117,2995,2572,2525,2180,2140,1925,1770,1596,1537,1596],[28282,13726,9257,7214,5325,4737,4049,3370,2985,2842,2375,2217,2217,1985,1742,1677,1578,1453,1478]]},"SFS M0":{"0":[[0.9999263741,0.4999715004,0.3333163902,0.2499886728,0.199991965,0.1666607699,0.1428527273,0.1249966561,0.1111085664,0.0999980641,0.0909076257,0.0833322353,0.0769222666,0.0714279865,0.0666662574,0.062499726,0.0588233575,0.0555554581,0.0526315327],[0.9999263741,0.4999715004,0.3333163902,0.2499886728,0.199991965,0.1666607699,0.1428527273,0.1249966561,0.1111085664,0.0999980641,0.0909076257,0.0833322353,0.0769222666,0.0714279865,0.0666662574,0.062499726,0.0588233575,0.0555554581,0.0526315327]]},"SFS M1":{"0":[[0.9999263741,0.4999715004,0.3333163902,0.2499886728,0.199991965,0.1666607699,0.1428527273,0.1249966561,0.1111085664,0.0999980641,0.0909076257,0.0833322353,0.0769222666,0.0714279865,0.0666662574,0.062499726,0.0588233575,0.0555554581,0.0526315327],[0.9999263741,0.4999715004,0.3333163902,0.2499886728,0.199991965,0.1666607699,0.1428527273,0.1249966561,0.1111085664,0.0999980641,0.0909076257,0.0833322353,0.0769222666,0.0714279865,0.0666662574,0.062499726,0.0588233575,0.0555554581,0.0526315327]]},"Model0 ll":{"0":[-116.2238090539,-132.6498184851]},"Model1 ll":{"0":[-116.2238090525,-132.6498184844]},"Time simulation":{"0":40.244},"Time inference":{"0":2.874}}