{"Parameters":{"0":{"Kappa":10,"Tau":1000.0}},"Positive hit":{"0":0},"SNPs":{"0":[101435,101582]},"SFS obs":{"0":[[28704,14441,9577,7188,5869,4831,3980,3517,3120,2747,2620,2389,2015,2073,1917,1800,1668,1623,1356],[28956,14054,9832,7083,5767,4835,3970,3449,3070,2713,2481,2408,2313,2110,1868,1784,1765,1543,1581]]},"SFS M0":{"0":[[0.9999263741,0.4999715004,0.3333163902,0.2499886728,0.199991965,0.1666607699,0.1428527273,0.1249966561,0.1111085664,0.0999980641,0.0909076257,0.0833322353,0.0769222666,0.0714279865,0.0666662574,0.062499726,0.0588233575,0.0555554581,0.0526315327],[0.9999263741,0.4999715004,0.3333163902,0.2499886728,0.199991965,0.1666607699,0.1428527273,0.1249966561,0.1111085664,0.0999980641,0.0909076257,0.0833322353,0.0769222666,0.0714279865,0.0666662574,0.062499726,0.0588233575,0.0555554581,0.0526315327]]},"SFS M1":{"0":[[0.9999263741,0.4999715004,0.3333163902,0.2499886728,0.199991965,0.1666607699,0.1428527273,0.1249966561,0.1111085664,0.0999980641,0.0909076257,0.0833322353,0.0769222666,0.0714279865,0.0666662574,0.062499726,0.0588233575,0.0555554581,0.0526315327],[9.7859336669,4.9950884336,3.3329798305,2.4998766273,1.9999189694,1.6666076458,1.4285272682,1.2499665605,1.111085664,0.9999806414,0.9090762568,0.8333223527,0.7692226658,0.7142798648,0.6666625735,0.6249972596,0.5882335746,0.5555545808,0.5263153273]]},"Model0 ll":{"0":[-119.7434147155,-126.5361440106]},"Model1 ll":{"0":[-119.7434147173,-137.9824985071]},"Time simulation":{"0":60.301},"Time inference":{"0":2.108}}