{"Parameters":{"0":{"Kappa":10,"Tau":0.001}},"Positive hit":{"0":1},"SNPs":{"0":[99112,99814]},"SFS obs":{"0":[[27732,14009,9143,7007,5636,4609,3978,3501,3111,2809,2620,2314,2251,2225,1911,1642,1608,1526,1480],[27061,14261,9368,7173,5798,4851,3951,3740,3162,2966,2610,2421,2092,2076,1806,1698,1731,1632,1417]]},"SFS M0":{"0":[[0.9999263741,0.4999715004,0.3333163902,0.2499886728,0.199991965,0.1666607699,0.1428527273,0.1249966561,0.1111085664,0.0999980641,0.0909076257,0.0833322353,0.0769222666,0.0714279865,0.0666662574,0.062499726,0.0588233575,0.0555554581,0.0526315327],[0.9999263741,0.4999715004,0.3333163902,0.2499886728,0.199991965,0.1666607699,0.1428527273,0.1249966561,0.1111085664,0.0999980641,0.0909076257,0.0833322353,0.0769222666,0.0714279865,0.0666662574,0.062499726,0.0588233575,0.0555554581,0.0526315327]]},"SFS M1":{"0":[[9.7501984121,4.9934465662,3.3328758593,2.4998685417,1.9999182444,1.6666075738,1.4285272605,1.2499665596,1.1110856639,0.9999806414,0.9090762568,0.8333223527,0.7692226658,0.7142798648,0.6666625735,0.6249972596,0.5882335746,0.5555545808,0.5263153273],[9.4813515183,4.978970177,3.3317916841,2.4997680584,1.9999074354,1.6666062784,1.4285270925,1.2499665365,1.1110856606,0.9999806409,0.9090762567,0.8333223527,0.7692226658,0.7142798648,0.6666625735,0.6249972596,0.5882335746,0.5555545808,0.5263153273]]},"Model0 ll":{"0":[-118.8386455619,-146.7864711085]},"Model1 ll":{"0":[-119.9709069729,-118.0694361797]},"Time simulation":{"0":49.289},"Time inference":{"0":1.692}}