{
    "alpha": 100,
    "hidden_states": {
        "Pop1": [
            0.0,
            0.07788957551198294,
            0.10517030037900844,
            0.14233842717116488,
            0.19721830640056823,
            0.2733316332942874,
            0.36401899026225853,
            0.5026384332952094,
            0.6869726272371968,
            0.9446664999815219,
            1.2772552374600248,
            1.7458657990827067,
            2.41803378477852,
            3.410699342996658,
            5.035177760764323,
            9.141808069281314,
            5008.4355695903905,
            Infinity
        ]
    },
    "model": {
        "N0": 0.0625,
        "class": "SMCModel",
        "knots": [
            0.07788957551198294,
            0.14233842717116488,
            0.2733316332942874,
            0.5026384332952094,
            0.9446664999815219,
            1.7458657990827067,
            3.410699342996658,
            9.141808069281314
        ],
        "pid": "Pop1",
        "spline_class": "Piecewise",
        "y": [
            9.210334066921535,
            9.210334041907954,
            9.210334041907954,
            9.210334041907954,
            9.210334041907954,
            9.210334041907954,
            9.210334041907954,
            9.210334041907954
        ]
    },
    "rho": 0.009996002840327433,
    "theta": 0.0001
}