{
    "alpha": 100,
    "hidden_states": {
        "Pop1": [
            0.0,
            0.05156166829947649,
            0.23558387507472997,
            1.0787090175427105,
            10.305937404655747,
            Infinity
        ]
    },
    "model": {
        "N0": 0.0625,
        "class": "SMCModel",
        "knots": [
            0.05156166829947649,
            1.0787090175427105
        ],
        "pid": "Pop1",
        "spline_class": "Piecewise",
        "y": [
            -8.130527296578407,
            2.6191124850664935
        ]
    },
    "rho": 0.005643927495702656,
    "theta": 0.0001
}