{
    "alpha": 100,
    "hidden_states": {
        "Pop1": [
            0.0,
            0.08061890223085313,
            0.13573884838375289,
            0.221499582688923,
            0.3642378171320348,
            0.6105786085237532,
            1.0169266368397074,
            1.711235079633449,
            2.9750949815679624,
            5.799048136297925,
            5008.4149127823575,
            Infinity
        ]
    },
    "model": {
        "N0": 0.0625,
        "class": "SMCModel",
        "knots": [
            0.08061890223085313,
            0.221499582688923,
            0.6105786085237532,
            1.711235079633449,
            5.799048136297925
        ],
        "pid": "Pop1",
        "spline_class": "Piecewise",
        "y": [
            9.13975162408105,
            9.13975162408105,
            9.13975162408105,
            9.13975162408105,
            9.13975162408105
        ]
    },
    "rho": 0.0001,
    "theta": 0.0001
}