{
    "alpha": 100,
    "hidden_states": {
        "Pop1": [
            0.0,
            0.07744574001601041,
            0.18936278742549034,
            0.47681570749648605,
            1.1919160575661043,
            3.164358290608843,
            5007.6105312577965,
            Infinity
        ]
    },
    "model": {
        "N0": 0.0625,
        "class": "SMCModel",
        "knots": [
            0.07744574001601041,
            0.47681570749648605,
            3.164358290608843
        ],
        "pid": "Pop1",
        "spline_class": "Piecewise",
        "y": [
            3.783268334371148,
            5.394592229935945,
            4.429158569292204
        ]
    },
    "rho": 0.009996002840327433,
    "theta": 0.0001
}