{
    "alpha": 100,
    "hidden_states": {
        "Pop1": [
            0.0,
            0.051572405393887834,
            0.12713037684918824,
            0.31679198719882523,
            0.7956443094758022,
            2.067144224314024,
            10.343865795686135,
            Infinity
        ]
    },
    "model": {
        "N0": 0.0625,
        "class": "SMCModel",
        "knots": [
            0.051572405393887834,
            0.31679198719882523,
            2.067144224314024
        ],
        "pid": "Pop1",
        "spline_class": "Piecewise",
        "y": [
            -3.2292008390465616,
            0.08029165257357772,
            1.8824172450737833
        ]
    },
    "rho": 0.0010911544220482785,
    "theta": 0.0001
}