{
    "alpha": 100,
    "hidden_states": {
        "Pop1": [
            0.0,
            0.051572405393887834,
            0.12713037684918824,
            0.31679198719882523,
            0.7956443094758022,
            2.067144224314024,
            10.343865795686135,
            Infinity
        ]
    },
    "model": {
        "N0": 0.0625,
        "class": "SMCModel",
        "knots": [
            0.051572405393887834,
            0.31679198719882523,
            2.067144224314024
        ],
        "pid": "Pop1",
        "spline_class": "Piecewise",
        "y": [
            -6.907755657108943,
            1.358950404395385,
            2.7615516202271424
        ]
    },
    "rho": 0.009793283850009188,
    "theta": 0.0001
}