{
    "alpha": 100,
    "hidden_states": {
        "Pop1": [
            0.0,
            0.0809729068022013,
            0.11400816278890787,
            0.15954044032976927,
            0.22836279216542146,
            0.3227304411188086,
            0.46755838836039443,
            0.6711462785425869,
            0.970760916740765,
            1.3764749965485918,
            1.9648646950648057,
            2.8873679865780453,
            4.428799502784548,
            7.995956378465047,
            5008.486024191599,
            Infinity
        ]
    },
    "model": {
        "N0": 0.0625,
        "class": "SMCModel",
        "knots": [
            0.0809729068022013,
            0.15954044032976927,
            0.3227304411188086,
            0.6711462785425869,
            1.3764749965485918,
            2.8873679865780453,
            7.995956378465047
        ],
        "pid": "Pop1",
        "spline_class": "Piecewise",
        "y": [
            9.137889479934893,
            9.137889479934893,
            9.137889479934893,
            9.137889479934893,
            9.137889479934893,
            9.137889479934893,
            9.137889479934893
        ]
    },
    "rho": 0.0001,
    "theta": 0.0001
}