{
    "alpha": 100,
    "hidden_states": {
        "Pop1": [
            0.0,
            0.07745416309599548,
            0.11164876379139595,
            0.16278048454882652,
            0.23842094672145814,
            0.3349740085253978,
            0.47180591489089746,
            0.6550250668217756,
            0.9468564710503409,
            1.3404394629213947,
            1.9271095815211066,
            2.863718245645624,
            4.404379353936194,
            7.913127190833286,
            5008.386782100344,
            Infinity
        ]
    },
    "model": {
        "N0": 0.0625,
        "class": "SMCModel",
        "knots": [
            0.07745416309599548,
            0.16278048454882652,
            0.3349740085253978,
            0.6550250668217756,
            1.3404394629213947,
            2.863718245645624,
            7.913127190833286
        ],
        "pid": "Pop1",
        "spline_class": "Piecewise",
        "y": [
            9.13509195915753,
            9.13509195915753,
            9.13509195915753,
            9.13509195915753,
            9.13509195915753,
            9.13509195915753,
            9.13509195915753
        ]
    },
    "rho": 0.0001,
    "theta": 0.0001
}