{
    "alpha": 100,
    "hidden_states": {
        "Pop1": [
            0.0,
            0.07487462647502068,
            0.10600970131106639,
            0.1485110430318469,
            0.21574863879939707,
            0.30722991309841147,
            0.4374142394613351,
            0.631253183136385,
            0.9086644891024496,
            1.2923114676250955,
            1.8486850889789253,
            2.7042240824954873,
            4.096528096982445,
            7.027826475355833,
            5007.842769905877,
            Infinity
        ]
    },
    "model": {
        "N0": 0.0625,
        "class": "SMCModel",
        "knots": [
            0.07487462647502068,
            0.1485110430318469,
            0.30722991309841147,
            0.631253183136385,
            1.2923114676250955,
            2.7042240824954873,
            7.027826475355833
        ],
        "pid": "Pop1",
        "spline_class": "Piecewise",
        "y": [
            6.312751632163124,
            5.249671786507537,
            5.239131638019394,
            5.296237235135927,
            5.158972034741425,
            4.235132050069821,
            5.428983392653619
        ]
    },
    "rho": 0.009996002840327433,
    "theta": 0.0001
}