{
    "alpha": 100,
    "hidden_states": {
        "Pop1": [
            0.0,
            0.080988738360855,
            0.120468921066295,
            0.18246746546485215,
            0.2777487860913759,
            0.422267334608471,
            0.6504644188091815,
            1.0073692512208596,
            1.5120201672419702,
            2.334978845685867,
            3.766949972222202,
            6.960127395637051,
            5008.500997541603,
            Infinity
        ]
    },
    "model": {
        "N0": 0.0625,
        "class": "SMCModel",
        "knots": [
            0.080988738360855,
            0.18246746546485215,
            0.422267334608471,
            1.0073692512208596,
            2.334978845685867,
            6.960127395637051
        ],
        "pid": "Pop1",
        "spline_class": "Piecewise",
        "y": [
            9.137893108777716,
            9.137893108777716,
            9.137893108777716,
            9.137893108777716,
            9.137893108777716,
            9.137893108777716
        ]
    },
    "rho": 0.0001,
    "theta": 0.0001
}