{"Tau":{"0":0.0158489319},"Kappa":{"0":10},"Positive hit":{"0":37},"Model0 ll":{"0":[-71.1180570892,-79.9069171854,-62.7081220691,-74.3142170141,-94.8532189014,-68.2144167899,-77.3919943047,-79.739558375,-77.1760722944,-68.4287271315,-66.6664518224,-87.0652928842,-97.9223693276,-79.5198529066,-67.9857550923,-93.4489238006,-104.6062166752,-67.6691987235,-76.7678032452,-64.7342825376,-81.3628987352,-85.0046747171,-77.6908430624,-80.3252256733,-78.1446318389,-67.1931241372,-73.9192364075,-74.2435682648,-73.3325666641,-81.045541533,-90.668563675,-100.8377576566,-73.794247361,-83.4772228896,-86.225262417,-69.2914752459,-72.3910398031,-76.8854279339,-100.5601762917,-74.4840559215,-89.1309190239,-85.2940083813,-100.3662411722,-81.751323811,-71.997525921,-61.5342951834,-76.0212917618,-122.0832304676,-87.2245587252,-85.9582507009,-85.0585252718,-88.8992462519,-81.1960446006,-67.7609273625,-72.6329110258,-107.7075565075,-81.9829529557,-83.7049023165,-80.3229394828,-92.8936893129,-96.1372796516,-70.9975445808,-70.7481861389,-70.9395438169,-86.3131052055,-79.8144989079,-69.5832329174,-71.2555092694,-63.5790498367,-90.1399835458,-74.9891015243,-79.9002254289,-73.1742860576,-81.0141223653,-77.7328888646,-69.3833589384,-78.6875226143,-68.4453080031,-104.0912255546,-75.4896366135,-92.7732178528,-67.6103516479,-90.2707301187,-83.0465469529,-75.938766329,-68.4240775336,-97.7534654843,-75.063912879,-62.8279738177,-81.1374886381,-87.9013255286,-81.3241653005,-79.2457220683,-75.3320785876,-77.5295226564,-87.7721806111,-89.4076193846,-73.6402365784,-81.2527146119,-76.612069622]},"Model1 ll":{"0":[-70.8422330025,-79.8329812917,-62.7081372593,-73.8545592187,-85.4586443617,-68.2145014251,-76.6979087837,-70.4634630298,-73.6194036503,-68.4287283566,-66.6384357837,-85.7404460164,-87.5714910844,-78.6554556919,-67.8971865692,-88.5612032293,-88.654035175,-67.6691987239,-69.6559195799,-64.4031639716,-79.0099079198,-85.006553854,-77.6993548817,-80.3271131687,-77.5739842378,-66.9980818796,-73.9206307614,-73.7105258747,-73.3330977349,-78.6458610313,-90.6595810106,-98.575241354,-73.7774633793,-81.6675113666,-74.4924100469,-67.623629205,-64.7886466732,-76.6162914157,-100.5328555456,-71.5042354016,-85.0199700156,-85.1079133638,-98.5336773279,-80.637426074,-71.9975259213,-61.4538352662,-75.2936431864,-93.6639913911,-87.1890969303,-85.958250794,-80.3192432175,-86.6783761439,-77.9602491733,-67.6199038945,-70.981700678,-91.4728929177,-74.1581974052,-81.8358432242,-78.52308477,-92.893852618,-95.6809522877,-67.5589968115,-66.2115861534,-70.1979023481,-84.0637490462,-74.2390745354,-68.9123818477,-68.1184420701,-63.5790499174,-86.6613813373,-67.2346200971,-77.4222972568,-73.0678796322,-79.1902223356,-77.7381158801,-68.4910255853,-68.7177352319,-68.3268988106,-91.0473652889,-74.373927758,-78.2264892474,-64.7677038181,-90.270989464,-81.4806027252,-75.6929556366,-68.4213145611,-95.9129364728,-74.9111042228,-62.7226530688,-77.5122762904,-84.6890835362,-73.317519104,-79.2411276482,-74.5806111128,-77.5443601731,-86.8527557749,-84.7112796095,-73.0584356047,-80.8370619754,-74.4437098711]}}