{"Tau":{"0":0.1258925412},"Kappa":{"0":10},"Positive hit":{"0":89},"Model0 ll":{"0":[-172.0309372449,-130.7460818571,-76.8685833373,-83.5705408779,-67.1095572572,-96.8993680496,-79.8374432164,-81.4318121815,-82.9931323196,-85.4429379645,-104.8203554282,-105.4065977511,-103.2899008959,-136.0820650271,-80.0613576059,-105.554778077,-116.5180597947,-95.6950988493,-120.7857293933,-104.2745495853,-98.3130460836,-95.1551641792,-86.0442219681,-113.9599468298,-108.1912612345,-103.5147163486,-100.0001217372,-123.4997479288,-86.2089395895,-94.5442873899,-75.7777777998,-73.0861960748,-144.2848481254,-95.333157058,-103.1779584901,-86.9629356335,-115.7664669894,-84.6097999291,-72.9377034866,-117.3903571343,-106.1654591588,-89.452964325,-133.5124444266,-85.3891108852,-106.9562357208,-142.4899474595,-70.3183638931,-111.7709452985,-111.7281790474,-110.8685084555,-86.6787897923,-117.2542076689,-80.8714956682,-137.8486863582,-82.3157355848,-87.9987968997,-73.6667087278,-172.7759938952,-73.0559766509,-84.810635069,-94.8371429405,-118.5870179232,-117.9402800741,-101.4760247019,-95.9658705452,-128.9363722035,-134.7996312149,-104.6694873866,-88.586627518,-95.017788275,-74.5408972759,-120.5514936527,-90.0526096057,-95.0527248166,-98.5246929989,-70.6496588359,-97.469096897,-99.5279548766,-89.960559236,-83.9797174971,-107.5728108633,-89.2110151417,-92.2047632043,-92.2522131677,-128.1475186282,-99.9621353056,-99.6521340879,-91.6992076727,-91.3385759995,-95.8393580204,-93.6581601976,-91.3627127484,-113.220426841,-97.7328249668,-74.4449729336,-90.5563070016,-103.9431292183,-139.7291312211,-88.0901975335,-100.736233558]},"Model1 ll":{"0":[-113.7285683308,-103.3002095856,-68.8339264116,-75.9522994852,-66.665496253,-96.8765345179,-71.3385199236,-72.259409081,-64.3701316247,-85.3335749651,-77.7284301342,-80.2947612824,-79.6362923539,-104.1924142063,-79.3616245461,-97.5534749996,-80.9475709075,-72.976109837,-92.322762314,-88.5063099401,-78.8741225715,-76.143431531,-70.4346331469,-83.2328605248,-74.9810356347,-87.6348720297,-82.3791715338,-107.9477119368,-75.5340405768,-71.5677885792,-61.8242714861,-68.9315571646,-111.765236212,-82.5122848294,-82.7133386752,-76.7400315053,-97.381373682,-78.2177426702,-68.7629877705,-93.3801539917,-85.5945661683,-87.3959792223,-84.4370088364,-75.4682186888,-93.9024717292,-111.9769337503,-69.8290644973,-94.8012661134,-89.2126359251,-73.6365483128,-72.5419834985,-89.9351345956,-75.4763212558,-106.534255253,-65.5623386969,-86.0903255328,-71.6734401262,-113.6897997774,-71.8712816767,-72.9170188629,-79.2570655321,-84.5193355643,-83.1218096343,-73.9469598234,-86.3593551436,-100.4517987972,-116.2024116752,-83.580846512,-85.3938371808,-86.4852956794,-62.7142310362,-91.2862169929,-86.0078613162,-94.0428635653,-83.3900771288,-69.1540676266,-78.0318642906,-85.1115854727,-83.7304420817,-80.781868625,-99.7780689102,-73.2038952997,-87.782580101,-90.8061551634,-88.962789002,-70.0847737206,-76.0985358177,-77.3595968995,-82.6265865934,-81.0814554446,-67.6306703876,-67.4222806879,-101.8007438276,-79.803769613,-73.7805564063,-72.0825073888,-80.5776302534,-95.5032468903,-83.1608899789,-79.9814499411]}}