{"Tau":{"0":3.9810717055},"Kappa":{"0":10},"Positive hit":{"0":96},"Model0 ll":{"0":[-115.9028616222,-227.3879024297,-158.6382375344,-150.0902338145,-172.2223649223,-258.332196786,-65.8270342647,-57.1235989119,-118.1507446315,-94.4603708287,-43.8040128525,-147.6144521963,-116.0444131785,-75.9506966712,-200.4016356073,-90.5517030932,-137.2861897971,-53.126836401,-174.7756725528,-40.6415375136,-52.0816657046,-172.6307217961,-126.4024096636,-106.7849849627,-107.7861405501,-99.6002786082,-87.7149052232,-171.1599876383,-108.5285911548,-81.8894133277,-100.0232943232,-93.4142654764,-219.1206971605,-176.4102472548,-90.6726352535,-90.9532362186,-93.0722854559,-84.9840596041,-105.4404307263,-52.7083601639,-70.1552755736,-88.5245398375,-152.7314112552,-166.5538356938,-68.8308566121,-169.0723832286,-76.5991901181,-24.5322974651,-75.3816185782,-93.7622062469,-106.0585307297,-151.467928214,-158.1042396203,-187.8836013743,-176.9493889961,-61.6556855412,-112.5213015906,-125.320987154,-113.9836295685,-92.9672591314,-75.3756653721,-241.2754999578,-133.7274289363,-81.2501911079,-136.26435494,-108.9787906517,-101.9941573586,-130.6343966469,-62.1579288539,-143.619113343,-96.8904728592,-130.3978404525,-47.925779531,-103.4938742142,-102.8437587057,-119.0968784962,-60.3938580618,-107.5133917412,-147.5370282764,-79.5371295473,-220.7837234932,-139.0315801437,-82.6042078184,-116.9659281985,-53.1370833057,-174.0910459278,-169.7786893732,-68.0060442982,-58.9007628393,-114.7609721657,-100.3174891491,-96.8744974903,-188.3145189549,-130.3115486782,-139.5205490012,-130.3382657238,-74.087746696,-135.54225483,-73.3385025978,-71.2934684952]},"Model1 ll":{"0":[-83.1985441484,-150.6370745421,-102.491286705,-117.6102343775,-106.9428739956,-154.8655472814,-64.421592649,-54.4680704758,-92.4764702613,-81.7522434796,-41.4067771476,-67.2833872828,-71.2369616479,-47.7093344933,-116.8379317213,-78.5175972345,-101.8008315537,-47.5836798118,-116.763812738,-38.6806415553,-49.9700319464,-89.0609605219,-87.1101863524,-72.7252257905,-89.0369333546,-67.2263016695,-78.1146486802,-106.1195997331,-78.8835275855,-71.6034892718,-79.2876011341,-58.8523168552,-139.3195706903,-138.6170299677,-82.7883561266,-71.0020083537,-79.9830194942,-71.9685913815,-68.9776690245,-49.9594033047,-59.4568399061,-69.5730539004,-117.0042306844,-127.4692248744,-63.1608030067,-145.0095011608,-68.8469668363,-24.53027886,-61.9914615266,-52.4476395419,-74.5380859767,-122.8307638553,-119.1381883128,-149.9016756867,-105.6857060763,-54.5488552255,-79.4118274569,-81.3830615782,-83.5667577217,-64.2397525699,-57.9767118643,-156.9623016999,-83.3739070046,-71.0602161051,-84.2674152543,-79.5363761857,-80.6680493232,-109.9127145363,-57.3275157135,-128.1872012116,-65.6811057628,-80.2075228697,-46.7274288574,-65.0315862303,-78.36691246,-76.8346109276,-43.2382052674,-75.6255393895,-100.0103085018,-74.7226850848,-151.0044413911,-99.1340173833,-58.7578073481,-79.5460403249,-52.2009155503,-121.4602388426,-113.8427108897,-65.2767900394,-53.8777899814,-85.6329465135,-75.57980201,-56.1720212555,-121.4870421824,-80.5797096043,-117.6076394695,-81.6717472661,-67.5764801888,-79.0090171775,-61.8922208853,-66.5211351639]}}