{"Tau":{"0":0.0039810717},"Kappa":{"0":10},"Positive hit":{"0":32},"Model0 ll":{"0":[-100.8324210993,-75.7144607418,-80.2579804353,-80.0507689363,-69.413968168,-90.4678022635,-65.9091243168,-79.9545909458,-79.217579564,-93.0840637978,-86.3136774739,-87.4021150654,-74.7519278766,-71.9852044143,-80.4973428485,-74.7713959247,-70.1533507285,-105.6435228499,-70.0432269703,-94.7944199905,-79.7867912146,-71.9450043257,-74.6348221362,-69.1152513793,-81.787863651,-67.912052773,-72.041528158,-94.2344728315,-71.0102058944,-74.5214218427,-80.9111314149,-85.0494254333,-73.043939324,-72.8637877678,-73.5905177702,-90.3199624109,-107.9485033478,-77.3255345732,-84.4044916317,-81.7409260588,-85.5216337473,-108.6182163578,-95.6081129147,-70.8312331284,-79.9367271519,-82.625928621,-77.9896944815,-87.2125001806,-72.5536542212,-81.9295557554,-88.5825394065,-72.2469961674,-83.9351025336,-83.1144242186,-71.0620424894,-92.200208172,-67.0537764883,-76.3721518106,-132.8995307633,-91.140892992,-98.4873220314,-74.3787267357,-73.8147339902,-86.760681912,-80.4274009922,-84.9127706327,-87.3124359432,-99.3355152494,-70.2443059649,-80.9082122595,-87.0592265056,-77.3803590669,-75.1985471096,-93.8420121132,-94.3052046491,-74.6008563358,-69.2183681974,-77.0885646967,-65.1257707016,-80.2068098059,-77.4641814962,-72.6046532819,-79.8867339589,-88.7575739016,-119.660517144,-69.5430620549,-90.7354858899,-76.1373049752,-69.3541826856,-84.4811253865,-64.5413603227,-94.7543433907,-75.897757903,-67.4865559911,-70.2767069142,-93.5274455249,-80.5184137626,-92.9570266111,-83.0035441459,-80.8245579596]},"Model1 ll":{"0":[-94.0377156867,-75.7144610059,-80.2097413187,-80.050768939,-68.1292343835,-90.1154279742,-65.9144013597,-78.3190530484,-70.935871309,-90.1613846848,-82.136238392,-75.8041358034,-74.7702690423,-71.9882901129,-80.0701334884,-74.7228159295,-70.155479595,-105.0368801592,-68.7845691625,-81.4809021053,-77.6785737496,-71.9810254546,-74.6522587147,-69.1267544736,-81.4441722011,-67.5845864788,-68.6208956921,-80.3051822135,-70.8257704761,-74.5171859547,-80.0843757415,-85.0738082263,-72.7579755194,-72.863787936,-73.5905179774,-81.0178574158,-91.7263856419,-77.3255395513,-82.8142195974,-81.6479917293,-85.5216337473,-97.0287595324,-89.2635724154,-70.5104248366,-79.9407840227,-73.1357639154,-71.506001968,-87.2125002734,-66.1427760105,-77.3726915019,-85.9691587941,-71.2256248575,-79.6076658473,-80.3956141873,-70.8317973496,-92.0486177575,-67.0418848169,-72.6596034295,-120.1400986651,-89.3935762516,-98.4873222507,-74.3787272277,-70.6277570879,-86.7606821486,-78.0764614948,-84.5545206245,-85.6804158002,-99.3406487002,-69.4041466612,-75.7359313055,-86.3338330545,-77.3564913725,-75.2179888781,-76.343284065,-94.1484595551,-74.6008566031,-67.860434733,-77.0885648829,-65.1257707016,-80.2068098953,-77.4366698594,-72.6046533094,-74.7006398532,-88.7578742905,-116.6591468909,-69.5448820585,-90.7354858901,-75.8826811646,-66.2255231597,-84.2466897874,-64.4010330878,-94.7793434559,-69.9155609571,-67.3749900352,-69.9922923703,-84.4824763157,-80.5499453513,-91.3878013383,-70.4467016488,-80.8264449152]}}