{"Tau":{"0":0.6309573445},"Kappa":{"0":10},"Positive hit":{"0":100},"Model0 ll":{"0":[-236.3311889757,-173.1770073078,-161.9779679385,-251.3960757762,-169.8484335876,-236.2119466504,-338.4445903868,-138.4081533674,-167.7339226406,-227.147407048,-128.4788600645,-257.0300361025,-205.6868678145,-244.0982885886,-177.6407444698,-156.4597625601,-148.0801832604,-199.1057002743,-143.5775526051,-305.7883991418,-220.5905227296,-217.8582758292,-201.8170783287,-154.935926838,-136.9221712678,-265.7912894316,-172.2711625454,-257.0701584622,-150.1011815502,-154.4626808624,-229.3826366126,-193.7463582415,-143.3078034914,-178.5535475003,-210.51753036,-228.8213425367,-239.165600502,-154.6365957728,-211.4288959139,-224.8168250383,-278.9445719817,-130.087046116,-212.2522086037,-224.3470215253,-214.1875106587,-115.4595592969,-264.3693997844,-208.4847159307,-196.2259668086,-119.2745053069,-223.5110631308,-291.1469612626,-235.9080981087,-134.7208793281,-176.2215090492,-283.4681689963,-166.4800328162,-216.3445055379,-128.2270002138,-178.8593946562,-158.2754629864,-180.1751120029,-211.4532709106,-155.7323298168,-189.7321968287,-129.1114886423,-208.5923125066,-231.3466938654,-205.8230948754,-269.571178886,-181.7490180985,-221.0336890574,-236.9678874267,-181.6899965029,-159.6067103076,-155.1001563801,-221.6569808404,-106.6407090498,-272.1186558585,-198.7449782096,-136.6241861872,-154.2033947962,-212.3363985541,-154.4821926384,-162.2870510612,-164.4150546707,-238.5324847535,-253.1238830531,-168.6416934525,-186.9905656003,-213.0201253721,-180.7689739487,-159.4493655763,-132.9078047646,-216.4515707427,-344.8057685967,-174.0632640572,-238.1038853069,-289.0780336949,-167.0217530542]},"Model1 ll":{"0":[-157.7875915291,-84.3737522051,-98.4642708041,-133.6005717899,-77.4466510751,-113.1824138028,-234.3936091367,-72.769868342,-104.5167099391,-128.6125377824,-91.6449195139,-174.8996896517,-101.9025826938,-116.4463188977,-90.6128614406,-105.5863169655,-102.4169939011,-110.765764391,-78.3566554248,-195.10642014,-131.3876548355,-137.9469521883,-113.602971663,-90.4182009674,-79.8521470252,-134.862975861,-98.3239046844,-153.0288217701,-92.3146574022,-96.8269105639,-146.8908151031,-103.6033358896,-99.7530534006,-82.5237943895,-126.7449184362,-135.6419481254,-170.5011832849,-105.4845622842,-120.3261911919,-159.4858373235,-158.5552924511,-84.2922252931,-145.8160855027,-107.689161287,-156.4429418856,-76.1385018335,-213.6717454711,-133.531564442,-98.1799064358,-68.3364897512,-101.9981345264,-165.0146771969,-130.3024612533,-92.6308093552,-111.4169535121,-181.9690367621,-115.6403088771,-133.8252530009,-81.0921583933,-106.7780364333,-85.3168129373,-105.1852006354,-151.9126560031,-99.1455300184,-115.8550053459,-92.1853270021,-117.0220044775,-173.6386048501,-122.530410371,-166.8631013202,-97.3912919001,-178.2026990384,-146.4190533635,-104.588678159,-104.7842895601,-102.0083553241,-139.8305403379,-67.7707756881,-137.237420399,-160.0138274359,-87.0536697403,-95.9971752312,-149.1151223145,-115.4033050557,-130.8507638695,-128.8849211008,-137.5357701464,-210.1675866944,-111.875093736,-114.1682118146,-116.8081235518,-120.0814041851,-92.0059512573,-81.8447400533,-126.209135529,-216.3063666046,-95.3112008284,-125.0457149381,-179.4347361023,-107.4243738179]}}