{"Tau":{"0":1.5848931925},"Kappa":{"0":10},"Positive hit":{"0":100},"Model0 ll":{"0":[-375.2266082972,-242.7674925381,-249.3653911607,-268.5456207096,-163.2096922958,-318.1152122275,-284.3313136645,-123.906884956,-183.0036185882,-187.3408660686,-210.5209164634,-218.1705464252,-233.4950246373,-258.9407634668,-228.6037232188,-212.259747813,-239.2569170016,-175.5340739235,-172.8267943809,-209.5873202239,-229.5078297436,-189.751984628,-216.3109690818,-161.2117438525,-235.5418919003,-222.3449811956,-125.739703257,-272.47060916,-207.6276419186,-197.0524935355,-196.0280382026,-205.1534885003,-179.3142610595,-149.1432768082,-245.9472471211,-182.0300393542,-247.7913552043,-170.0847473002,-173.0890183051,-178.6928945699,-254.5190916285,-249.9037397675,-173.8293384437,-151.1951432505,-314.4017184468,-282.0989670687,-185.3664509918,-255.0871628966,-194.6098315372,-161.901182345,-187.9930550492,-141.6004939496,-187.6179253666,-389.5391355454,-157.0480962943,-217.4314586399,-291.3256220606,-189.5880833608,-155.4194886309,-190.1243334655,-150.5954942773,-177.9901070231,-277.2962226572,-142.2535818396,-147.6463065196,-183.8913389901,-155.8986404424,-192.7933775813,-277.8413173916,-248.8794577858,-148.9845746546,-279.6346271164,-247.7515346075,-227.909560994,-198.5770553456,-187.951645336,-393.3019758844,-171.488821403,-308.1057498708,-280.1305267881,-258.628875339,-342.731409618,-205.7454954567,-254.0266852143,-193.0068890552,-249.28202378,-422.1789581831,-335.9323880649,-252.9694715287,-269.7858692136,-152.5211856146,-221.6213689966,-324.3078370113,-233.8869591027,-292.5442842322,-202.6855331331,-224.8577386398,-142.1761251579,-168.0514871179,-211.5459837735]},"Model1 ll":{"0":[-249.8663751377,-121.7162023715,-160.8468372313,-138.9847050428,-144.8791906038,-209.7111851909,-187.1569123654,-76.9165094667,-91.255103494,-134.2095096137,-124.2596641227,-140.628349615,-142.5243355369,-176.266166402,-134.6134024483,-129.3288868507,-143.521144246,-101.1723057516,-106.8993094761,-129.3666974463,-130.8695705612,-94.516227882,-154.9251152548,-92.953649466,-160.4371933152,-115.4959020484,-70.28045112,-209.5104040253,-131.2262535724,-152.3009259264,-119.3976135148,-97.493130212,-132.7200753495,-102.4988188733,-119.3555435491,-128.1788288688,-170.2011344594,-130.7347648139,-108.629142963,-98.1773775148,-158.6637386037,-176.5197558824,-107.1208401914,-83.4706246441,-192.348269321,-173.2107448872,-118.7798307742,-152.6846496554,-133.3413535628,-121.2268296136,-115.9264236359,-109.0667920409,-127.9670464742,-229.9800476272,-105.2634501534,-148.5241243849,-161.7740413932,-116.7603643703,-101.0373050317,-109.0947452225,-74.423486887,-127.7619157104,-160.2839151859,-83.3165052267,-72.618657118,-105.3359133489,-93.9573267451,-101.6981379826,-125.4901174817,-142.1179122323,-100.8557857995,-185.3577086846,-146.3995497659,-163.2148092432,-117.7609500463,-114.6844055643,-261.9385825342,-131.3479737808,-238.9077558657,-169.3153502394,-172.6272200529,-258.8095247727,-118.4766419531,-128.3126656741,-117.8309231822,-166.7838003168,-290.6881025441,-210.687769286,-134.595062625,-148.9370626225,-91.3414579031,-139.6388638341,-204.815027159,-140.7026423712,-190.1463126857,-108.1039214428,-120.6138091396,-66.4577700672,-106.1416731429,-127.7302568212]}}