{"Tau":{"0":0.0501187234},"Kappa":{"0":10},"Positive hit":{"0":77},"Model0 ll":{"0":[-82.1966216492,-101.7135014224,-60.9714646585,-77.7652768835,-77.8291058878,-79.2287524699,-85.3203401711,-81.4578144315,-101.946014781,-70.1341564888,-93.4639341402,-87.7214301957,-90.9383271954,-124.9369253586,-82.5374132031,-164.0848549853,-113.8960188636,-110.8040455611,-110.1300794879,-71.8726523673,-83.3795292089,-85.7449597829,-116.7408256644,-90.1230089109,-78.9880920275,-67.3100643598,-81.9329624553,-68.6204132774,-73.428137125,-73.9098969171,-78.1178043572,-79.2136176728,-76.7366358597,-99.9495325019,-75.6761066875,-81.8259057243,-76.9374416675,-84.1557625565,-83.823030036,-112.5940168085,-83.5108866881,-83.8671570059,-71.0132574878,-75.6584621459,-157.8113985825,-73.1637378415,-90.2223799647,-63.2172151431,-103.7854073268,-79.8271146783,-90.3665772903,-92.2548892231,-125.3393961206,-109.7385712073,-72.9705730593,-73.372852554,-64.8921393973,-97.7062465257,-94.799524541,-90.3156234745,-86.0687531811,-64.5595276622,-97.3998437657,-85.76320872,-70.0210954141,-102.0439476821,-85.948142267,-72.564479425,-99.0078718899,-83.876342648,-84.2584210161,-71.3154521872,-71.7672226487,-62.6012830344,-75.9829219519,-104.876259909,-90.9970198128,-103.8988498717,-108.5391342547,-97.2573718655,-96.425179019,-79.3438059813,-73.2621071344,-89.3024798107,-82.0381386605,-83.278988374,-72.5028947692,-93.8930049688,-82.7220335899,-79.6774911708,-83.0733443804,-69.2711772102,-119.0641940064,-127.3059771702,-71.6347316299,-81.9628872525,-80.8237039762,-101.6559967364,-87.4516251645,-121.3431177386]},"Model1 ll":{"0":[-76.329371721,-94.4794844329,-60.9714687218,-70.4011046062,-74.0093390827,-79.1277715001,-78.319853575,-77.1945725208,-87.4350286135,-70.0745504703,-93.2578034931,-86.1604780157,-86.7153533495,-103.0540755938,-76.0994675361,-109.2506857835,-107.525140504,-85.5266296303,-108.2983448773,-70.9260009161,-77.9507518415,-82.077162755,-109.6335664858,-86.7373562455,-76.6776131319,-67.3061204004,-77.2961553671,-63.5600863041,-71.7283852378,-73.9201857029,-77.539472263,-77.0852652187,-74.1530702847,-90.9859046847,-73.0240373817,-70.5153536627,-70.9624778542,-72.1107684387,-79.7300550645,-83.2594843405,-69.1792321637,-75.1449807305,-69.8926435559,-72.6033438323,-111.5690256553,-66.0562887392,-79.0419871543,-63.0657333221,-81.4513090255,-74.4932295346,-88.0230575626,-84.1314437714,-98.9132707586,-99.3048551449,-70.6492838237,-66.7222640319,-64.8782751689,-84.5882992447,-78.7216597518,-84.2079612171,-74.2626197092,-62.8140835127,-91.1092057849,-76.2323453303,-66.0960410642,-82.8846294111,-76.0239705978,-71.1838135186,-86.9371199862,-73.4924108996,-84.2255315261,-70.7204761347,-68.445987054,-61.2433346041,-74.1479306126,-80.7419002311,-81.960402733,-95.7220672611,-84.4979938056,-93.2944893258,-77.3808046659,-76.681408345,-65.4406448808,-76.1551469704,-79.8870916831,-74.7362425342,-66.4576163656,-81.4871672031,-79.4288025448,-66.9872846512,-71.2152762117,-69.0528116681,-114.6061582255,-109.7348346244,-70.3280336219,-81.9628881517,-74.7124135413,-80.2672506933,-85.2370713992,-85.8614509397]}}