{"Tau":{"0":0.1995262315},"Kappa":{"0":10},"Positive hit":{"0":98},"Model0 ll":{"0":[-134.8060513986,-119.6109368219,-192.6180620213,-107.0892904272,-126.1511627951,-94.4666474067,-94.4091589314,-79.698597552,-121.275685119,-118.3342560604,-152.0648518632,-183.5719631963,-123.2780473166,-118.1286254873,-114.8872399668,-95.7842733362,-150.0921904082,-153.2815492947,-112.1619043257,-94.4923810951,-180.3288700789,-222.1323468634,-128.9492010637,-87.2605873211,-94.1086920926,-110.6540286643,-136.687654844,-265.6286470897,-112.1587549322,-161.1029203922,-117.8586776319,-118.1026524925,-108.3204597649,-176.6249952602,-123.0410910502,-126.7219714557,-156.4723157505,-111.2039269856,-125.3364529189,-73.7208617167,-89.910149179,-103.717897963,-96.9491132194,-116.9733286533,-91.5353037429,-104.6107658112,-110.9255504727,-83.6285382908,-100.1805524376,-120.1236801077,-130.4073889637,-134.8607889212,-142.6053911618,-110.2595929327,-123.291382155,-110.0257276613,-121.7847071568,-95.0206939425,-79.9742992816,-112.1430776166,-156.2198023661,-126.3153358069,-89.9491456452,-148.379513814,-96.8941521668,-78.5245213853,-116.1647849803,-201.0684372129,-81.6081863636,-94.7807322792,-186.0226033666,-109.8161771341,-102.3546280713,-144.5905490668,-79.1158324971,-114.0756856345,-110.2736968722,-145.6249990201,-80.2915940427,-83.1100832974,-97.3390586207,-109.1444736113,-78.2050220074,-98.732244064,-126.63356708,-91.2039833054,-236.8512643972,-141.0004464214,-94.6378955932,-118.9847043687,-118.5904431698,-193.0888156664,-116.6172873915,-109.216270231,-149.1950797493,-245.4382762041,-124.163323095,-125.7931189843,-124.3047780731,-130.2749929525]},"Model1 ll":{"0":[-105.1594318989,-73.8946703818,-140.8482989547,-74.2410909916,-75.4266976334,-87.967277845,-72.7158696642,-75.99091371,-85.124869131,-106.6560934394,-99.9361927445,-134.0310889556,-112.3474592454,-85.3230721646,-74.2370768807,-75.7964540575,-98.683430153,-106.336415749,-82.9225863313,-68.7519181328,-127.6322620438,-150.2838369377,-105.9067379823,-78.4793338098,-70.0124238213,-84.4580866857,-92.1698067431,-201.7045006325,-82.0223471875,-93.943990353,-95.1512794664,-97.7248196861,-72.5172855797,-111.6733746826,-104.622021293,-95.5888973906,-99.2495863278,-98.8844491688,-88.1942434205,-72.5199990166,-78.7768619854,-96.4530706553,-89.2619944067,-94.9193367733,-70.7031272771,-87.0188591633,-78.5023056376,-74.3811262562,-80.471970862,-79.4511058662,-99.9389491325,-88.0165028107,-102.0365988061,-91.9594954052,-75.0768010874,-101.729439233,-75.9852918028,-66.8193832329,-75.8590232795,-102.1662451186,-99.9430955206,-99.816411411,-67.3271958718,-112.5518788945,-81.2852769321,-74.3770471686,-79.3676957957,-123.8245547474,-67.3074440011,-80.1911807711,-108.2976387084,-87.2140997774,-95.3285643181,-97.0253373495,-77.1879379668,-80.218188927,-72.428141013,-94.3983579352,-68.2357838207,-67.5503974651,-78.425231246,-100.3456482333,-77.6697753485,-70.9997845265,-77.3386815169,-70.4366975712,-130.2154571008,-93.5340871272,-73.5082370349,-85.6630037837,-93.7800121476,-128.3723642675,-78.9485846594,-92.6447107748,-91.6771234268,-157.2095231124,-113.1702168534,-98.728589195,-88.1649970751,-98.1466417371]}}