{"Tau":{"0":0.1584893192},"Kappa":{"0":10},"Positive hit":{"0":97},"Model0 ll":{"0":[-168.7974182414,-127.1813050985,-121.6856257036,-113.0489138758,-82.7367127941,-135.6991561388,-97.4693862042,-96.0863688261,-96.6620728088,-74.5327138618,-110.5415079451,-154.2920776723,-85.7520068562,-122.6460356009,-152.5587204194,-86.8822635972,-131.4066470499,-91.7171316978,-99.3757054161,-105.8030996853,-122.5147847199,-166.4604757365,-88.6763890173,-105.7904872186,-94.18836323,-114.8033777073,-92.0250685494,-99.7356160481,-112.505363509,-121.8278944508,-104.2640986255,-74.3823597088,-107.6417040124,-87.4408531849,-111.7328263568,-118.5146462455,-110.0544904999,-152.4770956781,-95.913795766,-112.7799350639,-103.7618733077,-127.0560835399,-113.4258978798,-110.4988462189,-163.3034917539,-135.2112187902,-84.2510152729,-92.1009003025,-93.4532331641,-80.0350596773,-119.6383769967,-268.4395881396,-101.4410775715,-73.5780085559,-141.3733533445,-121.4302699355,-135.5264357721,-106.9336804893,-132.0144951671,-102.4254062115,-109.5160949474,-70.0547800987,-75.9878212481,-107.039627143,-185.4921287368,-81.4139867668,-95.6566455094,-86.0080538821,-83.0785978743,-93.5924038708,-90.8670840242,-108.5039264304,-116.7806729189,-116.7626478266,-99.7309557128,-76.8666566554,-85.2965101382,-91.4036270031,-121.3885724555,-146.9944050501,-94.5915882772,-101.9554681144,-129.4835220321,-130.4464148963,-93.4739167958,-103.2958916521,-100.5937259522,-132.3812128997,-151.6752666438,-115.4828885025,-138.9111929257,-135.0854999155,-109.151765815,-88.9953166472,-119.5257958376,-146.5548037182,-165.5631342689,-136.3144683978,-109.2909158589,-98.4541369386]},"Model1 ll":{"0":[-83.2912784499,-66.5447620094,-85.3420281601,-72.4100063792,-80.6424597504,-96.4486302455,-77.6661087899,-94.8280349861,-77.3426437521,-62.9760566645,-89.6091736256,-106.0799637509,-81.094621951,-92.0252450181,-96.6818517491,-75.8141759074,-85.2905092817,-82.011359684,-87.6411806961,-75.1108426437,-74.421718286,-114.6676548889,-77.2147205255,-79.2526408578,-65.6323129233,-84.0196139275,-86.1820215969,-87.1770675646,-87.4852505669,-70.9953790478,-84.4440147545,-72.62654604,-100.8472112993,-69.9832646867,-100.9500789639,-76.5075836613,-64.9298621724,-95.5696403568,-85.8867620955,-91.2505060319,-70.634161004,-91.2830931362,-92.5045261185,-86.3222106351,-134.9464489276,-111.628858563,-78.0906319646,-85.2398553936,-77.1287177773,-76.3410106809,-109.1390439672,-153.9208348809,-82.1764030636,-68.03311208,-85.2044639515,-80.2766099586,-101.9270016459,-97.5637729278,-86.342951266,-93.2647746796,-83.2339601944,-67.1925702864,-67.9249305866,-77.690623583,-115.5245056341,-80.0710374549,-81.4368802411,-74.3551895581,-76.1498527022,-75.1902858561,-75.1628794232,-83.0122627358,-93.4697433274,-94.5783898944,-79.9008398828,-69.5370914415,-75.8452303555,-66.1800213401,-95.9933800958,-89.0546021545,-85.3343950743,-68.4334410026,-98.080571711,-101.0518367675,-78.5589879493,-73.5932296045,-78.5345680651,-87.7879323032,-109.3372383178,-92.3266797679,-86.6834124241,-109.4886961386,-90.801449567,-75.8076060251,-96.2439914145,-123.9589707407,-119.0363470557,-98.6327114388,-89.8955719397,-81.1483501584]}}