{"Tau":{"0":0.0125892541},"Kappa":{"0":10},"Positive hit":{"0":39},"Model0 ll":{"0":[-81.4597532922,-78.7746884245,-68.0435605108,-101.3246222698,-68.7735653684,-80.0165989469,-68.7838855631,-76.1186308738,-67.0116735721,-110.4402610066,-77.2467898479,-72.7726847171,-74.3016170743,-104.2185259916,-83.4006505621,-82.5475764228,-76.4532627005,-83.413779689,-72.945392471,-68.359497846,-73.6576231554,-68.9627176893,-87.7271137104,-75.8793459933,-78.4817944097,-122.4353052634,-80.3623541203,-78.5006751993,-83.648168202,-73.4923116347,-74.1628710253,-92.2529917683,-69.6208127311,-74.6212912655,-68.5595891709,-73.3460205005,-61.8940174954,-68.5198395623,-81.8192859057,-76.1665194681,-74.7494582125,-82.4612441375,-88.1813307274,-86.158469995,-82.4683718838,-71.9557303928,-85.6433301868,-70.0558245288,-81.2055615046,-72.3185287378,-79.1814124096,-75.6534636184,-92.3235585901,-75.0777311401,-64.2575565814,-60.7416579934,-91.4671014554,-85.9019101843,-76.7498496459,-82.9602262352,-80.7867368552,-83.3594374289,-78.27520524,-69.8866450978,-78.8791367639,-83.8227620274,-81.597521171,-75.9935377857,-77.4269452568,-74.1504601653,-74.6577905513,-85.5767070469,-72.5945691933,-64.0767059038,-68.1359785415,-89.8738263912,-75.4228939179,-86.7707400076,-68.3237637383,-75.9960358789,-96.1453446248,-87.37944384,-78.9331202055,-81.000262846,-74.1206238289,-71.728736571,-60.6576915233,-73.6592221611,-78.2318680303,-62.835394264,-71.312468606,-92.6729347297,-66.0241387681,-75.7529341411,-106.7969621697,-86.66624961,-70.1021452176,-95.4890650436,-64.2824846623,-93.1599655532]},"Model1 ll":{"0":[-81.4530302529,-77.1889883454,-68.0494543739,-96.6935911776,-68.4273731389,-78.8561884691,-68.786108066,-69.7825065441,-66.6536370831,-97.8786928428,-75.8508716762,-68.7863665599,-70.0297718411,-100.6778133685,-77.3805739334,-79.2590420499,-76.4532627005,-80.2923633374,-72.3198966065,-68.3594980161,-73.0913380877,-68.9746453332,-72.7894352327,-75.8031588312,-76.6540918992,-109.6254564228,-73.9567340575,-74.8438757389,-73.8692331291,-73.5134278971,-74.1661405346,-92.203900987,-69.6255427313,-74.6336287056,-68.5596702283,-71.1017114972,-61.9016326199,-68.5217004797,-76.9016995225,-69.3986410185,-72.1029771737,-78.5428438208,-77.6395728631,-80.964234265,-82.4683718838,-71.20701029,-85.3789887106,-68.6110046032,-80.4075081259,-71.1011498632,-73.9646965242,-73.7210724049,-92.0275756305,-73.772251214,-63.0635889295,-60.6913074777,-87.9136641526,-81.580821989,-76.5202681578,-78.6771494113,-80.7867368559,-71.5266561887,-76.5124008898,-68.8242287828,-78.8757530704,-74.1739034326,-77.5632329403,-74.8996765918,-72.5180315079,-74.1622088343,-72.8154296234,-70.5349808608,-71.9765887227,-64.0767059073,-66.322532277,-87.2621948833,-72.5743333367,-86.7717544383,-66.1179704229,-76.0162781595,-96.1773379697,-84.5568051433,-78.2852021228,-80.1023961088,-72.5654617086,-67.1593624044,-60.6599506469,-73.2949857361,-76.0271498791,-62.843921599,-71.3147388601,-92.7104236927,-65.9888051341,-75.6035235239,-91.8218366396,-86.1748234607,-68.2524422701,-95.4890652249,-63.7395554759,-83.6210156346]}}