{"Tau":{"0":7.9432823472},"Kappa":{"0":10},"Positive hit":{"0":52},"Model0 ll":{"0":[-115.2879693657,-59.3936310027,-65.4261784902,-56.3951508889,-47.1372106319,-39.0198828915,-43.5841926092,-34.8119285948,-45.7629123659,-54.6168545482,-70.3981792538,-59.1212940966,-32.9382979933,-29.9944867254,-66.4267443141,-56.5174121754,-67.3268190845,-55.5858210316,-31.5918085429,-25.6123351638,-39.9361586553,-92.8286037672,-45.6088113786,-60.6205897207,-28.8617006882,-95.6411772395,-36.1241613655,-98.001852424,-79.1307992074,-47.7094364461,-79.700278327,-34.0847751498,-58.4066513943,-50.5786583613,-41.225182485,-54.8275559101,-34.2202241749,-58.7242892838,-35.7622402167,-64.840567443,-26.6347791931,-43.4069845634,-45.2918758645,-85.5674814153,-48.4005087476,-36.2872319838,-33.2331868892,-57.4711104961,-37.7669935842,-53.8684488762,-33.5036232051,-39.3381289047,-79.5725838469,-41.9594753132,-33.7288807833,-32.7026557631,-43.298150376,-65.7388215933,-31.186178684,-42.470142122,-54.6095264952,-45.0439043888,-85.258742216,-48.8681937862,-42.4919813089,-99.6392156117,-86.8114613118,-33.5262755049,-33.6878456297,-46.7138904159,-31.5423271538,-30.1627426003,-47.6443424145,-71.6886226705,-41.4323549662,-76.5778546907,-121.0474535121,-33.0687654092,-89.9957066203,-64.1159689462,-86.4556255131,-51.5419105991,-54.4902552033,-34.758425672,-54.4317473031,-50.5369339365,-33.7172674009,-38.815909157,-43.4477668101,-48.9405309364,-44.1068827669,-52.9121126631,-57.5761063589,-55.842188935,-35.5670091476,-53.211323215,-64.3370495552,-47.2909146011,-32.7402096905,-39.0626177698]},"Model1 ll":{"0":[-95.2556416036,-54.5945060518,-59.8471575851,-54.7321423295,-46.8480817737,-37.3389779736,-43.329482449,-33.3669494434,-45.6862245891,-48.4527293472,-59.6359625044,-47.1655243999,-32.7318109334,-29.9825273989,-65.8486429228,-49.4461670693,-65.7044380016,-49.1989772351,-31.464439595,-25.5188498167,-38.6697136262,-81.4245930092,-44.5204725425,-57.8632179831,-28.8617006882,-54.1477968141,-35.291639979,-85.4064128326,-72.124614727,-44.110704497,-73.4412167787,-34.0888448592,-52.1421461716,-36.5230949706,-39.4108760353,-44.8540360502,-34.2096273489,-55.518962154,-35.4313758948,-55.8257139838,-25.9854163747,-34.6516405063,-43.6851013378,-63.847710638,-47.1303122504,-35.2893561159,-32.9528413792,-54.2435442592,-37.1664352219,-48.7796739089,-33.3825063198,-39.1958002918,-73.670135798,-41.9598300349,-33.7345486584,-32.7043626823,-41.2695913087,-57.6641447992,-29.9753079643,-37.5700641015,-48.1522680926,-45.0373575284,-64.1734438606,-47.1474706551,-40.4095646053,-84.0278570241,-69.0526036011,-33.2778531935,-33.6775814129,-44.4302191532,-29.827888011,-29.6661299334,-42.3544420819,-70.467285495,-37.6919339604,-74.4719891048,-106.9465431108,-31.7978224377,-82.3668856514,-52.2073312176,-75.9663709113,-41.3015108955,-48.0236871454,-34.7584413169,-48.5831626325,-48.6899018841,-33.5961080862,-38.6238868939,-42.4117878719,-44.6544487664,-37.2767796098,-45.8071178697,-50.6451314655,-44.5389723282,-33.9180606381,-49.0081864158,-55.8569143117,-47.2467875905,-29.9190602014,-38.2665579886]}}