{"Tau":{"0":0.316227766},"Kappa":{"0":10},"Positive hit":{"0":100},"Model0 ll":{"0":[-238.6980532717,-105.7418652809,-134.4884216469,-162.32285951,-139.6292287743,-94.3747613142,-118.1143847749,-111.3215236875,-131.333338685,-98.6833867101,-180.0650150835,-168.8037772918,-139.6485255338,-113.1649270349,-131.3835212788,-130.0479243145,-111.6172218364,-166.3805856536,-187.3080398031,-149.9127178739,-120.3996177337,-88.5655130325,-120.8377086493,-80.223167017,-101.0276147472,-123.9625036644,-106.8033919126,-133.3792403868,-200.1548846319,-138.0474611262,-132.4111999898,-120.799273855,-147.542665113,-146.5125943537,-144.5998637988,-89.4371272482,-95.4704606872,-113.337657469,-218.0053432439,-129.1529346104,-86.0271446144,-185.4155754341,-96.1264123821,-126.0147228302,-114.6470860072,-165.8759916587,-177.0074069154,-167.2244957785,-197.7265790087,-118.0599443831,-132.420956987,-154.4132806664,-135.088751205,-112.8069688192,-254.2449941242,-130.874518044,-195.3007064867,-159.3219615374,-117.5961958747,-142.091696253,-160.0556858565,-151.9577330689,-104.0290871976,-138.4105866876,-166.3302543548,-112.0118442521,-148.9656933231,-148.9621892833,-165.3403925668,-153.8703905265,-192.320091468,-225.121058885,-116.2546981761,-124.9584536543,-130.3649720605,-212.4162037282,-171.8561484176,-115.7401932769,-122.6941174806,-143.2097318473,-162.6797113441,-187.5196904515,-127.8738491421,-120.2597467186,-144.7291065108,-153.6336211508,-106.5457931411,-132.3099035825,-165.7762836231,-222.8331665444,-128.7581069937,-102.8681012234,-203.0139340937,-87.5699425827,-201.9163152036,-106.7770358106,-114.8210192105,-262.260417413,-155.7066067724,-145.1753095159]},"Model1 ll":{"0":[-221.3910307599,-84.2335515457,-96.6119036872,-109.6634957738,-113.0915336278,-66.708294628,-74.2610694452,-71.4023884826,-102.4867079607,-72.0757750199,-75.1950993379,-100.1644040389,-85.7811504268,-93.4966737523,-95.3697088375,-80.937284221,-80.7538240237,-106.7891761196,-105.7629733483,-90.1487733361,-97.0488479213,-68.8786593952,-86.418044127,-67.5215544835,-85.286961641,-121.9204178781,-82.9257186704,-93.2373632371,-98.3806414939,-80.5029972568,-109.150178003,-72.7558476617,-103.2339909488,-100.3602568881,-105.15305956,-84.5600948791,-65.4139338029,-83.7630886252,-110.1782844001,-89.0699052164,-72.474613121,-103.3597560637,-76.4607218282,-94.3761980239,-103.5249503722,-103.1788426794,-118.4685590973,-119.7578700132,-122.6681413877,-86.3200788271,-103.5146545559,-98.3168805594,-82.2351310179,-89.2894090447,-176.9565877638,-83.6375891285,-135.3377101822,-121.4434723384,-81.6088194147,-79.1714046299,-104.6941437217,-104.4519591392,-96.0910978291,-84.0464268241,-115.0675663787,-85.450630908,-111.9293666463,-96.1894378491,-91.9499922312,-88.2890822069,-126.1961532214,-129.2820386591,-75.0358542194,-81.7829640284,-85.1800511792,-125.2933310587,-98.0636657716,-91.1614499728,-86.9845992932,-107.7867387067,-99.6847253463,-137.7507098706,-88.5328658003,-90.8960487139,-76.9812845372,-87.5951724294,-71.0939122126,-88.8552632848,-122.4975827145,-173.5083914199,-101.8652593993,-76.2699001301,-129.6410989837,-69.7440561738,-131.7341855436,-79.7823695532,-79.8640422928,-175.0895453147,-94.6385499977,-89.4963264926]}}