{"Tau":{"0":0.3981071706},"Kappa":{"0":10},"Positive hit":{"0":100},"Model0 ll":{"0":[-140.5179532269,-150.8594746116,-119.2549701923,-150.4371898081,-143.6523766508,-194.6508457111,-144.5005090023,-110.5205794833,-316.2314417933,-166.3301338889,-134.3415111539,-183.7673630489,-181.5967069911,-117.7782855298,-120.5055168637,-124.5099476133,-193.922814713,-197.559039551,-150.3979034523,-202.6423227788,-151.9004035082,-97.1460748261,-135.6459307298,-267.9769181549,-188.3946125526,-223.6281099444,-135.9797791909,-195.8476470486,-196.2017399903,-144.3123374202,-157.3645441332,-145.1894276692,-81.6851977268,-197.8497787316,-136.1334636269,-236.4416259815,-157.3967816217,-161.8994514795,-150.3390873844,-228.6399865575,-225.3101389046,-102.9072612328,-187.1634331221,-99.5463468864,-137.7827990822,-212.6678225364,-152.2443837691,-129.7367215388,-99.7916060433,-178.1851541901,-162.1938519791,-277.2707342248,-187.5471186962,-285.8384833764,-116.8126279089,-193.2741908761,-271.8776553877,-229.2208113454,-163.6857759571,-165.2222848239,-177.2615870189,-129.5336491826,-127.8501748479,-154.7561812794,-145.6163391142,-135.4931809862,-131.3452462656,-204.002500367,-115.4456918977,-165.9551694212,-176.1588224167,-237.1043931805,-230.9762782946,-163.7603853651,-155.929831476,-184.1287907877,-107.2983469906,-140.6157764496,-107.6997617053,-204.2470638249,-115.8858262763,-146.5268435954,-142.3930906955,-193.712281881,-147.6227227019,-195.2241720389,-185.6584325449,-191.4817791621,-210.3735003564,-251.7667675926,-130.9798914937,-119.9833259155,-187.0012288214,-122.5068682235,-146.8552865552,-130.6028831705,-130.7095973505,-163.0381620265,-181.7860526456,-183.6483765889]},"Model1 ll":{"0":[-83.5428046343,-101.8124928243,-89.6351052303,-114.3319814593,-78.8532242834,-137.1053457577,-93.0316008583,-87.11089811,-174.9914254349,-128.0713769016,-94.4722762001,-118.7321500979,-136.2538491432,-72.8348738962,-86.4149085987,-97.3283412788,-160.9610902361,-107.9175249311,-109.6527132166,-112.5293933318,-72.7178943782,-79.6780420018,-96.4479451498,-149.5543030783,-124.1285406672,-146.048731481,-74.45567533,-131.8214303689,-109.2344298426,-111.3820540317,-91.0317407901,-113.3160349864,-68.110935547,-106.8568884661,-101.2514745556,-153.2728913029,-117.6774449547,-120.419791141,-117.051736047,-115.1762914555,-168.1294941693,-78.8404291203,-109.7015247471,-87.4684463003,-121.7721756835,-118.8601544459,-77.4820270438,-90.7302866062,-81.9515537016,-108.7668782327,-104.1931542666,-137.1784756813,-125.9382276167,-207.6812012806,-95.1114519114,-115.2937349285,-149.0398859201,-168.1442513827,-111.9298523862,-133.2396683685,-142.1330620552,-109.9968444334,-76.7500309559,-81.2408149499,-100.4574602559,-102.6931452112,-97.263156032,-114.0100763355,-67.9501929514,-105.2630053972,-104.9673158585,-114.509177514,-172.3587649809,-101.3830488584,-105.6023213637,-109.8564359946,-76.6259627452,-115.14807464,-77.8117327383,-124.3675240535,-90.2280016458,-101.3975711067,-87.1553105696,-120.4245456258,-113.1318174209,-111.250211874,-124.7930114812,-133.9730739032,-126.361527551,-164.3767609084,-92.4668749297,-84.3095043318,-137.5011586659,-102.3513180205,-91.6584170937,-86.1237166015,-73.1844815508,-106.372282456,-95.1783982167,-142.6596098159]}}