{"Tau":{"0":0.0316227766},"Kappa":{"0":10},"Positive hit":{"0":47},"Model0 ll":{"0":[-80.978237321,-68.6078161091,-68.7670434025,-71.4980061339,-90.3302495524,-93.7166253001,-80.4631518319,-81.9237926561,-73.8070157005,-69.4487969357,-76.4722618688,-79.9527062253,-75.5890226785,-79.4701584624,-81.8797057512,-84.6347510466,-78.3315618407,-72.7291480634,-102.4657837978,-89.8819298733,-76.6131140304,-78.262842861,-65.6410767699,-99.5520540102,-87.715402729,-87.847616219,-74.9715688651,-84.7307134537,-73.5364568033,-79.9694583737,-74.7623970591,-95.6573565563,-70.0891385248,-89.074777597,-94.0613054168,-91.3243393772,-72.1810180617,-71.9091411093,-64.3764113187,-76.9073633337,-73.2505229558,-89.9221411165,-90.7829713219,-138.1518717036,-92.6157964452,-69.5010338735,-79.5280643414,-84.8293060602,-82.9323124146,-74.0324160534,-76.0892161438,-99.6330466343,-97.3225685659,-100.8869216073,-67.1302993986,-74.3434165224,-118.0403042913,-70.6097685212,-87.8746354249,-76.9235673222,-67.9776241583,-90.8506107447,-76.5042905024,-73.7042334789,-89.5442839112,-85.1428850306,-60.6100549033,-74.295611079,-116.0871897805,-76.8430294565,-89.4956487965,-92.5826976203,-96.9064909198,-75.4574930851,-103.4784841151,-77.2842299134,-91.0577307885,-94.696825272,-103.0578553556,-66.7889611154,-68.2043905827,-76.8119462782,-66.6313140311,-81.4868527052,-81.1283575939,-86.6858730972,-99.1722763428,-81.0446328976,-72.7545292866,-78.3999043193,-71.5465115435,-78.1325168515,-82.0632375794,-68.0585994536,-84.2660159746,-67.4234758136,-77.6856478916,-112.3748063387,-101.5633575021,-70.9335026229]},"Model1 ll":{"0":[-75.8501363951,-67.5179919696,-66.9191073279,-70.4695875237,-84.1503056274,-91.1045190645,-79.3129359795,-81.9251002244,-73.5513552351,-68.1905868274,-76.1314681485,-75.9175131403,-74.8323789986,-77.2084475288,-77.4086553232,-81.504158439,-78.0114630231,-69.9958040829,-86.1384183993,-84.4246530303,-76.6072136572,-78.2220679452,-65.6487061814,-87.9261946656,-87.7297574422,-87.8474754354,-73.147322165,-78.5022638759,-73.2937426711,-75.3434111243,-71.0638190399,-92.5857821404,-69.6016975756,-84.854645592,-84.2706054322,-72.6032386054,-70.7532838409,-71.9091413614,-64.3764114106,-76.347388185,-69.9947126822,-80.5550915201,-85.2599564693,-106.9405995905,-86.3910374431,-67.9291513666,-77.8309371651,-84.8257519409,-81.6706285002,-72.3281418495,-70.3064898731,-90.3490566297,-81.1884564282,-69.4408252009,-61.5829991093,-73.4546482858,-108.0880166471,-70.1300392349,-80.5447080185,-73.7562170828,-67.9773931525,-89.4995804833,-72.3289725247,-71.7328366096,-89.4401812108,-84.7066179567,-60.6253726092,-74.1963959964,-92.149502213,-76.8712864825,-89.4961612686,-78.8824340947,-74.2400314488,-73.3639183256,-84.9328884111,-75.0078307106,-81.1717258373,-94.6968705393,-101.664330819,-65.3478912941,-68.218891,-76.8239517904,-66.6338845037,-80.8115141051,-81.1152173006,-83.8437577222,-83.0149673351,-80.3927793318,-71.3648438383,-78.1051380616,-69.6562014218,-64.2391315638,-71.6165377847,-68.0585994585,-81.8239836051,-67.4247290554,-77.4547560252,-112.3792293454,-92.7554144496,-67.4956191877]}}