{"Tau":{"0":3.1622776602},"Kappa":{"0":10},"Positive hit":{"0":97},"Model0 ll":{"0":[-51.3765386886,-193.6299427371,-231.5993784909,-200.6190975227,-203.1200899887,-138.5653263054,-304.3796249587,-247.6986545139,-118.3327775944,-152.0745987025,-146.9147793044,-170.9941656481,-156.7566035988,-62.3031458883,-177.1905073959,-107.3798947239,-121.1901701087,-244.6884575369,-159.0978946065,-33.9036882347,-103.5528125847,-112.3232345984,-115.8926327087,-117.2993316916,-246.562861897,-180.6277049468,-79.5688074766,-114.980761096,-96.7408446602,-240.4018954349,-155.9743684312,-194.9961508316,-18.1849924369,-138.8969227957,-178.7476133462,-98.5416141955,-178.1155002954,-237.4059817072,-245.7951328188,-57.1921074043,-115.1649370862,-61.8590888467,-200.0570865264,-138.83535423,-98.8627025489,-179.2195263454,-113.5138013803,-199.6568504144,-76.8375392992,-270.6149513887,-111.2095582914,-158.2191027611,-194.3189266579,-135.4863458624,-201.5329898161,-56.0935411346,-199.9607460203,-180.5245135249,-125.9700855049,-161.0900306808,-265.2349295828,-147.9257262864,-102.9011042254,-209.6065893003,-188.9925760891,-170.3383454402,-181.4786438092,-98.190633282,-82.7343410829,-121.3148090434,-206.2193110301,-102.3592697285,-189.8388978025,-212.2438030858,-107.3050507312,-95.6151021953,-184.7592016502,-71.302480202,-187.6152980274,-118.8193253727,-282.9882501097,-188.8097746761,-103.4430766493,-116.9021279248,-141.565490019,-186.6180487678,-78.5175579979,-117.4518122172,-152.5934026474,-84.2406853896,-176.5220308743,-162.6534012501,-172.7435196256,-169.1949313106,-86.926426759,-124.6980947817,-124.6917537996,-88.0199041124,-176.2116840947,-188.9761856825]},"Model1 ll":{"0":[-47.0138868383,-98.9153502688,-168.3621029427,-132.7240761552,-135.5030136365,-89.2442756563,-206.8659180372,-170.0621058046,-101.1895373579,-100.135993413,-131.7272218186,-126.2243471469,-104.479415709,-45.3933399042,-91.3864377989,-68.296776423,-75.2151430142,-116.5111489199,-115.3157972436,-33.8181411844,-75.2364335778,-95.6416833702,-85.1553874775,-91.9512936738,-141.4613398246,-134.2997155596,-61.391469169,-89.9088800202,-69.1533216667,-152.7647294945,-111.8458845146,-126.3752713743,-18.1849924369,-87.9054884185,-88.9379502722,-74.4072826286,-107.6081097987,-176.7223574591,-147.2231399045,-46.6729406031,-94.2727791451,-46.0665785526,-132.1940610245,-103.504429325,-78.7899686715,-126.410411074,-76.599411279,-120.0201233088,-50.935951409,-192.8137716871,-80.1616486653,-104.8548307714,-110.3841073062,-92.0219134457,-163.1826915095,-54.6831386934,-136.4734187198,-132.9919171637,-92.3799232866,-120.3335874678,-176.3940344902,-106.9590026418,-79.3883948879,-144.0649704434,-113.3620177996,-107.0855619817,-127.9621652395,-63.3079174027,-63.8949774701,-73.7812108764,-145.1971564286,-83.9324348969,-132.5905214278,-114.8506291551,-66.9907893922,-85.9215693472,-115.7993281043,-61.3066104518,-128.8287622402,-98.1154759654,-134.7634950294,-110.7089315416,-70.3620999558,-83.2363597824,-84.7915540709,-92.0853367881,-65.3923084206,-96.9809630269,-90.5376238972,-58.4982337026,-131.3912032664,-119.1471582773,-114.7187409617,-104.8872789018,-56.714053254,-82.1131910347,-108.2846185602,-65.8364812272,-105.7463602817,-144.9456812999]}}