{"Tau":{"0":0.001},"Kappa":{"0":10},"Positive hit":{"0":22},"Model0 ll":{"0":[-82.0861803601,-107.1825829224,-81.7660231912,-92.6263321525,-77.2595788939,-72.5730182608,-70.4460848609,-77.1860822799,-87.7969198401,-73.4640768645,-72.0113713312,-79.4109712058,-65.7386323438,-67.5243395902,-70.0800007054,-81.4830371177,-75.5049290348,-74.4652255866,-80.8831019363,-66.8622753559,-79.6555856346,-70.8630511795,-76.0844478758,-72.1871321615,-71.8611972165,-80.4223416812,-82.4312786338,-84.8648088728,-69.7831952631,-70.0851727635,-77.760026575,-76.7209153224,-60.0911655117,-71.5459499999,-64.9853808594,-77.794107491,-75.0796270719,-65.3321539824,-69.0217223256,-64.078460684,-69.6151110634,-58.9494488272,-101.8754389386,-72.3903452239,-77.6049867225,-80.6917016764,-79.1872209613,-92.1998707233,-70.2694284881,-104.7076281856,-74.5439904008,-83.2331403917,-104.69146752,-75.0050599981,-64.7910561513,-78.6279453873,-84.327808661,-76.1971608268,-71.6769004471,-84.0462979355,-90.6129272974,-87.4137458621,-64.7208503364,-85.1254990402,-73.2227198064,-69.4600285015,-87.040280662,-90.3120787345,-68.7060658689,-75.4321320273,-62.2350989322,-94.7129021179,-68.8657234662,-74.5718581227,-80.9582954893,-69.0410822148,-73.1597302875,-74.3036551802,-78.307811998,-74.4037742306,-71.6421345966,-64.2050773744,-88.7462008572,-72.9832699583,-71.4581195938,-76.4741435599,-106.4833866721,-81.686457463,-74.2487953153,-75.3122470297,-90.6915643452,-78.4629343922,-81.5829279289,-65.3264047831,-77.675424381,-75.8806975197,-94.7636403749,-90.8644878615,-78.1411636519,-88.858648016]},"Model1 ll":{"0":[-82.0861861256,-107.1825829947,-80.4214143015,-87.6990369019,-77.2642595647,-72.5730814761,-69.4237395105,-77.1866497609,-78.6255733909,-72.9127143412,-70.8965766191,-79.4111043972,-65.7386325894,-67.5312881969,-70.0800983057,-72.5192203463,-74.5345903524,-74.4652257975,-80.8831021386,-66.8715889406,-64.1662779802,-70.8633970129,-75.9646448427,-71.2658912102,-66.0963671672,-80.42234203,-82.4312789962,-76.8787338311,-69.4512625717,-70.0564963461,-77.7718019163,-70.0950541435,-59.4743443104,-71.5321448476,-64.9853810165,-76.9198066145,-75.1046949061,-65.3356307303,-69.0466790554,-63.9359361579,-69.6334423434,-58.9718034979,-101.8754392525,-69.3263934507,-76.53583571,-74.6323829686,-71.6582618408,-91.8270980769,-67.6552943381,-97.7301252607,-74.1230395479,-83.1451872672,-96.6118129462,-74.9889696716,-63.976449347,-74.2116683988,-84.1719952278,-74.2838870489,-71.6769004536,-82.3225444094,-87.940988347,-84.8066694547,-64.7287384141,-85.1254990407,-73.225801365,-68.8729788233,-87.0402806623,-90.3125584763,-67.3694124626,-73.5464347856,-62.2453897891,-85.436724122,-68.8657236035,-74.5699306626,-80.9582956613,-69.0410857827,-73.1597302979,-74.3055822773,-77.7283184055,-74.4037758614,-69.1968806001,-64.2111203477,-83.0354128688,-72.9893365321,-70.7184871861,-73.856035624,-106.5012982968,-81.6864578881,-74.2265438485,-75.3122470678,-90.6915643722,-78.298180112,-81.5829285787,-64.8602442335,-71.2534789323,-75.8005504532,-94.7623810284,-90.8644878724,-73.9023213436,-88.8586564933]}}