{"Tau":{"0":0.0015848932},"Kappa":{"0":10},"Positive hit":{"0":32},"Model0 ll":{"0":[-70.6232603323,-83.8920442028,-75.9923033636,-100.9221616317,-68.0242415692,-75.1210367308,-87.4070784137,-77.5252059068,-69.7688992076,-67.8844131446,-68.6331765629,-81.1106291883,-68.1323531096,-71.6280682846,-81.210549792,-67.8767162784,-71.3678894826,-83.1266579239,-90.0721558558,-77.4381581778,-68.7703437889,-86.6865470921,-86.6159744641,-69.104086005,-72.3150184568,-80.6874296046,-63.8693025411,-71.4316045463,-126.5555489168,-73.3053989504,-81.7557628312,-86.3039095649,-108.5741715241,-81.8273280511,-75.5394777804,-69.1669184462,-81.691781508,-93.5881517536,-68.934742059,-80.6172078858,-79.8097257529,-76.2284337765,-91.3861779765,-75.4259358603,-76.6569293052,-78.2253323068,-79.7062562095,-94.4673110279,-74.6247164294,-88.2122186133,-65.4276014648,-93.2808585141,-69.6061953284,-91.1614283811,-66.9476260976,-84.9896556807,-71.3904944724,-79.9210434106,-80.3559264028,-84.6497455541,-89.6293456075,-73.1674630756,-85.7426062931,-90.0415237161,-80.5739669456,-71.4286548256,-74.5841681487,-76.3131018205,-85.5428639673,-86.4825184129,-72.2015835663,-71.7660932101,-94.5929808612,-70.1436119557,-63.9094727298,-83.2354490919,-78.378174532,-76.9226715189,-74.1165699572,-78.1560414875,-84.812294563,-59.6137568619,-74.1077293102,-74.7428167475,-95.8998799895,-69.6781386382,-88.5597602755,-77.011418074,-79.0651409264,-73.0850102133,-85.4020216277,-89.846906947,-66.1553086913,-65.6389858482,-71.289309334,-64.2595690265,-72.5510209674,-118.1495038483,-71.0582859957,-110.6052172977]},"Model1 ll":{"0":[-70.6232604834,-82.5939302081,-75.1805639472,-96.5320938452,-68.0372188609,-75.1210369106,-87.0607987103,-77.5495840986,-68.9315143068,-67.8844288099,-68.6331767932,-80.7174764407,-65.301602139,-70.7031621558,-81.2071185421,-65.5519995624,-71.3410602413,-80.8677252904,-77.1682606502,-74.0795784311,-68.148801957,-85.2932038586,-82.8396469209,-68.8754755415,-72.3150186717,-79.1700624924,-63.5290669239,-71.431604679,-119.1899509581,-73.3094090419,-78.6437862781,-82.9613088871,-99.3320426101,-81.8273284513,-75.5178152951,-69.1818922854,-80.9080310723,-93.4826246587,-66.0005423234,-79.5179813528,-79.37668576,-67.2019908045,-91.3861782616,-75.258903666,-71.459952041,-78.2321470798,-79.7150632709,-89.0688152108,-74.6296859482,-75.8516755013,-63.2130492734,-92.1229187967,-69.6150024143,-77.292637952,-64.7227399959,-84.9969003725,-71.3868095745,-79.9119999812,-78.3012638642,-81.9785316309,-82.9882717367,-68.5603212334,-80.3730281823,-87.9861926993,-80.5739672869,-71.2359002157,-73.7869272992,-75.8473603592,-83.7193965491,-82.6989781371,-72.2015842352,-71.7668792212,-91.0517774298,-70.0317896886,-60.9736568294,-75.4714299214,-78.3781748271,-76.9231004804,-73.7294314252,-78.2053514466,-79.7569009517,-59.6154242251,-72.3144531283,-74.7428254156,-95.8194017368,-69.6307671499,-85.1021565475,-77.0286625922,-78.7050678608,-73.085241282,-84.9948104691,-89.8473431618,-66.083587936,-65.6389896042,-70.7053658698,-64.2770191973,-72.5603214382,-118.1495629167,-71.0665159788,-97.334822801]}}