{"Tau":{"0":0.0050118723},"Kappa":{"0":10},"Positive hit":{"0":28},"Model0 ll":{"0":[-75.713462018,-83.999297979,-78.9773464196,-71.6157503501,-91.2694647308,-79.0411998784,-76.3273151727,-69.6922390689,-73.0992215859,-82.8287439962,-76.7258400545,-94.7379874881,-82.2712151493,-92.9964912902,-92.267052814,-67.5180414983,-72.644470436,-73.1576210466,-75.0037222076,-70.319633072,-82.345682604,-78.6448825159,-74.1845613506,-81.6543953515,-80.7948118564,-67.5864282088,-81.1919796473,-74.6771724768,-117.8783812119,-80.7636423796,-78.5042532813,-76.5394146951,-75.9607851296,-82.8191841188,-84.5094654874,-97.8346808206,-83.7298280781,-71.3816959115,-70.2285329111,-70.0459417857,-72.130268515,-74.9673891317,-82.8307285426,-87.1917124219,-70.7126453822,-77.1784036907,-68.3670189036,-95.75254219,-65.5039123566,-73.3091353382,-71.5540116083,-68.4550913608,-65.956605756,-76.9131464735,-66.8290306918,-84.0955698462,-63.7998435167,-77.1170003766,-79.46968319,-65.8621551213,-100.2817347102,-91.9983062694,-66.333024805,-85.7488315057,-78.7303961817,-103.1995329783,-88.470323835,-66.1034106109,-78.5527886291,-77.1929482877,-74.4932001471,-85.875771913,-77.7112974982,-71.4541321734,-72.2083930523,-73.692474279,-80.3003196994,-90.5957913459,-70.0707445847,-76.0585925456,-73.0644418118,-90.9691196995,-72.6064115289,-74.0254311358,-78.6171509458,-103.1529513602,-79.5996567813,-83.4525732984,-70.9223917908,-73.9710919474,-81.3980209904,-73.8872697256,-72.9557522742,-74.9677464506,-66.9430957583,-98.6062715807,-92.2624325537,-70.8921655434,-77.9548383721,-75.2976078906]},"Model1 ll":{"0":[-75.6397295685,-83.9992982662,-74.2282738364,-70.1802487258,-88.0659292227,-79.0402307997,-76.3518487319,-69.5991453643,-72.1895159598,-82.0507023259,-76.7258400546,-94.6989567941,-82.271292698,-91.1283959402,-90.1596120222,-66.5432955326,-72.644470436,-73.1656914246,-74.7371857989,-70.3523341083,-76.9585282305,-77.2733193702,-74.2131507749,-81.6543967302,-80.0887001592,-64.2684905379,-73.6526781084,-74.6771725981,-94.7827219517,-80.7908895745,-78.5050713386,-76.4945071193,-75.960183357,-82.8634643195,-84.5116879309,-94.6705271033,-80.0574342819,-71.3816959979,-68.9001487224,-70.0466007095,-70.9221811716,-74.9873602626,-79.8134115707,-86.9749265852,-69.5525704645,-77.178403698,-68.3717626339,-91.4921260618,-65.503912375,-70.2046382066,-68.8487185421,-68.4484272925,-65.7865587645,-75.8023251667,-66.8290308202,-84.0428181539,-63.7998435167,-77.1278277333,-79.4696832297,-65.7429748788,-100.2838165239,-86.9562360333,-66.3548278093,-83.1082514245,-73.1658188468,-103.1995329784,-87.1197288768,-62.6919623936,-76.2213237444,-77.1929482886,-74.5068340026,-85.5039430855,-75.8646663545,-67.4989261533,-72.2083930558,-73.6924742792,-76.9535977379,-87.1605750727,-70.0546067154,-76.0633600746,-72.8604256452,-83.0154677759,-72.4365507559,-73.3656387208,-74.6158712982,-97.8073966387,-78.8735483748,-79.7429555442,-70.9486306581,-73.5105307504,-81.4006685657,-68.8101361709,-72.6426727911,-72.4066189631,-64.3127239276,-98.6070405662,-91.201848178,-70.9053655482,-77.9548553624,-75.2037994249]}}