{"Tau":{"0":0.0398107171},"Kappa":{"0":10},"Positive hit":{"0":62},"Model0 ll":{"0":[-79.0671381014,-87.1058116131,-112.0150932516,-105.0912850608,-71.0539248128,-75.542390117,-75.6167145364,-89.8766190367,-83.5628046261,-88.8091835997,-80.4298486623,-88.4222318417,-67.2231102264,-77.782316393,-90.5387196114,-84.7165304252,-77.2285843606,-97.6242830358,-83.0135050504,-99.228265065,-111.0259566108,-88.0974933176,-103.3227051012,-71.8678237126,-85.6664226986,-85.3069806733,-77.1373885199,-85.8469257874,-133.8706364927,-102.7950467972,-104.4404131939,-108.0272431141,-77.4895716337,-123.011977346,-80.9978484001,-92.0512465004,-82.0922872008,-82.9381936502,-76.3999842717,-67.8708144945,-84.5701494857,-106.9718506457,-72.7117421327,-72.994900672,-73.4429893382,-77.6188808167,-91.8782708337,-77.2287785318,-92.3835626369,-92.1433707875,-70.1615690539,-82.0220798543,-72.0256767254,-115.0902847582,-77.7271731407,-82.3548579327,-72.5034445074,-71.7513697102,-90.5186562245,-90.544528188,-69.043183515,-111.4548989437,-67.4125247293,-70.1851463903,-85.00714269,-100.6143054958,-84.7065056945,-90.7610046539,-94.1744591025,-78.5275174137,-89.3043891372,-154.7769807433,-74.1942328357,-77.8494471638,-144.0645538024,-90.3088477917,-85.9532687165,-69.3000415334,-128.6092489035,-83.5619050029,-105.2405723123,-81.9386177656,-83.5825837896,-80.02334493,-77.5621622432,-74.1623028075,-87.4747113532,-76.0016931349,-128.8116705207,-83.8960390378,-124.4323619467,-90.6819304483,-83.0478532873,-84.0283186985,-91.469395196,-70.0382433253,-74.9600195293,-70.7019728486,-69.7718768009,-80.0045622891]},"Model1 ll":{"0":[-78.7940913178,-86.1353617081,-83.370405337,-80.8087480913,-68.6101236929,-74.2778762798,-75.6266952398,-79.8230021689,-82.1105111823,-84.2522874922,-80.0778297921,-87.9278236719,-64.5893957196,-69.0088488188,-83.3347850309,-81.2885350956,-68.4589772308,-75.7201573686,-77.2323058867,-97.0223675988,-91.5843995137,-82.7635141283,-88.4480697152,-71.1951905453,-84.2392636096,-81.8480498501,-77.1415940808,-82.5771530521,-79.8723840603,-89.093347262,-103.2222338163,-93.8701094948,-73.9468213745,-107.3115252207,-74.7497381272,-92.0661687067,-82.0552096268,-81.7354435851,-76.3999842718,-67.3028717388,-84.569474625,-86.9273357441,-72.6607288556,-72.2848152943,-73.3914540809,-73.1010467988,-87.1056518286,-74.9870352948,-91.6104854597,-82.3306687412,-62.8227913298,-82.0303017437,-72.0317063779,-78.7885539649,-69.804558525,-69.0784021257,-72.5034445074,-71.7054778652,-79.8575563938,-90.5447088177,-67.8887965442,-95.9291076962,-66.6412746961,-70.1851464389,-79.7625385087,-85.8629621278,-82.3908706423,-74.7403742669,-80.2938912367,-75.3585026991,-85.1834504242,-127.0806106547,-73.5103673948,-76.3562432621,-89.3498087412,-74.8933791032,-84.6462494332,-69.3002349894,-88.5962396624,-80.3195210817,-83.4492255134,-75.7913951169,-77.1079085782,-73.784358666,-77.0234313715,-67.8640562845,-79.6097460314,-75.9019697694,-113.7563708013,-81.8048682867,-94.2625918546,-86.5142677981,-76.9416209801,-73.1789944087,-86.8005532046,-67.746344545,-74.5704025991,-69.1039712954,-69.7386554506,-77.9077854719]}}