{"Tau":{"0":5.0118723363},"Kappa":{"0":10},"Positive hit":{"0":84},"Model0 ll":{"0":[-131.0069460755,-82.1617809556,-80.7691894408,-182.6878044476,-121.4163230356,-148.9340628368,-73.4774965807,-144.6056538755,-74.3493832761,-55.292773949,-87.9427297385,-37.729156326,-96.0397603133,-55.7836247623,-232.2616120572,-163.4410080354,-45.4594759069,-74.7243008242,-95.7753331059,-107.1305719828,-93.8669614932,-62.427751134,-76.5613564048,-101.479501011,-140.4138713504,-115.6279624953,-90.2717354525,-80.3207728374,-100.0973370272,-61.8407311393,-40.7631036368,-93.2357169885,-58.9061841407,-60.9093605865,-127.0296792302,-47.5897180274,-174.6600128795,-41.6116834872,-234.0467289545,-109.2368142424,-218.4570887448,-65.0073791223,-96.8813906485,-90.4150045096,-148.5049699909,-74.4706705504,-111.0455264827,-170.6124537753,-38.9060010341,-73.6978865599,-56.8712042789,-119.0006214188,-105.0178438732,-30.2752196105,-53.9474731327,-36.3372752369,-47.646230099,-53.5139838678,-57.0784442562,-187.581148214,-109.1580833365,-78.3733539489,-108.1781703839,-102.7142253587,-51.2542060423,-61.3701595803,-96.6751793152,-53.6880826612,-52.8722992605,-77.0044893827,-152.4664217555,-79.889663779,-59.1863683068,-84.1045916631,-54.9927863648,-144.3038351267,-51.9215120479,-87.6428430908,-25.0019314922,-55.9175150821,-89.7585679867,-93.427403793,-92.6353568497,-52.8087855245,-38.2818357005,-143.3420319425,-61.7524066846,-94.2103824197,-40.7574411973,-125.8730785516,-69.906552308,-79.9941418466,-44.8270589772,-84.4802775331,-156.133698797,-116.093614031,-66.8479996925,-47.6424390229,-59.8922833467,-76.2849031408]},"Model1 ll":{"0":[-79.1487927504,-75.7002431524,-59.1497148455,-124.5564095859,-102.7517508694,-102.8184769699,-60.9848512423,-112.1046324081,-62.9485243216,-52.3600593323,-66.0934449065,-37.7291563285,-63.8851952648,-53.1995423205,-172.4425862473,-135.372918189,-45.0769124798,-66.7053091535,-78.189148343,-97.8485375561,-66.6218278258,-61.3679087554,-71.164658837,-72.2294905036,-105.0107714228,-75.7780685674,-79.2274230519,-71.0441727271,-70.9713494937,-60.2290136692,-36.0668579579,-82.8314923695,-52.973581949,-53.1912442831,-112.3202746896,-44.5043788356,-104.5290507992,-38.9906918763,-187.225755405,-85.1547534636,-127.5915539658,-56.1707810679,-81.4701968628,-62.5025859336,-97.4713654348,-57.9523290898,-66.6618911021,-153.3733530795,-38.6975842518,-68.4554462274,-48.7306516806,-94.2117687287,-98.0715726036,-29.4482341215,-50.3203836996,-34.6032946563,-47.64508303,-46.6269345865,-52.7627472923,-149.6958149253,-96.4318822447,-57.9369665164,-92.3928062338,-72.8094645563,-49.6767744551,-53.0861599797,-69.2224292436,-45.0407072436,-50.1916712812,-55.1613392802,-95.7109056132,-68.3440003542,-52.489779904,-69.2850243441,-53.5788881332,-107.1475844363,-49.0433622065,-77.7992392495,-24.9057931407,-55.0962523897,-67.7063324296,-74.5341626389,-62.9748277092,-51.6112711888,-36.9229602835,-108.4407984337,-57.4348720241,-78.9369505486,-40.7580860287,-94.9004834236,-58.5691455564,-68.6723093989,-44.2382666344,-65.7457642291,-107.2784972757,-97.0592482441,-58.658271676,-44.1202815901,-56.6094580803,-70.0506262116]}}