{"Tau":{"0":0.0079432823},"Kappa":{"0":10},"Positive hit":{"0":29},"Model0 ll":{"0":[-69.4335102127,-75.5608080823,-81.6961011939,-70.2715936895,-87.9713602982,-76.2237292395,-65.4407543509,-62.6617198565,-65.734342943,-81.4651450531,-74.8698221123,-73.0487729187,-73.8595203271,-90.4067045872,-64.0316331293,-69.4772637782,-74.191993776,-71.9450327064,-65.7715709181,-87.4326993168,-90.1333270235,-74.56426512,-62.8419644684,-67.0290200264,-86.6958045645,-74.4202664058,-88.3377075995,-86.4515766001,-67.1136611333,-77.343357695,-73.7221942126,-72.8340631989,-63.9302995419,-77.2888879501,-89.1016489244,-79.1247381555,-72.2942674817,-74.442025337,-108.1053133189,-100.9187896746,-78.350307915,-75.1523890889,-82.1431754098,-79.6319230448,-96.4996253289,-70.1881175984,-99.8791668,-67.6392639339,-63.0584320574,-90.104537347,-85.90986413,-83.2900750401,-65.8411923387,-72.6559838754,-86.0392714241,-91.6661811592,-83.0095827505,-71.4631782773,-86.908737746,-64.0209786051,-84.3888156342,-92.8751309732,-69.742522283,-85.6288990216,-75.3447801443,-77.081756211,-65.7394330444,-121.6583236078,-81.2606370632,-88.9602369852,-73.6986982308,-81.1026826673,-86.2454443578,-74.2672804544,-94.3781952952,-72.7486245379,-97.0909528556,-69.8002150676,-78.4224743986,-68.5707776027,-72.8428050163,-62.9808211737,-65.809814227,-71.6350907967,-73.3462797219,-85.3203645707,-89.6888433627,-77.6169884948,-70.7932917349,-84.9883188835,-89.1537075174,-72.6736105279,-78.718642452,-77.4280041949,-66.703338231,-83.419278742,-68.824646801,-70.9384455045,-99.4282564265,-80.2230301312]},"Model1 ll":{"0":[-67.2485113032,-75.341796796,-78.7016703986,-70.0006426599,-87.8691072842,-76.236326392,-65.4408597131,-62.216486424,-65.7019384927,-76.9748411972,-74.8698221144,-67.2801667069,-73.8826903237,-87.4964429632,-63.4152968617,-66.2315428074,-74.1305789715,-71.9485812909,-65.7715817099,-82.8142685414,-74.8935642735,-73.3761672366,-62.8521256959,-67.0290686515,-81.3838314774,-68.9993524121,-85.9233657728,-84.2659306403,-67.1084182671,-75.5858353663,-73.732037402,-72.3636670521,-60.0970874295,-76.2985174572,-86.0870394241,-78.7404844439,-72.2861450447,-74.4567554553,-94.2836366183,-99.4845443439,-77.8135558684,-73.4667518746,-82.1634836376,-79.6440300102,-95.5956461823,-68.1929787095,-99.1049649192,-66.5017626196,-62.330937552,-89.8394179903,-81.7824516056,-81.0578410997,-65.8432369063,-72.655983892,-86.0392724564,-90.5448892054,-83.0096339888,-71.3142723491,-84.0897424019,-64.020978771,-82.9213672204,-92.8751313747,-69.4400660174,-85.6288991387,-75.3685326025,-73.8457574373,-64.4595421055,-115.5380088948,-80.020395391,-88.9602369852,-73.7042307693,-80.9716503938,-85.9837210623,-74.2692979099,-91.5156985524,-72.264591813,-91.8870092427,-69.8002152136,-78.3805535423,-68.4467390292,-72.8250635048,-62.9722892193,-65.5920427833,-69.5306811852,-68.8615608466,-85.3203647561,-83.1418949817,-77.6226014872,-70.8011618807,-68.9350312905,-89.1589868565,-67.8195045844,-78.7112183753,-75.8830208087,-66.7165904526,-83.419391477,-67.666128742,-70.8828824743,-76.1340388788,-80.2230301312]}}