{
    "alpha": 100,
    "hidden_states": {
        "Pop1": [
            0.0,
            0.07512098478404976,
            0.14084027308766878,
            0.2788244588416529,
            0.5430894917259125,
            1.0752572689400473,
            2.0681106855146805,
            4.419160933496619,
            5007.8875464490575,
            Infinity
        ]
    },
    "model": {
        "N0": 0.0625,
        "class": "SMCModel",
        "knots": [
            0.07512098478404976,
            0.2788244588416529,
            1.0752572689400473,
            4.419160933496619
        ],
        "pid": "Pop1",
        "spline_class": "Piecewise",
        "y": [
            6.441814888973886,
            6.441814888973886,
            6.441814888973886,
            6.441814888973886
        ]
    },
    "rho": 0.0001,
    "theta": 0.0001
}