{
    "alpha": 100,
    "hidden_states": {
        "Pop1": [
            0.0,
            0.07665415618411477,
            0.14656883071159582,
            0.279940965439284,
            0.5392822605547853,
            1.043122542730452,
            2.069357678836658,
            4.376931159441604,
            5007.847297388952,
            Infinity
        ]
    },
    "model": {
        "N0": 0.0625,
        "class": "SMCModel",
        "knots": [
            0.07665415618411477,
            0.279940965439284,
            1.043122542730452,
            4.376931159441604
        ],
        "pid": "Pop1",
        "spline_class": "Piecewise",
        "y": [
            4.892894645298743,
            4.448362998838323,
            3.6715620498212287,
            5.4374731172479445
        ]
    },
    "rho": 0.009996002840327433,
    "theta": 0.0001
}