{
    "alpha": 100,
    "hidden_states": {
        "Pop1": [
            0.0,
            0.08285454995992118,
            0.20267588585678606,
            0.5026007998099365,
            1.264661131386364,
            3.3879138411372254,
            5008.337433671135,
            Infinity
        ]
    },
    "model": {
        "N0": 0.0625,
        "class": "SMCModel",
        "knots": [
            0.08285454995992118,
            0.5026007998099365,
            3.3879138411372254
        ],
        "pid": "Pop1",
        "spline_class": "Piecewise",
        "y": [
            9.144650615780815,
            9.144650615780815,
            9.144650615780815
        ]
    },
    "rho": 0.0001,
    "theta": 0.0001
}