{
    "alpha": 100,
    "hidden_states": {
        "Pop1": [
            0.0,
            0.07674537514358604,
            0.10696177308463024,
            0.14751124968096857,
            0.2049385130518628,
            0.2785811234314619,
            0.3772232483573592,
            0.5051775511322371,
            0.6769143914791962,
            0.9353224339497366,
            1.2662594405020207,
            1.7300142629567827,
            2.40491016379707,
            3.4314926735144406,
            5.0622877649478015,
            9.191367619128005,
            5008.410926737131,
            Infinity
        ]
    },
    "model": {
        "N0": 0.0625,
        "class": "SMCModel",
        "knots": [
            0.07674537514358604,
            0.14751124968096857,
            0.2785811234314619,
            0.5051775511322371,
            0.9353224339497366,
            1.7300142629567827,
            3.4314926735144406,
            9.191367619128005
        ],
        "pid": "Pop1",
        "spline_class": "Piecewise",
        "y": [
            9.150599788198065,
            9.150599788198065,
            9.150599788198065,
            9.150599788198065,
            9.150599788198065,
            9.150599788198065,
            9.150599788198065,
            9.150599788198065
        ]
    },
    "rho": 0.0001,
    "theta": 0.0001
}