{
    "alpha": 100,
    "hidden_states": {
        "Pop1": [
            0.0,
            0.000538246143449614,
            0.0008952626731409332,
            0.0014698534973347733,
            0.0023987420414885467,
            0.004051280588164468,
            0.006703046780121658,
            0.0112823017122214,
            0.019239975909886714,
            0.03520854268636248,
            40.03592781627492,
            Infinity
        ]
    },
    "model": {
        "N0": 6.250000000000001,
        "class": "SMCModel",
        "knots": [
            0.000538246143449614,
            0.0014698534973347733,
            0.004051280588164468,
            0.0112823017122214,
            0.03520854268636248
        ],
        "pid": "Pop1",
        "spline_class": "Piecewise",
        "y": [
            -1.2567306638846003,
            -1.3523130392487277,
            -1.8836156995154592,
            -3.11175327530516,
            0.5268618254279971
        ]
    },
    "rho": 0.009996002840327433,
    "theta": 0.0001
}