{
    "alpha": 100,
    "hidden_states": {
        "Pop1": [
            0.0,
            0.07693536223324839,
            0.1298907303417754,
            0.22868128828239676,
            0.37401006080232185,
            0.6110767562078178,
            1.0163986045220785,
            1.6984381913495052,
            2.991881767972971,
            5.839207636538657,
            5008.36876103942,
            Infinity
        ]
    },
    "model": {
        "N0": 0.0625,
        "class": "SMCModel",
        "knots": [
            0.07693536223324839,
            0.22868128828239676,
            0.6110767562078178,
            1.6984381913495052,
            5.839207636538657
        ],
        "pid": "Pop1",
        "spline_class": "Piecewise",
        "y": [
            9.210333109342935,
            9.21033396249066,
            9.21033396249066,
            9.21033396249066,
            9.21033396249066
        ]
    },
    "rho": 0.009996002840327433,
    "theta": 0.0001
}