{
    "alpha": 100,
    "hidden_states": {
        "Pop1": [
            0.0,
            0.08080907694024123,
            0.15667024791929884,
            0.2940668625613194,
            0.5693175484606015,
            1.0991618398904106,
            2.169570201502949,
            4.717957362486061,
            5008.451914791289,
            Infinity
        ]
    },
    "model": {
        "N0": 0.0625,
        "class": "SMCModel",
        "knots": [
            0.08080907694024123,
            0.2940668625613194,
            1.0991618398904106,
            4.717957362486061
        ],
        "pid": "Pop1",
        "spline_class": "Piecewise",
        "y": [
            9.210333347422328,
            9.210333989600942,
            9.210333989600942,
            9.210333989600942
        ]
    },
    "rho": 0.009996002840327433,
    "theta": 0.0001
}