{
    "alpha": 100,
    "hidden_states": {
        "Pop1": [
            0.0,
            0.07333109903729192,
            0.14289324208896942,
            0.2831316707390219,
            0.5407641886620974,
            1.037959685746027,
            2.0307091303248326,
            4.36965415607797,
            5007.669744384056,
            Infinity
        ]
    },
    "model": {
        "N0": 0.0625,
        "class": "SMCModel",
        "knots": [
            0.07333109903729192,
            0.2831316707390219,
            1.037959685746027,
            4.36965415607797
        ],
        "pid": "Pop1",
        "spline_class": "Piecewise",
        "y": [
            5.338812604668627,
            4.4595242387662015,
            3.851971876245292,
            5.452288732328475
        ]
    },
    "rho": 0.009996002840327433,
    "theta": 0.0001
}