{
    "alpha": 100,
    "hidden_states": {
        "Pop1": [
            0.0,
            0.07587703884792854,
            0.10696032406015946,
            0.150189134998835,
            0.2174023331673769,
            0.30917080448273937,
            0.4431355516336514,
            0.6398847879033646,
            0.918213438559506,
            1.307417272752502,
            1.8728073560809193,
            2.737809019513144,
            4.151696708583068,
            7.19260436096976,
            5007.948293692938,
            Infinity
        ]
    },
    "model": {
        "N0": 0.0625,
        "class": "SMCModel",
        "knots": [
            0.07587703884792854,
            0.150189134998835,
            0.30917080448273937,
            0.6398847879033646,
            1.307417272752502,
            2.737809019513144,
            7.19260436096976
        ],
        "pid": "Pop1",
        "spline_class": "Piecewise",
        "y": [
            2.2301851692136236,
            2.2301851692136236,
            2.2301851692136236,
            2.8735669523554717,
            3.5637454302711036,
            4.316599721599992,
            5.885524304466078
        ]
    },
    "rho": 0.009996002840327433,
    "theta": 0.0001
}