{
    "alpha": 100,
    "hidden_states": {
        "Pop1": [
            0.0,
            0.076254646355924,
            0.10773013212743367,
            0.15084379811621906,
            0.21849089671887395,
            0.30969492843768964,
            0.4454928406697452,
            0.6417573432210438,
            0.9220127125417193,
            1.311335903083789,
            1.8784964807707825,
            2.7452030716396854,
            4.164959017257275,
            7.234301866561928,
            5007.965844362571,
            Infinity
        ]
    },
    "model": {
        "N0": 0.0625,
        "class": "SMCModel",
        "knots": [
            0.076254646355924,
            0.15084379811621906,
            0.30969492843768964,
            0.6417573432210438,
            1.311335903083789,
            2.7452030716396854,
            7.234301866561928
        ],
        "pid": "Pop1",
        "spline_class": "Piecewise",
        "y": [
            4.241159957900768,
            4.36782488576741,
            4.888429656710501,
            5.4274409679175575,
            5.714468284553552,
            4.782940274209061,
            5.6027498726765534
        ]
    },
    "rho": 0.009996002840327433,
    "theta": 0.0001
}