{
    "alpha": 100,
    "hidden_states": {
        "Pop1": [
            0.0,
            0.07498050050877215,
            0.12256722835301447,
            0.20777799850373388,
            0.34247953052809177,
            0.5809599030937572,
            0.9925685600036273,
            1.6398472907997503,
            2.835107220731285,
            5.389877943742572,
            5007.871279610698,
            Infinity
        ]
    },
    "model": {
        "N0": 0.0625,
        "class": "SMCModel",
        "knots": [
            0.07498050050877215,
            0.20777799850373388,
            0.5809599030937572,
            1.6398472907997503,
            5.389877943742572
        ],
        "pid": "Pop1",
        "spline_class": "Piecewise",
        "y": [
            4.242629429912138,
            4.730557675770987,
            5.563455524971806,
            6.167658719849812,
            5.627236302371264
        ]
    },
    "rho": 0.009996002840327433,
    "theta": 0.0001
}