{
    "alpha": 100,
    "hidden_states": {
        "Pop1": [
            0.0,
            0.07493438830612034,
            0.10605873927336121,
            0.14858406427000703,
            0.21586021156246923,
            0.30744969487838514,
            0.4383302369182785,
            0.6324405232414237,
            0.9096956478616289,
            1.2937221512612131,
            1.8520796802611255,
            2.709932835008174,
            4.106764445898396,
            7.058064815153346,
            5007.8457995218805,
            Infinity
        ]
    },
    "model": {
        "N0": 0.0625,
        "class": "SMCModel",
        "knots": [
            0.07493438830612034,
            0.14858406427000703,
            0.30744969487838514,
            0.6324405232414237,
            1.2937221512612131,
            2.709932835008174,
            7.058064815153346
        ],
        "pid": "Pop1",
        "spline_class": "Piecewise",
        "y": [
            6.367878742786245,
            6.367878742786245,
            6.367878742786245,
            6.367878742786245,
            6.367878742786245,
            6.367878742786245,
            6.367878742786245
        ]
    },
    "rho": 0.0001,
    "theta": 0.0001
}