{
    "alpha": 100,
    "hidden_states": {
        "Pop1": [
            0.0,
            0.07109255628003525,
            0.1381923408978802,
            0.27911421703718187,
            0.5393765149391969,
            1.064364827803769,
            2.06165168970189,
            4.393071527962788,
            5007.902712413007,
            Infinity
        ]
    },
    "model": {
        "N0": 0.0625,
        "class": "SMCModel",
        "knots": [
            0.07109255628003525,
            0.27911421703718187,
            1.064364827803769,
            4.393071527962788
        ],
        "pid": "Pop1",
        "spline_class": "Piecewise",
        "y": [
            5.033405498627588,
            4.615827806257982,
            5.409590572926311,
            4.428216472834411
        ]
    },
    "rho": 0.009996002840327433,
    "theta": 0.0001
}