{
    "alpha": 100,
    "hidden_states": {
        "Pop1": [
            0.0,
            0.07498574053180077,
            0.10610437972676266,
            0.14869822479476272,
            0.21600687525020254,
            0.30767393894007583,
            0.43984226066786314,
            0.6349852768517041,
            0.9118052750325849,
            1.297286534553536,
            1.8582956412823313,
            2.7183352578734015,
            4.116865108775091,
            7.086603498165559,
            5007.862131364612,
            Infinity
        ]
    },
    "model": {
        "N0": 0.0625,
        "class": "SMCModel",
        "knots": [
            0.07498574053180077,
            0.14869822479476272,
            0.30767393894007583,
            0.6349852768517041,
            1.297286534553536,
            2.7183352578734015,
            7.086603498165559
        ],
        "pid": "Pop1",
        "spline_class": "Piecewise",
        "y": [
            6.207906540684869,
            5.24585638002584,
            5.289376668220435,
            5.402410608649755,
            5.434253306197987,
            5.481738306612053,
            4.520764105643526
        ]
    },
    "rho": 0.009996002840327433,
    "theta": 0.0001
}