{
    "alpha": 100,
    "hidden_states": {
        "Pop1": [
            0.0,
            0.0706981156002731,
            0.13652844300989994,
            0.2769919032986886,
            0.5371882581812073,
            1.0574262824193634,
            2.0503892969746045,
            4.358934707314685,
            5007.871787960305,
            Infinity
        ]
    },
    "model": {
        "N0": 0.0625,
        "class": "SMCModel",
        "knots": [
            0.0706981156002731,
            0.2769919032986886,
            1.0574262824193634,
            4.358934707314685
        ],
        "pid": "Pop1",
        "spline_class": "Piecewise",
        "y": [
            6.431390879029144,
            6.431390879029144,
            6.431390879029144,
            6.431390879029144
        ]
    },
    "rho": 0.0001,
    "theta": 0.0001
}