{
    "alpha": 100,
    "hidden_states": {
        "Pop1": [
            0.0,
            0.08062364666547038,
            0.3640699147380734,
            1.7116416291902896,
            5008.419676193125,
            Infinity
        ]
    },
    "model": {
        "N0": 0.0625,
        "class": "SMCModel",
        "knots": [
            0.08062364666547038,
            1.7116416291902896
        ],
        "pid": "Pop1",
        "spline_class": "Piecewise",
        "y": [
            6.59364290389025,
            6.59364290389025
        ]
    },
    "rho": 0.0001,
    "theta": 0.0001
}