{
    "alpha": 100,
    "hidden_states": {
        "Pop1": [
            0.0,
            0.07942813902427326,
            0.1516448413719842,
            0.2844753254835158,
            0.5464554182295502,
            1.0550346596566917,
            2.0783661887587503,
            4.44055320602608,
            5007.97468906514,
            Infinity
        ]
    },
    "model": {
        "N0": 0.0625,
        "class": "SMCModel",
        "knots": [
            0.07942813902427326,
            0.2844753254835158,
            1.0550346596566917,
            4.44055320602608
        ],
        "pid": "Pop1",
        "spline_class": "Piecewise",
        "y": [
            2.165407812125813,
            2.3918184533192957,
            3.7521154378691177,
            5.806522154500067
        ]
    },
    "rho": 0.009996002840327433,
    "theta": 0.0001
}