{
    "alpha": 100,
    "hidden_states": {
        "Pop1": [
            0.0,
            0.0774299781520628,
            0.18934437483752997,
            0.47668855812793925,
            1.1913652518852533,
            3.1629009095307854,
            5007.603808337937,
            Infinity
        ]
    },
    "model": {
        "N0": 0.0625,
        "class": "SMCModel",
        "knots": [
            0.0774299781520628,
            0.47668855812793925,
            3.1629009095307854
        ],
        "pid": "Pop1",
        "spline_class": "Piecewise",
        "y": [
            6.435567223811491,
            6.435567223811491,
            6.435567223811491
        ]
    },
    "rho": 0.0001,
    "theta": 0.0001
}