{
    "alpha": 100,
    "hidden_states": {
        "Pop1": [
            0.0,
            0.0004824905644222965,
            0.0008262964083752048,
            0.00141768573896916,
            0.0023663292730076234,
            0.0038945084252060293,
            0.0064330507701638225,
            0.010805550815892845,
            0.018416382092659365,
            0.033459752357154704,
            0.1214811659062677,
            Infinity
        ]
    },
    "model": {
        "N0": 6.250000000000001,
        "class": "SMCModel",
        "knots": [
            0.0004824905644222965,
            0.00141768573896916,
            0.0038945084252060293,
            0.010805550815892845,
            0.033459752357154704
        ],
        "pid": "Pop1",
        "spline_class": "Piecewise",
        "y": [
            -5.133378828694994,
            -1.8055806093285063,
            -1.01313042786801,
            -1.8519942205119215,
            -1.7031118505862757
        ]
    },
    "rho": 0.00999433415647665,
    "theta": 0.0001
}