{
    "alpha": 100,
    "hidden_states": {
        "Pop1": [
            0.0,
            0.0005066473423823984,
            0.000736763409390546,
            0.0010535880608352384,
            0.0014667850858975419,
            0.0020634109191664525,
            0.002920708168946396,
            0.004199984915135391,
            0.005990244453914348,
            0.008513534213311642,
            0.01220886534623702,
            0.017700930469129662,
            0.026271595004995377,
            0.04143710606451107,
            0.12356083724005634,
            Infinity
        ]
    },
    "model": {
        "N0": 6.250000000000001,
        "class": "SMCModel",
        "knots": [
            0.0005066473423823984,
            0.0010535880608352384,
            0.0020634109191664525,
            0.004199984915135391,
            0.008513534213311642,
            0.017700930469129662,
            0.04143710606451107
        ],
        "pid": "Pop1",
        "spline_class": "Piecewise",
        "y": [
            -2.252521667756866,
            -1.183356778257992,
            -0.5870234481034898,
            -0.8124781804400932,
            -1.4605628296432178,
            -1.512128200384436,
            -1.7586882103515658
        ]
    },
    "rho": 0.009819735722188352,
    "theta": 0.0001
}