{
    "alpha": 100,
    "hidden_states": {
        "Pop1": [
            0.0,
            0.07694018847097317,
            0.20302821928499104,
            0.5023398807352041,
            1.2444464160721564,
            3.3857729279999154,
            5008.368738875463,
            Infinity
        ]
    },
    "model": {
        "N0": 0.0625,
        "class": "SMCModel",
        "knots": [
            0.07694018847097317,
            0.5023398807352041,
            3.3857729279999154
        ],
        "pid": "Pop1",
        "spline_class": "Piecewise",
        "y": [
            9.210336264493,
            9.210333905037652,
            9.210333905037652
        ]
    },
    "rho": 0.009996002840327433,
    "theta": 0.0001
}