{
    "alpha": 100,
    "hidden_states": {
        "Pop1": [
            0.0,
            0.0807291806220298,
            0.15017897888276047,
            0.29453088168020286,
            0.5700436726088112,
            1.1283827339808068,
            2.1806609468859564,
            4.715577355766504,
            5008.456186411816,
            Infinity
        ]
    },
    "model": {
        "N0": 0.0625,
        "class": "SMCModel",
        "knots": [
            0.0807291806220298,
            0.29453088168020286,
            1.1283827339808068,
            4.715577355766504
        ],
        "pid": "Pop1",
        "spline_class": "Piecewise",
        "y": [
            9.137878182232727,
            9.137878182232727,
            9.137878182232727,
            9.137878182232727
        ]
    },
    "rho": 0.0001,
    "theta": 0.0001
}