{
    "alpha": 100,
    "hidden_states": {
        "Pop1": [
            0.0,
            0.07886260944479506,
            0.36976958946591937,
            1.7704530496899138,
            5008.609019041705,
            Infinity
        ]
    },
    "model": {
        "N0": 0.0625,
        "class": "SMCModel",
        "knots": [
            0.07886260944479506,
            1.7704530496899138
        ],
        "pid": "Pop1",
        "spline_class": "Piecewise",
        "y": [
            6.957300526053396,
            6.957300526053396
        ]
    },
    "rho": 0.0001,
    "theta": 0.0001
}