{
    "alpha": 100,
    "hidden_states": {
        "Pop1": [
            0.0,
            0.072570544153479,
            0.3482113346901733,
            1.661425220062474,
            5008.073432882372,
            Infinity
        ]
    },
    "model": {
        "N0": 0.0625,
        "class": "SMCModel",
        "knots": [
            0.072570544153479,
            1.661425220062474
        ],
        "pid": "Pop1",
        "spline_class": "Piecewise",
        "y": [
            6.601868793198991,
            6.601868793198991
        ]
    },
    "rho": 0.0001,
    "theta": 0.0001
}