{
    "alpha": 100,
    "hidden_states": {
        "Pop1": [
            0.0,
            0.072570544153479,
            0.3482113346901733,
            1.661425220062474,
            5008.073432882372,
            Infinity
        ]
    },
    "model": {
        "N0": 0.0625,
        "class": "SMCModel",
        "knots": [
            0.072570544153479,
            1.661425220062474
        ],
        "pid": "Pop1",
        "spline_class": "Piecewise",
        "y": [
            5.261847850968427,
            7.6018718360033946
        ]
    },
    "rho": 0.009996002840327433,
    "theta": 0.0001
}