{
    "alpha": 100,
    "hidden_states": {
        "Pop1": [
            0.0,
            0.04797332346459912,
            0.0704015032895492,
            0.0996142383864825,
            0.14663440327426214,
            0.20921825107646957,
            0.29687188880765125,
            0.41875033503350156,
            0.586096721162383,
            0.8467092099353584,
            1.2129009248008953,
            1.7462753441405752,
            2.623277948521698,
            4.105687837312,
            10.41801954109425,
            Infinity
        ]
    },
    "model": {
        "N0": 0.0625,
        "class": "SMCModel",
        "knots": [
            0.04797332346459912,
            0.0996142383864825,
            0.20921825107646957,
            0.41875033503350156,
            0.8467092099353584,
            1.7462753441405752,
            4.105687837312
        ],
        "pid": "Pop1",
        "spline_class": "Piecewise",
        "y": [
            -6.1852878460318985,
            0.4496217638668269,
            1.0911950102131862,
            1.30573834160314,
            2.164180359717574,
            2.0261019479695026,
            2.348928325169145
        ]
    },
    "rho": 0.0028943150316993096,
    "theta": 0.0001
}