{
    "alpha": 100,
    "hidden_states": {
        "Pop1": [
            0.0,
            0.04797332346459912,
            0.0704015032895492,
            0.0996142383864825,
            0.14663440327426214,
            0.20921825107646957,
            0.29687188880765125,
            0.41875033503350156,
            0.586096721162383,
            0.8467092099353584,
            1.2129009248008953,
            1.7462753441405752,
            2.623277948521698,
            4.105687837312,
            10.41801954109425,
            Infinity
        ]
    },
    "model": {
        "N0": 0.0625,
        "class": "SMCModel",
        "knots": [
            0.04797332346459912,
            0.0996142383864825,
            0.20921825107646957,
            0.41875033503350156,
            0.8467092099353584,
            1.7462753441405752,
            4.105687837312
        ],
        "pid": "Pop1",
        "spline_class": "Piecewise",
        "y": [
            -6.907757760330952,
            0.13905953138388497,
            2.034999850509571,
            1.7895348243492037,
            2.1283939773701928,
            1.9325102587305591,
            2.697011672908489
        ]
    },
    "rho": 0.006835769630021408,
    "theta": 0.0001
}