{
    "alpha": 100,
    "hidden_states": {
        "Pop1": [
            0.0,
            0.04797332346459912,
            0.0704015032895492,
            0.0996142383864825,
            0.14663440327426214,
            0.20921825107646957,
            0.29687188880765125,
            0.41875033503350156,
            0.586096721162383,
            0.8467092099353584,
            1.2129009248008953,
            1.7462753441405752,
            2.623277948521698,
            4.105687837312,
            10.41801954109425,
            Infinity
        ]
    },
    "model": {
        "N0": 0.0625,
        "class": "SMCModel",
        "knots": [
            0.04797332346459912,
            0.0996142383864825,
            0.20921825107646957,
            0.41875033503350156,
            0.8467092099353584,
            1.7462753441405752,
            4.105687837312
        ],
        "pid": "Pop1",
        "spline_class": "Piecewise",
        "y": [
            -6.907757015623218,
            0.17126690596302496,
            2.396239773934398,
            1.954494536685496,
            2.0663018297130717,
            1.7412561026165962,
            2.7975143219448575
        ]
    },
    "rho": 0.00982183385107182,
    "theta": 0.0001
}