{
    "alpha": 100,
    "hidden_states": {
        "Pop1": [
            0.0,
            0.04797332346459912,
            0.0704015032895492,
            0.0996142383864825,
            0.14663440327426214,
            0.20921825107646957,
            0.29687188880765125,
            0.41875033503350156,
            0.586096721162383,
            0.8467092099353584,
            1.2129009248008953,
            1.7462753441405752,
            2.623277948521698,
            4.105687837312,
            10.41801954109425,
            Infinity
        ]
    },
    "model": {
        "N0": 0.0625,
        "class": "SMCModel",
        "knots": [
            0.04797332346459912,
            0.0996142383864825,
            0.20921825107646957,
            0.41875033503350156,
            0.8467092099353584,
            1.7462753441405752,
            4.105687837312
        ],
        "pid": "Pop1",
        "spline_class": "Piecewise",
        "y": [
            -6.907758284644437,
            0.23053701250339448,
            2.6077253809416687,
            2.080347216859488,
            2.1103984826173945,
            1.662119736369527,
            2.8323031729709736
        ]
    },
    "rho": 0.009993557435888013,
    "theta": 0.0001
}