{
    "alpha": 100,
    "hidden_states": {
        "Pop1": [
            0.0,
            0.08313882876485537,
            0.12601398460687133,
            0.18700801940459497,
            0.28048313364676913,
            0.4277838747757809,
            0.6474367123434218,
            0.9788350855281254,
            1.497576255238715,
            2.3143085454941787,
            3.744329222276901,
            6.858032737716239,
            5008.415975723722,
            Infinity
        ]
    },
    "model": {
        "N0": 0.0625,
        "class": "SMCModel",
        "knots": [
            0.08313882876485537,
            0.18700801940459497,
            0.4277838747757809,
            0.9788350855281254,
            2.3143085454941787,
            6.858032737716239
        ],
        "pid": "Pop1",
        "spline_class": "Piecewise",
        "y": [
            9.144692765021409,
            9.144692765021409,
            9.144692765021409,
            9.144692765021409,
            9.144692765021409,
            9.144692765021409
        ]
    },
    "rho": 0.0001,
    "theta": 0.0001
}