{
    "alpha": 100,
    "hidden_states": {
        "Pop1": [
            0.0,
            0.0734198452489298,
            0.12315862561881012,
            0.2126063419019423,
            0.3562555686686552,
            0.5809329934187757,
            0.9728300451164158,
            1.6290724362090565,
            2.82580357444327,
            5.377005941009978,
            5007.716156426369,
            Infinity
        ]
    },
    "model": {
        "N0": 0.0625,
        "class": "SMCModel",
        "knots": [
            0.0734198452489298,
            0.2126063419019423,
            0.5809329934187757,
            1.6290724362090565,
            5.377005941009978
        ],
        "pid": "Pop1",
        "spline_class": "Piecewise",
        "y": [
            6.428231894924642,
            6.428231894924642,
            6.428231894924642,
            6.428231894924642,
            6.428231894924642
        ]
    },
    "rho": 0.0001,
    "theta": 0.0001
}