{
    "alpha": 1,
    "hidden_states": {
        "Pop1": [
            0.0,
            Infinity
        ]
    },
    "model": {
        "N0": 0.0625,
        "class": "SMCModel",
        "knots": [
            117.78303565638352,
            405.46510810816443,
            810.9302162163289,
            1504.077396776274
        ],
        "pid": "Pop1",
        "spline_class": "Piecewise",
        "y": [
            7.546645704274808,
            7.546509314761048,
            7.546567172838622,
            7.546693388360132
        ]
    },
    "rho": 0.0001,
    "theta": 0.0001
}