{
    "alpha": 100,
    "hidden_states": {
        "Pop1": [
            0.0,
            0.0004934942748351598,
            0.00243140773076623,
            0.0111181141142662,
            81.90043093165364,
            Infinity
        ]
    },
    "model": {
        "N0": 6.250000000000001,
        "class": "SMCModel",
        "knots": [
            0.0004934942748351598,
            0.0111181141142662
        ],
        "pid": "Pop1",
        "spline_class": "Piecewise",
        "y": [
            -3.713335243177543,
            4.674946051943536
        ]
    },
    "rho": 0.009995175698891311,
    "theta": 0.0001
}