{
    "alpha": 100,
    "hidden_states": {
        "Pop1": [
            0.0,
            0.07469485687854407,
            0.14541219961506402,
            0.2935854994096803,
            0.558815349706438,
            1.106888139318473,
            2.1590441612757836,
            4.6351495880370805,
            5008.282311256277,
            Infinity
        ]
    },
    "model": {
        "N0": 0.0625,
        "class": "SMCModel",
        "knots": [
            0.07469485687854407,
            0.2935854994096803,
            1.106888139318473,
            4.6351495880370805
        ],
        "pid": "Pop1",
        "spline_class": "Piecewise",
        "y": [
            9.1391950084985,
            9.1391950084985,
            9.1391950084985,
            9.1391950084985
        ]
    },
    "rho": 0.0001,
    "theta": 0.0001
}