{
    "alpha": 100,
    "hidden_states": {
        "Pop1": [
            0.0,
            0.07799703147978373,
            0.37590989260098945,
            1.7061180202286164,
            5008.465281406073,
            Infinity
        ]
    },
    "model": {
        "N0": 0.0625,
        "class": "SMCModel",
        "knots": [
            0.07799703147978373,
            1.7061180202286164
        ],
        "pid": "Pop1",
        "spline_class": "Piecewise",
        "y": [
            6.595780097805012,
            6.595780097805012
        ]
    },
    "rho": 0.0001,
    "theta": 0.0001
}