{
    "alpha": 100,
    "hidden_states": {
        "Pop1": [
            0.0,
            0.07799703147978373,
            0.37590989260098945,
            1.7061180202286164,
            5008.465281406073,
            Infinity
        ]
    },
    "model": {
        "N0": 0.0625,
        "class": "SMCModel",
        "knots": [
            0.07799703147978373,
            1.7061180202286164
        ],
        "pid": "Pop1",
        "spline_class": "Piecewise",
        "y": [
            2.7467587405165537,
            5.4616472877358335
        ]
    },
    "rho": 0.009996002840327433,
    "theta": 0.0001
}