{
    "alpha": 100,
    "hidden_states": {
        "Pop1": [
            0.0,
            0.08101589060142154,
            0.12957876129522447,
            0.22045602219669835,
            0.36297115578502226,
            0.6189938570414416,
            1.056827402520549,
            1.7446368946317856,
            3.0247692146792495,
            5.913440370473065,
            5008.508741421768,
            Infinity
        ]
    },
    "model": {
        "N0": 0.0625,
        "class": "SMCModel",
        "knots": [
            0.08101589060142154,
            0.22045602219669835,
            0.6189938570414416,
            1.7446368946317856,
            5.913440370473065
        ],
        "pid": "Pop1",
        "spline_class": "Piecewise",
        "y": [
            9.143682471906784,
            9.143682471906784,
            9.143682471906784,
            9.143682471906784,
            9.143682471906784
        ]
    },
    "rho": 0.0001,
    "theta": 0.0001
}