{
    "alpha": 100,
    "hidden_states": {
        "Pop1": [
            0.0,
            0.07692490538484467,
            0.373685738370479,
            1.6970048948748429,
            5008.333859242751,
            Infinity
        ]
    },
    "model": {
        "N0": 0.0625,
        "class": "SMCModel",
        "knots": [
            0.07692490538484467,
            1.6970048948748429
        ],
        "pid": "Pop1",
        "spline_class": "Piecewise",
        "y": [
            2.516057038772562,
            5.549454366653883
        ]
    },
    "rho": 0.009996002840327433,
    "theta": 0.0001
}