{
    "alpha": 100,
    "hidden_states": {
        "Pop1": [
            0.0,
            0.0808009354337039,
            0.11022654680172789,
            0.15059444822058854,
            0.2022108981285293,
            0.26830796921285216,
            0.36506346151494573,
            0.4996468001383747,
            0.678440581752148,
            0.9177515064691408,
            1.2567338424726744,
            1.7164355059870695,
            2.3809412745885092,
            3.3748929394017595,
            5.002344447525265,
            8.969393096737798,
            5008.419414810942,
            Infinity
        ]
    },
    "model": {
        "N0": 0.0625,
        "class": "SMCModel",
        "knots": [
            0.0808009354337039,
            0.15059444822058854,
            0.26830796921285216,
            0.4996468001383747,
            0.9177515064691408,
            1.7164355059870695,
            3.3748929394017595,
            8.969393096737798
        ],
        "pid": "Pop1",
        "spline_class": "Piecewise",
        "y": [
            9.210335447437563,
            9.210334019679088,
            9.210334019679088,
            9.210334019679088,
            9.210334019679088,
            9.210334019679088,
            9.210334019679088,
            9.210334019679088
        ]
    },
    "rho": 0.009996002840327433,
    "theta": 0.0001
}