{
    "alpha": 100,
    "hidden_states": {
        "Pop1": [
            0.0,
            0.07764417031075385,
            0.3627418284273118,
            1.7394917450091145,
            5008.409568474683,
            Infinity
        ]
    },
    "model": {
        "N0": 0.0625,
        "class": "SMCModel",
        "knots": [
            0.07764417031075385,
            1.7394917450091145
        ],
        "pid": "Pop1",
        "spline_class": "Piecewise",
        "y": [
            2.605758571479095,
            5.501038170544407
        ]
    },
    "rho": 0.009996002840327433,
    "theta": 0.0001
}