{
    "alpha": 100,
    "hidden_states": {
        "Pop1": [
            0.0,
            0.05040321909339978,
            0.09918697947866405,
            0.18555939426225837,
            0.35815504456881164,
            0.6872132338004299,
            1.3434595028505936,
            2.768289196865397,
            10.370015990050737,
            Infinity
        ]
    },
    "model": {
        "N0": 0.0625,
        "class": "SMCModel",
        "knots": [
            0.05040321909339978,
            0.18555939426225837,
            0.6872132338004299,
            2.768289196865397
        ],
        "pid": "Pop1",
        "spline_class": "Piecewise",
        "y": [
            -6.907756671826902,
            1.7116173826341983,
            1.6673090257128351,
            2.741590000912395
        ]
    },
    "rho": 0.008733956752098225,
    "theta": 0.0001
}