{
    "alpha": 100,
    "hidden_states": {
        "Pop1": [
            0.0,
            0.07381158839887048,
            0.12357711086981288,
            0.212569956248965,
            0.3553376140777201,
            0.5785503910345652,
            0.9663646190450348,
            1.6132132333027391,
            2.802333477788727,
            5.350323325295132,
            5007.802781490571,
            Infinity
        ]
    },
    "model": {
        "N0": 0.0625,
        "class": "SMCModel",
        "knots": [
            0.07381158839887048,
            0.212569956248965,
            0.5785503910345652,
            1.6132132333027391,
            5.350323325295132
        ],
        "pid": "Pop1",
        "spline_class": "Piecewise",
        "y": [
            5.470803249113078,
            4.601046846082325,
            4.535902513195237,
            3.8936775181630394,
            5.404362211490094
        ]
    },
    "rho": 0.009996002840327433,
    "theta": 0.0001
}