{
    "alpha": 100,
    "hidden_states": {
        "Pop1": [
            0.0,
            0.0820178702983101,
            0.12112801930549179,
            0.18416530094765626,
            0.2801766962814755,
            0.4247108001798875,
            0.6543029337191961,
            1.013636186154705,
            1.52095075050247,
            2.3517846990945763,
            3.795698480722144,
            7.0612540621691435,
            5008.537114723911,
            Infinity
        ]
    },
    "model": {
        "N0": 0.0625,
        "class": "SMCModel",
        "knots": [
            0.0820178702983101,
            0.18416530094765626,
            0.4247108001798875,
            1.013636186154705,
            2.3517846990945763,
            7.0612540621691435
        ],
        "pid": "Pop1",
        "spline_class": "Piecewise",
        "y": [
            9.14065638640787,
            9.14065638640787,
            9.14065638640787,
            9.14065638640787,
            9.14065638640787,
            9.14065638640787
        ]
    },
    "rho": 0.0001,
    "theta": 0.0001
}