{
    "alpha": 100,
    "hidden_states": {
        "Pop1": [
            0.0,
            0.000519928371653396,
            0.0007835143912405699,
            0.0011813180711613747,
            0.0017699337020686658,
            0.002700106374072435,
            0.004064724004987996,
            0.00616548793117855,
            0.009371383003276397,
            0.014486829323245784,
            0.02271882997917059,
            0.03752786591543463,
            0.1083943785274585,
            Infinity
        ]
    },
    "model": {
        "N0": 6.250000000000001,
        "class": "SMCModel",
        "knots": [
            0.000519928371653396,
            0.0011813180711613747,
            0.002700106374072435,
            0.00616548793117855,
            0.014486829323245784,
            0.03752786591543463
        ],
        "pid": "Pop1",
        "spline_class": "Piecewise",
        "y": [
            -4.630603856992415,
            -1.5959973809268586,
            0.34306671590083526,
            0.8710685057661793,
            -0.3681471582087127,
            -3.143643175254378
        ]
    },
    "rho": 0.0021375741806670813,
    "theta": 0.0001
}