{
    "alpha": 100,
    "hidden_states": {
        "Pop1": [
            0.0,
            0.000519928371653396,
            0.0007835143912405699,
            0.0011813180711613747,
            0.0017699337020686658,
            0.002700106374072435,
            0.004064724004987996,
            0.00616548793117855,
            0.009371383003276397,
            0.014486829323245784,
            0.02271882997917059,
            0.03752786591543463,
            0.1083943785274585,
            Infinity
        ]
    },
    "model": {
        "N0": 6.250000000000001,
        "class": "SMCModel",
        "knots": [
            0.000519928371653396,
            0.0011813180711613747,
            0.002700106374072435,
            0.00616548793117855,
            0.014486829323245784,
            0.03752786591543463
        ],
        "pid": "Pop1",
        "spline_class": "Piecewise",
        "y": [
            -4.248912213931164,
            -3.2355285710190933,
            -1.9087167120427042,
            -0.9413122613745306,
            -1.0057831076832777,
            -2.694708656123456
        ]
    },
    "rho": 0.0002601870455303836,
    "theta": 0.0001
}