{
    "alpha": 100,
    "hidden_states": {
        "Pop1": [
            0.0,
            0.000519928371653396,
            0.0007835143912405699,
            0.0011813180711613747,
            0.0017699337020686658,
            0.002700106374072435,
            0.004064724004987996,
            0.00616548793117855,
            0.009371383003276397,
            0.014486829323245784,
            0.02271882997917059,
            0.03752786591543463,
            0.1083943785274585,
            Infinity
        ]
    },
    "model": {
        "N0": 6.250000000000001,
        "class": "SMCModel",
        "knots": [
            0.000519928371653396,
            0.0011813180711613747,
            0.002700106374072435,
            0.00616548793117855,
            0.014486829323245784,
            0.03752786591543463
        ],
        "pid": "Pop1",
        "spline_class": "Piecewise",
        "y": [
            -4.630722179991999,
            -1.3519850425656856,
            0.7186537416542098,
            1.1276455137237422,
            -0.36660894966578067,
            -3.171730042367678
        ]
    },
    "rho": 0.003061728897417751,
    "theta": 0.0001
}