{"Parameters":{"0":{"Kappa":1995.2623149689,"Tau":1.0}},"Positive hit":{"0":2},"SNPs":{"0":[118513,85140]},"Model0 ll":{"0":[-25132.8703855758,-51427.0474639495]},"Model1 ll":{"0":[-7390.1760985947,-18322.216883827]}}