{"Parameters":{"0":{"Kappa":141.2537544623,"Tau":1.0}},"Positive hit":{"0":2},"SNPs":{"0":[7207,8634]},"Model0 ll":{"0":[-3790.1437038094,-1843.52179227]},"Model1 ll":{"0":[-1561.9834644421,-636.3042335205]}}