{"Parameters":{"0":{"Kappa":11220.1845430196,"Tau":1.0}},"Positive hit":{"0":2},"SNPs":{"0":[482554,684822]},"Model0 ll":{"0":[-223420.8347447761,-172862.0995724288]},"Model1 ll":{"0":[-54681.4016715824,-42972.3223197634]}}