{"Parameters":{"0":{"Kappa":3981.071705535,"Tau":1.0}},"Positive hit":{"0":2},"SNPs":{"0":[189172,233901]},"Model0 ll":{"0":[-77346.0198944617,-82937.3500744319]},"Model1 ll":{"0":[-21226.1052133667,-28479.9419061405]}}