{"Parameters":{"0":{"Kappa":8912.5093813375,"Tau":1.0}},"Positive hit":{"0":2},"SNPs":{"0":[517806,487857]},"Model0 ll":{"0":[-109936.5066554291,-149654.2916277241]},"Model1 ll":{"0":[-30883.9712172709,-38840.5405781965]}}