{"Parameters":{"0":{"Kappa":3.5481338923,"Tau":1.0}},"Positive hit":{"0":2},"SNPs":{"0":[266,199]},"Model0 ll":{"0":[-103.4403711484,-76.9374870753]},"Model1 ll":{"0":[-73.979198718,-65.2071431743]}}