{"Parameters":{"0":{"Kappa":15.8489319246,"Tau":1.0}},"Positive hit":{"0":2},"SNPs":{"0":[935,964]},"Model0 ll":{"0":[-312.9930712006,-304.1389293903]},"Model1 ll":{"0":[-128.7086321956,-162.4432144023]}}