{"Parameters":{"0":{"Kappa":1258.9254117942,"Tau":1.0}},"Positive hit":{"0":2},"SNPs":{"0":[67686,67209]},"Model0 ll":{"0":[-16400.1774031064,-19150.1079422875]},"Model1 ll":{"0":[-5909.9586710712,-7540.7286601267]}}