{"Parameters":{"0":{"Kappa":3548.1338923358,"Tau":1.0}},"Positive hit":{"0":2},"SNPs":{"0":[220958,188862]},"Model0 ll":{"0":[-48128.4611844811,-85757.8642535833]},"Model1 ll":{"0":[-15871.301835322,-40784.4311085007]}}