{"Parameters":{"0":{"Kappa":4.4668359215,"Tau":1.0}},"Positive hit":{"0":2},"SNPs":{"0":[240,339]},"Model0 ll":{"0":[-112.4941850366,-135.4760320186]},"Model1 ll":{"0":[-78.3260012078,-102.1290512585]}}