{"Parameters":{"0":{"Kappa":11.220184543,"Tau":1.0}},"Positive hit":{"0":2},"SNPs":{"0":[747,729]},"Model0 ll":{"0":[-227.1511804158,-181.3394640397]},"Model1 ll":{"0":[-123.8567664819,-115.5311083657]}}