{"Parameters":{"0":{"Kappa":63.095734448,"Tau":1.0}},"Positive hit":{"0":2},"SNPs":{"0":[3001,3591]},"Model0 ll":{"0":[-1031.4834985119,-1193.4869376675]},"Model1 ll":{"0":[-437.3086274456,-448.8292182439]}}