{"Parameters":{"0":{"Kappa":19.9526231497,"Tau":1.0}},"Positive hit":{"0":2},"SNPs":{"0":[1264,954]},"Model0 ll":{"0":[-367.4466406816,-395.6808502925]},"Model1 ll":{"0":[-205.8639108461,-213.8911709852]}}