{"Parameters":{"0":{"Kappa":1.4125375446,"Tau":1.0}},"Positive hit":{"0":1},"SNPs":{"0":[129,143]},"Model0 ll":{"0":[-39.0196913633,-66.6078866602]},"Model1 ll":{"0":[-38.9184001199,-52.2536999979]}}