{"Parameters":{"0":{"Kappa":1000.0,"Tau":1.0}},"Positive hit":{"0":2},"SNPs":{"0":[52438,49969]},"Model0 ll":{"0":[-21953.498115151,-13516.0301704512]},"Model1 ll":{"0":[-8800.8852213312,-3301.7193265035]}}