{"Parameters":{"0":{"Kappa":630.9573444802,"Tau":1.0}},"Positive hit":{"0":2},"SNPs":{"0":[41618,37504]},"Model0 ll":{"0":[-7716.1775040475,-11403.7616000492]},"Model1 ll":{"0":[-1601.364363415,-4204.684537125]}}