{"Parameters":{"0":{"Kappa":5.6234132519,"Tau":1.0}},"Positive hit":{"0":2},"SNPs":{"0":[339,391]},"Model0 ll":{"0":[-92.1022894192,-95.3359801076]},"Model1 ll":{"0":[-70.7416436187,-83.148816989]}}