{"Parameters":{"0":{"Kappa":70.7945784384,"Tau":1.0}},"Positive hit":{"0":2},"SNPs":{"0":[3918,3450]},"Model0 ll":{"0":[-920.1819129232,-1249.7566198979]},"Model1 ll":{"0":[-305.4635099913,-413.2132733285]}}