{"Parameters":{"0":{"Kappa":1412.5375446228,"Tau":1.0}},"Positive hit":{"0":2},"SNPs":{"0":[74695,75780]},"Model0 ll":{"0":[-21942.8673364758,-26043.1645275986]},"Model1 ll":{"0":[-5554.2694768752,-10100.0893022884]}}