{"Parameters":{"0":{"Kappa":2238.7211385683,"Tau":1.0}},"Positive hit":{"0":2},"SNPs":{"0":[146017,98844]},"Model0 ll":{"0":[-21231.0137924965,-39213.0247819478]},"Model1 ll":{"0":[-4556.1665569936,-24408.7372722282]}}