{"Parameters":{"0":{"Kappa":100.0,"Tau":1.0}},"Positive hit":{"0":2},"SNPs":{"0":[5682,5702]},"Model0 ll":{"0":[-1553.1276995793,-1215.5254853956]},"Model1 ll":{"0":[-710.0148601715,-458.5272502433]}}