{"Parameters":{"0":{"Kappa":10.0,"Tau":1.0}},"Positive hit":{"0":2},"SNPs":{"0":[535,514]},"Model0 ll":{"0":[-238.6805689066,-187.2300308404]},"Model1 ll":{"0":[-132.4428664396,-119.1771219211]}}