{"Parameters":{"0":{"Kappa":562.3413251903,"Tau":1.0}},"Positive hit":{"0":2},"SNPs":{"0":[34786,29739]},"Model0 ll":{"0":[-7758.0399493234,-6687.4620859978]},"Model1 ll":{"0":[-2437.4191807552,-1581.7381186938]}}