{"Parameters":{"0":{"Kappa":7.9432823472,"Tau":1.0}},"Positive hit":{"0":2},"SNPs":{"0":[466,519]},"Model0 ll":{"0":[-206.3687294437,-138.1095017273]},"Model1 ll":{"0":[-121.7226350062,-87.2345974875]}}