{"Parameters":{"0":{"Kappa":5.0118723363,"Tau":1.0}},"Positive hit":{"0":2},"SNPs":{"0":[297,428]},"Model0 ll":{"0":[-117.3486762747,-106.2135376167]},"Model1 ll":{"0":[-86.9047631786,-92.1165782122]}}