{"Parameters":{"0":{"Kappa":7079.4578438414,"Tau":1.0}},"Positive hit":{"0":2},"SNPs":{"0":[312604,402061]},"Model0 ll":{"0":[-101625.2943065971,-133688.648666186]},"Model1 ll":{"0":[-20107.2251837396,-35908.5813552055]}}