{"Parameters":{"0":{"Kappa":12.5892541179,"Tau":1.0}},"Positive hit":{"0":2},"SNPs":{"0":[655,725]},"Model0 ll":{"0":[-269.4635141186,-309.7671378496]},"Model1 ll":{"0":[-155.9841945563,-148.0936933811]}}