{"Parameters":{"0":{"Kappa":56.234132519,"Tau":1.0}},"Positive hit":{"0":2},"SNPs":{"0":[3070,2937]},"Model0 ll":{"0":[-886.5777299171,-1167.9910029391]},"Model1 ll":{"0":[-305.5357068649,-386.5547954742]}}