{"Parameters":{"0":{"Kappa":7.0794578438,"Tau":1.0}},"Positive hit":{"0":2},"SNPs":{"0":[398,460]},"Model0 ll":{"0":[-235.2937507646,-166.7809790844]},"Model1 ll":{"0":[-156.0650161359,-116.7514716021]}}