{"Parameters":{"0":{"Kappa":354.8133892336,"Tau":1.0}},"Positive hit":{"0":2},"SNPs":{"0":[19878,19584]},"Model0 ll":{"0":[-5201.52612067,-4636.1725552158]},"Model1 ll":{"0":[-1331.8182689885,-1191.4403953907]}}