{"Parameters":{"0":{"Kappa":1.2589254118,"Tau":1.0}},"Positive hit":{"0":1},"SNPs":{"0":[120,166]},"Model0 ll":{"0":[-43.959723892,-62.2554953129]},"Model1 ll":{"0":[-42.3867521394,-58.5849707985]}}