{"Parameters":{"0":{"Kappa":1.1220184543,"Tau":1.0}},"Positive hit":{"0":1},"SNPs":{"0":[143,94]},"Model0 ll":{"0":[-57.91426659,-38.9618185153]},"Model1 ll":{"0":[-49.7489627745,-38.3002732121]}}