{"Parameters":{"0":{"Kappa":501.1872336273,"Tau":1.0}},"Positive hit":{"0":2},"SNPs":{"0":[25321,29318]},"Model0 ll":{"0":[-9422.2596329572,-5942.328353817]},"Model1 ll":{"0":[-2859.5335390976,-1398.6055171863]}}