{"Parameters":{"0":{"Kappa":17.7827941004,"Tau":1.0}},"Positive hit":{"0":2},"SNPs":{"0":[1206,1144]},"Model0 ll":{"0":[-653.9021818434,-277.0161851294]},"Model1 ll":{"0":[-349.1106210579,-128.8677997306]}}