{"Parameters":{"0":{"Kappa":44.6683592151,"Tau":1.0}},"Positive hit":{"0":2},"SNPs":{"0":[2497,2460]},"Model0 ll":{"0":[-1297.089206974,-850.1950424149]},"Model1 ll":{"0":[-809.6861997898,-538.6513463367]}}