{"Parameters":{"0":{"Kappa":7943.2823472428,"Tau":1.0}},"Positive hit":{"0":2},"SNPs":{"0":[529437,387606]},"Model0 ll":{"0":[-122430.4748721974,-108688.2501115675]},"Model1 ll":{"0":[-40089.823895016,-51807.4686682839]}}