{"Parameters":{"0":{"Kappa":223.8721138568,"Tau":1.0}},"Positive hit":{"0":2},"SNPs":{"0":[14951,12387]},"Model0 ll":{"0":[-3339.0521048955,-3652.7861743787]},"Model1 ll":{"0":[-969.408926003,-1411.568242339]}}