{"Parameters":{"0":{"Kappa":4466.8359215096,"Tau":1.0}},"Positive hit":{"0":2},"SNPs":{"0":[261007,211567]},"Model0 ll":{"0":[-64753.9485714309,-101658.4496867065]},"Model1 ll":{"0":[-25676.5339690795,-66055.2174659736]}}