{"Parameters":{"0":{"Kappa":3162.2776601684,"Tau":1.0}},"Positive hit":{"0":2},"SNPs":{"0":[168869,179791]},"Model0 ll":{"0":[-56461.9889859638,-63152.6607666982]},"Model1 ll":{"0":[-20684.3230847315,-21336.5578436623]}}