{"Parameters":{"0":{"Kappa":35.4813389234,"Tau":1.0}},"Positive hit":{"0":2},"SNPs":{"0":[1490,2030]},"Model0 ll":{"0":[-481.6987525251,-858.2988893398]},"Model1 ll":{"0":[-292.907561187,-389.5191737223]}}