{"Parameters":{"0":{"Kappa":14.1253754462,"Tau":1.0}},"Positive hit":{"0":2},"SNPs":{"0":[880,628]},"Model0 ll":{"0":[-238.4771800684,-176.6071606591]},"Model1 ll":{"0":[-160.2581527869,-127.2199275061]}}