{"Parameters":{"0":{"Kappa":39.8107170553,"Tau":1.0}},"Positive hit":{"0":2},"SNPs":{"0":[2252,2009]},"Model0 ll":{"0":[-633.773981027,-995.4892082832]},"Model1 ll":{"0":[-312.2624614192,-427.641093745]}}