{"Parameters":{"0":{"Kappa":125.8925411794,"Tau":1.0}},"Positive hit":{"0":2},"SNPs":{"0":[6416,6802]},"Model0 ll":{"0":[-2023.4781844735,-1954.7047854477]},"Model1 ll":{"0":[-749.5250604668,-782.2667290899]}}