{"Parameters":{"0":{"Kappa":891.2509381337,"Tau":1.0}},"Positive hit":{"0":2},"SNPs":{"0":[47572,63002]},"Model0 ll":{"0":[-23450.0672141513,-9784.4378767857]},"Model1 ll":{"0":[-10038.6544551744,-3682.6741299531]}}