{"Parameters":{"0":{"Kappa":50.1187233627,"Tau":1.0}},"Positive hit":{"0":2},"SNPs":{"0":[2411,3561]},"Model0 ll":{"0":[-1291.1097153415,-639.4120459722]},"Model1 ll":{"0":[-591.381893876,-216.8797298402]}}