{"Parameters":{"0":{"Kappa":89.1250938134,"Tau":1.0}},"Positive hit":{"0":2},"SNPs":{"0":[4855,6189]},"Model0 ll":{"0":[-1668.252388273,-807.037238308]},"Model1 ll":{"0":[-542.6764336464,-206.9623845103]}}