{
    "alpha": 100,
    "hidden_states": {
        "Pop1": [
            0.0,
            0.0005197628228913977,
            0.0007068179705426461,
            0.0009598714389806785,
            0.0012780991512313573,
            0.0017195740728423385,
            0.0023719730075881934,
            0.003175415254132783,
            0.004306010095267677,
            0.005827257598852213,
            0.007978992827184181,
            0.010806311349386115,
            0.014884121500847733,
            0.020744341698675228,
            0.029389274187141327,
            0.04390113075738568,
            0.10815945643900485,
            Infinity
        ]
    },
    "model": {
        "N0": 6.250000000000001,
        "class": "SMCModel",
        "knots": [
            0.0005197628228913977,
            0.0009598714389806785,
            0.0017195740728423385,
            0.003175415254132783,
            0.005827257598852213,
            0.010806311349386115,
            0.020744341698675228,
            0.04390113075738568
        ],
        "pid": "Pop1",
        "spline_class": "Piecewise",
        "y": [
            -4.505016863682097,
            -3.552164955485123,
            -2.398975147306616,
            -1.212743559489535,
            -0.22003181642539013,
            0.1328010593254626,
            -0.8564508207444137,
            -3.2118418227993026
        ]
    },
    "rho": 0.0008136233173989812,
    "theta": 0.0001
}