{
    "alpha": 100,
    "hidden_states": {
        "Pop1": [
            0.0,
            0.0005197628228913977,
            0.0007068179705426461,
            0.0009598714389806785,
            0.0012780991512313573,
            0.0017195740728423385,
            0.0023719730075881934,
            0.003175415254132783,
            0.004306010095267677,
            0.005827257598852213,
            0.007978992827184181,
            0.010806311349386115,
            0.014884121500847733,
            0.020744341698675228,
            0.029389274187141327,
            0.04390113075738568,
            0.10815945643900485,
            Infinity
        ]
    },
    "model": {
        "N0": 6.250000000000001,
        "class": "SMCModel",
        "knots": [
            0.0005197628228913977,
            0.0009598714389806785,
            0.0017195740728423385,
            0.003175415254132783,
            0.005827257598852213,
            0.010806311349386115,
            0.020744341698675228,
            0.04390113075738568
        ],
        "pid": "Pop1",
        "spline_class": "Piecewise",
        "y": [
            -4.781681886271668,
            -2.8450700953608354,
            -1.3080539649111564,
            -0.10418019326809003,
            0.6618306359849132,
            0.5699911616780888,
            -0.6882991561223237,
            -3.3261873924197727
        ]
    },
    "rho": 0.0020539814631234657,
    "theta": 0.0001
}