{
    "alpha": 100,
    "hidden_states": {
        "Pop1": [
            0.0,
            0.08095839454010208,
            0.1139532574851902,
            0.15949319631973935,
            0.22834764375225625,
            0.3227245604381762,
            0.4674992888892172,
            0.6710455733914487,
            0.9706100110622985,
            1.3763130824305512,
            1.964550967528227,
            2.8864195440313107,
            4.4265403353770125,
            7.989381827931207,
            5008.486030176488,
            Infinity
        ]
    },
    "model": {
        "N0": 0.0625,
        "class": "SMCModel",
        "knots": [
            0.08095839454010208,
            0.15949319631973935,
            0.3227245604381762,
            0.6710455733914487,
            1.3763130824305512,
            2.8864195440313107,
            7.989381827931207
        ],
        "pid": "Pop1",
        "spline_class": "Piecewise",
        "y": [
            1.3117337661910435,
            1.3117337661910435,
            1.3162774835770763,
            2.1611132880043904,
            2.9497330481935196,
            3.1176941724481653,
            4.9660047087594945
        ]
    },
    "rho": 0.009996002840327433,
    "theta": 0.0001
}