{
    "alpha": 100,
    "hidden_states": {
        "Pop1": [
            0.0,
            0.08287493036291516,
            0.1567119531674044,
            0.2963725143759925,
            0.5721167621820304,
            1.1002088144923585,
            2.170825162339336,
            4.702512463247572,
            5008.392114751751,
            Infinity
        ]
    },
    "model": {
        "N0": 0.0625,
        "class": "SMCModel",
        "knots": [
            0.08287493036291516,
            0.2963725143759925,
            1.1002088144923585,
            4.702512463247572
        ],
        "pid": "Pop1",
        "spline_class": "Piecewise",
        "y": [
            9.210336385790296,
            9.210334041894258,
            9.210334041894258,
            9.210334041894258
        ]
    },
    "rho": 0.009996002840327433,
    "theta": 0.0001
}