{
    "alpha": 100,
    "hidden_states": {
        "Pop1": [
            0.0,
            0.0005222589591389603,
            0.0023829017124463027,
            0.010850870795760416,
            0.12078775469461887,
            Infinity
        ]
    },
    "model": {
        "N0": 6.250000000000001,
        "class": "SMCModel",
        "knots": [
            0.0005222589591389603,
            0.010850870795760416
        ],
        "pid": "Pop1",
        "spline_class": "Piecewise",
        "y": [
            -2.742662176022127,
            -1.9516386844061113
        ]
    },
    "rho": 0.005249661223516248,
    "theta": 0.0001
}