{
    "LL": 0,
    "alpha": 1,
    "hidden_states": {
        "Pop1": [
            0.0,
            Infinity
        ]
    },
    "model": {
        "N0": 0.0625,
        "class": "SMCModel",
        "knots": [
            117.78303565638352,
            405.46510810816443,
            810.9302162163289,
            1504.077396776274
        ],
        "pid": "Pop1",
        "spline_class": "Piecewise",
        "y": [
            6.987029916339385,
            6.986893526825625,
            6.9869513849031994,
            6.987077600424709
        ]
    },
    "rho": 0.0001,
    "theta": 0.0001
}