{
    "alpha": 100,
    "hidden_states": {
        "Pop1": [
            0.0,
            0.00048188960047041714,
            0.0023578385085625685,
            0.010760507076861608,
            0.10835485937285827,
            Infinity
        ]
    },
    "model": {
        "N0": 6.250000000000001,
        "class": "SMCModel",
        "knots": [
            0.00048188960047041714,
            0.010760507076861608
        ],
        "pid": "Pop1",
        "spline_class": "Piecewise",
        "y": [
            -2.7393248377582506,
            -2.7393248377582506
        ]
    },
    "rho": 0.0001,
    "theta": 0.0001
}