{
    "LL": -3.6116992077088255,
    "alpha": 100,
    "hidden_states": {
        "Pop1": [
            0.0,
            0.07401523588073701,
            0.11222707764806288,
            0.17750950799879614,
            0.27072205156018,
            0.4085551530774425,
            0.6069043603241803,
            0.9253349293690486,
            1.4045486979787423,
            2.1686635433120083,
            3.5141008096838977,
            6.2513127915413005,
            5007.845843650353,
            Infinity
        ]
    },
    "model": {
        "N0": 0.0625,
        "class": "SMCModel",
        "knots": [
            0.07401523588073701,
            0.17750950799879614,
            0.4085551530774425,
            0.9253349293690486,
            2.1686635433120083,
            6.2513127915413005
        ],
        "pid": "Pop1",
        "spline_class": "Piecewise",
        "y": [
            4.10353816646177,
            3.941753866508544,
            4.208325492328947,
            4.479543974131178,
            4.43979424655957,
            4.752973459818954
        ]
    },
    "rho": 0.009994076384426566,
    "theta": 0.0001
}