{
    "alpha": 100,
    "hidden_states": {
        "Pop1": [
            0.0,
            0.0005198455972723968,
            0.0007405980314171176,
            0.0010444893698521968,
            0.0014648582682186483,
            0.0020912067552357983,
            0.002969457669780257,
            0.004197623765139944,
            0.0059650909000436925,
            0.0085436131597972,
            0.012221442956849071,
            0.017805791128543552,
            0.026268534268459067,
            0.04102889452159559,
            0.10828009778414285,
            Infinity
        ]
    },
    "model": {
        "N0": 6.250000000000001,
        "class": "SMCModel",
        "knots": [
            0.0005198455972723968,
            0.0010444893698521968,
            0.0020912067552357983,
            0.004197623765139944,
            0.0085436131597972,
            0.017805791128543552,
            0.04102889452159559
        ],
        "pid": "Pop1",
        "spline_class": "Piecewise",
        "y": [
            -4.175540378746037,
            -3.0169798651443993,
            -1.9805166711662807,
            -1.0842062574992846,
            -0.9959602501246196,
            -2.769492135538687,
            -4.00574278690627
        ]
    },
    "rho": 0.0002582236490221118,
    "theta": 0.0001
}