{
    "alpha": 100,
    "hidden_states": {
        "Pop1": [
            0.0,
            0.07662242377242681,
            0.10521745427754173,
            0.1458634471049623,
            0.20238627163861111,
            0.2771652646785768,
            0.3736986371998228,
            0.5014791715814177,
            0.6724794701991411,
            0.9290993924953482,
            1.2587175265762574,
            1.7181113028600423,
            2.387762717068503,
            3.402640307700095,
            5.0142005468804465,
            8.985722641289577,
            5008.357583126291,
            Infinity
        ]
    },
    "model": {
        "N0": 0.0625,
        "class": "SMCModel",
        "knots": [
            0.07662242377242681,
            0.1458634471049623,
            0.2771652646785768,
            0.5014791715814177,
            0.9290993924953482,
            1.7181113028600423,
            3.402640307700095,
            8.985722641289577
        ],
        "pid": "Pop1",
        "spline_class": "Piecewise",
        "y": [
            9.210334703887094,
            9.210333905218015,
            9.210333905218015,
            9.210333905218015,
            9.210333905218015,
            9.210333905218015,
            9.210333905218015,
            9.210333905218015
        ]
    },
    "rho": 0.009996002840327433,
    "theta": 0.0001
}