{
    "alpha": 100,
    "hidden_states": {
        "Pop1": [
            0.0,
            0.07670774778847846,
            0.1304520760670313,
            0.22867385613555158,
            0.376274525563881,
            0.6124228084030463,
            1.0252762281321188,
            1.7269955829842114,
            3.031260315359591,
            5.919033065426031,
            5008.386601233974,
            Infinity
        ]
    },
    "model": {
        "N0": 0.0625,
        "class": "SMCModel",
        "knots": [
            0.07670774778847846,
            0.22867385613555158,
            0.6124228084030463,
            1.7269955829842114,
            5.919033065426031
        ],
        "pid": "Pop1",
        "spline_class": "Piecewise",
        "y": [
            9.210336217178757,
            9.21033398963935,
            9.21033398963935,
            9.21033398963935,
            9.21033398963935
        ]
    },
    "rho": 0.009996002840327433,
    "theta": 0.0001
}