{
    "alpha": 100,
    "hidden_states": {
        "Pop1": [
            0.0,
            0.0007833684743151062,
            0.001098875129076229,
            0.0014901752604375503,
            0.0020166360364557976,
            0.0027760338129704854,
            0.003812466747170812,
            0.0051652154966983655,
            0.00706710625475036,
            0.009746306477089677,
            0.013446643829987963,
            0.018123332800882873,
            0.024754704762131378,
            0.034501049042542926,
            0.049230950096605566,
            0.07600868729680689,
            62.566317047990076,
            Infinity
        ]
    },
    "model": {
        "N0": 4.0,
        "class": "SMCModel",
        "knots": [
            0.0007833684743151062,
            0.0014901752604375503,
            0.0027760338129704854,
            0.0051652154966983655,
            0.009746306477089677,
            0.018123332800882873,
            0.034501049042542926,
            0.07600868729680689
        ],
        "pid": "Pop1",
        "spline_class": "Piecewise",
        "y": [
            0.5440415730432114,
            0.5322412414050746,
            0.5287792962803759,
            0.4209058691704652,
            0.03473645613295238,
            -0.6719304922138054,
            -1.371743583212667,
            0.6391067871362041
        ]
    },
    "rho": 0.009996002840327433,
    "theta": 0.0001
}