{
    "alpha": 100,
    "hidden_states": {
        "Pop1": [
            0.0,
            0.0007833684743151062,
            0.001098875129076229,
            0.0014901752604375503,
            0.0020166360364557976,
            0.0027760338129704854,
            0.003812466747170812,
            0.0051652154966983655,
            0.00706710625475036,
            0.009746306477089677,
            0.013446643829987963,
            0.018123332800882873,
            0.024754704762131378,
            0.034501049042542926,
            0.049230950096605566,
            0.07600868729680689,
            62.566317047990076,
            Infinity
        ]
    },
    "model": {
        "N0": 4.0,
        "class": "SMCModel",
        "knots": [
            0.0007833684743151062,
            0.0014901752604375503,
            0.0027760338129704854,
            0.0051652154966983655,
            0.009746306477089677,
            0.018123332800882873,
            0.034501049042542926,
            0.07600868729680689
        ],
        "pid": "Pop1",
        "spline_class": "Piecewise",
        "y": [
            0.5491386932238336,
            0.6806354083127419,
            0.778982587939584,
            0.9102691825717519,
            0.8096261960595688,
            -0.014276418693543751,
            -2.0825185369269845,
            0.66453651713965
        ]
    },
    "rho": 0.009996002840327433,
    "theta": 0.0001
}