{
    "LL": -1111861.7867035288,
    "alpha": 100,
    "hidden_states": {
        "Pop1": [
            0.0,
            0.000487223920712812,
            0.0024175649447218347,
            0.011445011280713449,
            40.0383796644621,
            Infinity
        ]
    },
    "model": {
        "N0": 6.250000000000001,
        "class": "SMCModel",
        "knots": [
            0.000487223920712812,
            0.011445011280713449
        ],
        "pid": "Pop1",
        "spline_class": "Piecewise",
        "y": [
            -0.30857606636092233,
            -0.30857606636092233
        ]
    },
    "rho": 0.0001,
    "theta": 0.0001
}