{
    "LL": -136586.55032469615,
    "alpha": 100,
    "hidden_states": {
        "Pop1": [
            0.0,
            0.000487223920712812,
            0.0024175649447218347,
            0.011445011280713449,
            40.0383796644621,
            Infinity
        ]
    },
    "model": {
        "N0": 6.250000000000001,
        "class": "SMCModel",
        "knots": [
            0.000487223920712812,
            0.011445011280713449
        ],
        "pid": "Pop1",
        "spline_class": "Piecewise",
        "y": [
            7.217912680166402,
            0.5650334905531449
        ]
    },
    "rho": 0.009996002840327433,
    "theta": 0.0001
}