{
    "alpha": 100,
    "hidden_states": {
        "Pop1": [
            0.0,
            0.10544101896629064,
            0.4887861215433424,
            2.315108285968277,
            5009.886221825138,
            Infinity
        ]
    },
    "model": {
        "N0": 0.0625,
        "class": "SMCModel",
        "knots": [
            0.10544101896629064,
            2.315108285968277
        ],
        "pid": "Pop1",
        "spline_class": "Piecewise",
        "y": [
            6.546262508506248,
            6.546262508506248
        ]
    },
    "rho": 0.0001,
    "theta": 0.0001
}