{
    "alpha": 100,
    "hidden_states": {
        "Pop1": [
            0.0,
            0.10544101896629064,
            0.4887861215433424,
            2.315108285968277,
            5009.886221825138,
            Infinity
        ]
    },
    "model": {
        "N0": 0.0625,
        "class": "SMCModel",
        "knots": [
            0.10544101896629064,
            2.315108285968277
        ],
        "pid": "Pop1",
        "spline_class": "Piecewise",
        "y": [
            7.005257226860391,
            1.5462760495779588
        ]
    },
    "rho": 0.009996002840327433,
    "theta": 0.0001
}