{
    "alpha": 100,
    "hidden_states": {
        "Pop1": [
            0.0,
            0.07362905582705517,
            0.19099484548917917,
            0.4748403185630476,
            1.17578039383644,
            3.1562576807798512,
            5007.772231573196,
            Infinity
        ]
    },
    "model": {
        "N0": 0.0625,
        "class": "SMCModel",
        "knots": [
            0.07362905582705517,
            0.4748403185630476,
            3.1562576807798512
        ],
        "pid": "Pop1",
        "spline_class": "Piecewise",
        "y": [
            6.444418536275896,
            6.444418536275896,
            6.444418536275896
        ]
    },
    "rho": 0.0001,
    "theta": 0.0001
}