{
    "alpha": 100,
    "hidden_states": {
        "Pop1": [
            0.0,
            0.0004801201260224418,
            0.0006791912241127367,
            0.0009243969724043161,
            0.0012501298048309976,
            0.0017282367739969932,
            0.0023779277327635735,
            0.003199466660056034,
            0.004392735952577169,
            0.006018506322915162,
            0.00834011221641454,
            0.011263576108627056,
            0.015354307160320175,
            0.02135992375079259,
            0.030399041476370917,
            0.0464299298828475,
            80.03694238139173,
            Infinity
        ]
    },
    "model": {
        "N0": 6.250000000000001,
        "class": "SMCModel",
        "knots": [
            0.0004801201260224418,
            0.0009243969724043161,
            0.0017282367739969932,
            0.003199466660056034,
            0.006018506322915162,
            0.011263576108627056,
            0.02135992375079259,
            0.0464299298828475
        ],
        "pid": "Pop1",
        "spline_class": "Piecewise",
        "y": [
            6.468138538730133,
            5.3097597432637516,
            4.151127653252049,
            2.6496517236492005,
            0.630216456611736,
            -1.4397054582697337,
            -2.5517511104393558,
            4.515338070038775
        ]
    },
    "rho": 0.00999538595197405,
    "theta": 0.0001
}