{
    "alpha": 100,
    "hidden_states": {
        "Pop1": [
            0.0,
            0.0004801201260224418,
            0.0006791912241127367,
            0.0009243969724043161,
            0.0012501298048309976,
            0.0017282367739969932,
            0.0023779277327635735,
            0.003199466660056034,
            0.004392735952577169,
            0.006018506322915162,
            0.00834011221641454,
            0.011263576108627056,
            0.015354307160320175,
            0.02135992375079259,
            0.030399041476370917,
            0.0464299298828475,
            80.03694238139173,
            Infinity
        ]
    },
    "model": {
        "N0": 6.250000000000001,
        "class": "SMCModel",
        "knots": [
            0.0004801201260224418,
            0.0009243969724043161,
            0.0017282367739969932,
            0.003199466660056034,
            0.006018506322915162,
            0.011263576108627056,
            0.02135992375079259,
            0.0464299298828475
        ],
        "pid": "Pop1",
        "spline_class": "Piecewise",
        "y": [
            6.735213764023382,
            5.418216259296193,
            4.101292227790212,
            2.487615883703682,
            0.4530556157707061,
            -1.5350022246312214,
            -2.636851558716636,
            4.5784085050276575
        ]
    },
    "rho": 0.009996409939006554,
    "theta": 0.0001
}