{
    "alpha": 100,
    "hidden_states": {
        "Pop1": [
            0.0,
            0.07672198516608675,
            0.11927245223981053,
            0.18805764819128173,
            0.2842381962607623,
            0.4315271378921684,
            0.6409488219799232,
            0.9826370946632766,
            1.5076210735454225,
            2.330283579284387,
            3.7837842297037563,
            6.999417980757259,
            5008.392608209716,
            Infinity
        ]
    },
    "model": {
        "N0": 0.0625,
        "class": "SMCModel",
        "knots": [
            0.07672198516608675,
            0.18805764819128173,
            0.4315271378921684,
            0.9826370946632766,
            2.330283579284387,
            6.999417980757259
        ],
        "pid": "Pop1",
        "spline_class": "Piecewise",
        "y": [
            9.151066130430149,
            9.151066130430149,
            9.151066130430149,
            9.151066130430149,
            9.151066130430149,
            9.151066130430149
        ]
    },
    "rho": 0.0001,
    "theta": 0.0001
}