{
    "alpha": 100,
    "hidden_states": {
        "Pop1": [
            0.0,
            0.07761840140369139,
            0.37494690546249115,
            1.704455175867926,
            5008.425050380451,
            Infinity
        ]
    },
    "model": {
        "N0": 0.0625,
        "class": "SMCModel",
        "knots": [
            0.07761840140369139,
            1.704455175867926
        ],
        "pid": "Pop1",
        "spline_class": "Piecewise",
        "y": [
            2.8560098948049526,
            5.470391117008821
        ]
    },
    "rho": 0.009996002840327433,
    "theta": 0.0001
}