{
    "alpha": 100,
    "hidden_states": {
        "Pop1": [
            0.0,
            0.0740138359020541,
            0.10581262295164394,
            0.15351914146363768,
            0.22409759420405018,
            0.3197993339722616,
            0.4487514522538049,
            0.6286421217030271,
            0.9070781883273464,
            1.286115758590603,
            1.8483198909432155,
            2.725654549012779,
            4.148911493476483,
            7.159337844104068,
            5007.80176326584,
            Infinity
        ]
    },
    "model": {
        "N0": 0.0625,
        "class": "SMCModel",
        "knots": [
            0.0740138359020541,
            0.15351914146363768,
            0.3197993339722616,
            0.6286421217030271,
            1.286115758590603,
            2.725654549012779,
            7.159337844104068
        ],
        "pid": "Pop1",
        "spline_class": "Piecewise",
        "y": [
            6.400637068292237,
            6.400637068292237,
            6.400637068292237,
            6.400637068292237,
            6.400637068292237,
            6.400637068292237,
            6.400637068292237
        ]
    },
    "rho": 0.0001,
    "theta": 0.0001
}