{
    "alpha": 100,
    "hidden_states": {
        "Pop1": [
            0.0,
            0.0749008521587372,
            0.35786616187297565,
            1.7159728404889723,
            5008.323975973047,
            Infinity
        ]
    },
    "model": {
        "N0": 0.0625,
        "class": "SMCModel",
        "knots": [
            0.0749008521587372,
            1.7159728404889723
        ],
        "pid": "Pop1",
        "spline_class": "Piecewise",
        "y": [
            3.1529426887951115,
            5.46213725475377
        ]
    },
    "rho": 0.009996002840327433,
    "theta": 0.0001
}