{
    "alpha": 100,
    "hidden_states": {
        "Pop1": [
            0.0,
            0.00048196283872620384,
            0.00235854236357771,
            0.0107628680994783,
            0.10926561521919141,
            Infinity
        ]
    },
    "model": {
        "N0": 6.250000000000001,
        "class": "SMCModel",
        "knots": [
            0.00048196283872620384,
            0.0107628680994783
        ],
        "pid": "Pop1",
        "spline_class": "Piecewise",
        "y": [
            0.2635110309778989,
            -2.5938018598642216
        ]
    },
    "rho": 0.008066151719368673,
    "theta": 0.0001
}