{
    "alpha": 100,
    "hidden_states": {
        "Pop1": [
            0.0,
            0.07332932409240223,
            0.1428729767541434,
            0.2829873890697633,
            0.5406059656286417,
            1.037823353623022,
            2.0297982886228887,
            4.3663354460250146,
            5007.669978588223,
            Infinity
        ]
    },
    "model": {
        "N0": 0.0625,
        "class": "SMCModel",
        "knots": [
            0.07332932409240223,
            0.2829873890697633,
            1.037823353623022,
            4.3663354460250146
        ],
        "pid": "Pop1",
        "spline_class": "Piecewise",
        "y": [
            6.4470318774755535,
            6.4470318774755535,
            6.4470318774755535,
            6.4470318774755535
        ]
    },
    "rho": 0.0001,
    "theta": 0.0001
}