{
    "alpha": 100,
    "hidden_states": {
        "Pop1": [
            0.0,
            0.08043138890271671,
            0.36189141333999836,
            1.6996308171543946,
            5008.38711704645,
            Infinity
        ]
    },
    "model": {
        "N0": 0.0625,
        "class": "SMCModel",
        "knots": [
            0.08043138890271671,
            1.6996308171543946
        ],
        "pid": "Pop1",
        "spline_class": "Piecewise",
        "y": [
            6.558166209215221,
            6.558166209215221
        ]
    },
    "rho": 0.0001,
    "theta": 0.0001
}