{
    "alpha": 100,
    "hidden_states": {
        "Pop1": [
            0.0,
            0.08043138890271671,
            0.36189141333999836,
            1.6996308171543946,
            5008.38711704645,
            Infinity
        ]
    },
    "model": {
        "N0": 0.0625,
        "class": "SMCModel",
        "knots": [
            0.08043138890271671,
            1.6996308171543946
        ],
        "pid": "Pop1",
        "spline_class": "Piecewise",
        "y": [
            3.1254169272022705,
            5.501654281447381
        ]
    },
    "rho": 0.009996002840327433,
    "theta": 0.0001
}