{
    "alpha": 100,
    "hidden_states": {
        "Pop1": [
            0.0,
            0.08077722608644791,
            0.1238396311893279,
            0.18461395901803282,
            0.2766183152527422,
            0.4237523288725852,
            0.6419794115053715,
            0.9715808225163791,
            1.4864138279743155,
            2.308095821676266,
            3.7342671084935106,
            6.846921457143184,
            5008.419602988083,
            Infinity
        ]
    },
    "model": {
        "N0": 0.0625,
        "class": "SMCModel",
        "knots": [
            0.08077722608644791,
            0.18461395901803282,
            0.4237523288725852,
            0.9715808225163791,
            2.308095821676266,
            6.846921457143184
        ],
        "pid": "Pop1",
        "spline_class": "Piecewise",
        "y": [
            9.139760085577963,
            9.139760085577963,
            9.139760085577963,
            9.139760085577963,
            9.139760085577963,
            9.139760085577963
        ]
    },
    "rho": 0.0001,
    "theta": 0.0001
}