{
    "alpha": 100,
    "hidden_states": {
        "Pop1": [
            0.0,
            0.0799360111169037,
            0.12789045571864396,
            0.21728077513184307,
            0.35771493466057985,
            0.6119878931128827,
            1.0405351153692468,
            1.715329283096835,
            2.974783989140233,
            5.758800450198686,
            5008.391181272894,
            Infinity
        ]
    },
    "model": {
        "N0": 0.0625,
        "class": "SMCModel",
        "knots": [
            0.0799360111169037,
            0.21728077513184307,
            0.6119878931128827,
            1.715329283096835,
            5.758800450198686
        ],
        "pid": "Pop1",
        "spline_class": "Piecewise",
        "y": [
            9.139201480903727,
            9.139201480903727,
            9.139201480903727,
            9.139201480903727,
            9.139201480903727
        ]
    },
    "rho": 0.0001,
    "theta": 0.0001
}