{
    "alpha": 100,
    "hidden_states": {
        "Pop1": [
            0.0,
            0.08075257571061874,
            0.12912554706482984,
            0.21973084817116698,
            0.3614438341941342,
            0.6175518540272115,
            1.0531692658971283,
            1.7363233143963341,
            3.01177799570977,
            5.8619468385500335,
            5008.480168160628,
            Infinity
        ]
    },
    "model": {
        "N0": 0.0625,
        "class": "SMCModel",
        "knots": [
            0.08075257571061874,
            0.21973084817116698,
            0.6175518540272115,
            1.7363233143963341,
            5.8619468385500335
        ],
        "pid": "Pop1",
        "spline_class": "Piecewise",
        "y": [
            9.210333109028467,
            9.21033397916882,
            9.21033397916882,
            9.21033397916882,
            9.21033397916882
        ]
    },
    "rho": 0.009996002840327433,
    "theta": 0.0001
}