{
    "alpha": 100,
    "hidden_states": {
        "Pop1": [
            0.0,
            0.07407522424353698,
            0.10228962284187203,
            0.13862872248503877,
            0.1939805716025123,
            0.26631019725555527,
            0.3605771185163957,
            0.48349782810613595,
            0.6446722919127175,
            0.8918012189193019,
            1.203319102404768,
            1.6505793125079422,
            2.280715059094446,
            3.2379284334576495,
            4.742761071934701,
            8.02108965708179,
            5007.865402363267,
            Infinity
        ]
    },
    "model": {
        "N0": 0.0625,
        "class": "SMCModel",
        "knots": [
            0.07407522424353698,
            0.13862872248503877,
            0.26631019725555527,
            0.48349782810613595,
            0.8918012189193019,
            1.6505793125079422,
            3.2379284334576495,
            8.02108965708179
        ],
        "pid": "Pop1",
        "spline_class": "Piecewise",
        "y": [
            2.281890084505058,
            2.281890084505058,
            2.281890084505058,
            2.490051950828888,
            3.12868580032082,
            3.82375472019664,
            4.413712603195285,
            5.926723680840923
        ]
    },
    "rho": 0.009996002840327433,
    "theta": 0.0001
}