{
    "alpha": 100,
    "hidden_states": {
        "Pop1": [
            0.0,
            0.07671486647728261,
            0.10563945503804194,
            0.14565746205965233,
            0.20115055696795126,
            0.2750235082841422,
            0.37145644840425274,
            0.49803047771271436,
            0.663274602774803,
            0.9145615003650497,
            1.2314027234242584,
            1.686328222157104,
            2.346399301346895,
            3.352412804363085,
            4.940434069381347,
            8.719972196067934,
            5008.294488627917,
            Infinity
        ]
    },
    "model": {
        "N0": 0.0625,
        "class": "SMCModel",
        "knots": [
            0.07671486647728261,
            0.14565746205965233,
            0.2750235082841422,
            0.49803047771271436,
            0.9145615003650497,
            1.686328222157104,
            3.352412804363085,
            8.719972196067934
        ],
        "pid": "Pop1",
        "spline_class": "Piecewise",
        "y": [
            9.21033317782328,
            9.210333781201552,
            9.210333781201552,
            9.210333781201552,
            9.210333781201552,
            9.210333781201552,
            9.210333781201552,
            9.210333781201552
        ]
    },
    "rho": 0.009996002840327433,
    "theta": 0.0001
}