{
    "alpha": 100,
    "hidden_states": {
        "Pop1": [
            0.0,
            0.0749983211839421,
            0.10182277320478977,
            0.13416776099026748,
            0.18651581816500873,
            0.25537023881177834,
            0.34252145826235575,
            0.4741401599834297,
            0.6499540582553289,
            0.8914702846313989,
            1.216875651900038,
            1.641995011414322,
            2.2653909299535213,
            3.1891467505872098,
            4.678891281448411,
            7.865522750709988,
            5007.860941755631,
            Infinity
        ]
    },
    "model": {
        "N0": 0.0625,
        "class": "SMCModel",
        "knots": [
            0.0749983211839421,
            0.13416776099026748,
            0.25537023881177834,
            0.4741401599834297,
            0.8914702846313989,
            1.641995011414322,
            3.1891467505872098,
            7.865522750709988
        ],
        "pid": "Pop1",
        "spline_class": "Piecewise",
        "y": [
            6.435654702841327,
            6.435654702841327,
            6.435654702841327,
            6.435654702841327,
            6.435654702841327,
            6.435654702841327,
            6.435654702841327,
            6.435654702841327
        ]
    },
    "rho": 0.0001,
    "theta": 0.0001
}