{
    "alpha": 100,
    "hidden_states": {
        "Pop1": [
            0.0,
            0.07060323852217963,
            0.18331305747469367,
            0.46779479151533354,
            1.1994821313259654,
            3.152663871464512,
            5007.835285110044,
            Infinity
        ]
    },
    "model": {
        "N0": 0.0625,
        "class": "SMCModel",
        "knots": [
            0.07060323852217963,
            0.46779479151533354,
            3.152663871464512
        ],
        "pid": "Pop1",
        "spline_class": "Piecewise",
        "y": [
            6.431356862594415,
            6.431356862594415,
            6.431356862594415
        ]
    },
    "rho": 0.0001,
    "theta": 0.0001
}