{
    "alpha": 100,
    "hidden_states": {
        "Pop1": [
            0.0,
            0.000539215353222848,
            0.0007372153582742431,
            0.000995246364050183,
            0.00133780392033803,
            0.0018078273686990812,
            0.0024158681154793824,
            0.003297682465484085,
            0.004469151094398596,
            0.00611451840396757,
            0.008254910699185755,
            0.01131380034389341,
            0.015516807776453301,
            0.021470409648913693,
            0.030946049456517948,
            0.04731532827231993,
            40.03585869016473,
            Infinity
        ]
    },
    "model": {
        "N0": 6.250000000000001,
        "class": "SMCModel",
        "knots": [
            0.000539215353222848,
            0.000995246364050183,
            0.0018078273686990812,
            0.003297682465484085,
            0.00611451840396757,
            0.01131380034389341,
            0.021470409648913693,
            0.04731532827231993
        ],
        "pid": "Pop1",
        "spline_class": "Piecewise",
        "y": [
            0.900254568013127,
            0.6403119179407806,
            0.35740173233122335,
            -0.3380194457901943,
            -1.5406540224059946,
            -2.274262757973604,
            -2.274262757973604,
            0.14797842315184992
        ]
    },
    "rho": 0.0021661994656234787,
    "theta": 0.0001
}