{
    "alpha": 100,
    "hidden_states": {
        "Pop1": [
            0.0,
            0.08205946756235877,
            0.13006462934054577,
            0.22173242478808222,
            0.36482018535774274,
            0.623554002525468,
            1.0625629964914773,
            1.756616623317307,
            3.043891732793536,
            5.965064051503797,
            5008.536653745228,
            Infinity
        ]
    },
    "model": {
        "N0": 0.0625,
        "class": "SMCModel",
        "knots": [
            0.08205946756235877,
            0.22173242478808222,
            0.623554002525468,
            1.756616623317307,
            5.965064051503797
        ],
        "pid": "Pop1",
        "spline_class": "Piecewise",
        "y": [
            9.210334850193563,
            9.210333995640381,
            9.210333995640381,
            9.210333995640381,
            9.210333995640381
        ]
    },
    "rho": 0.009996002840327433,
    "theta": 0.0001
}