{
    "alpha": 100,
    "hidden_states": {
        "Pop1": [
            0.0,
            0.07781512376301628,
            0.11112498954009052,
            0.15755625617550448,
            0.22744340668491256,
            0.32528012205579093,
            0.46721819717715574,
            0.6703620124973336,
            0.9661919346092245,
            1.3732851187661015,
            1.9727422449435525,
            2.89267007549756,
            4.430130070599878,
            7.965511768103161,
            5008.430483863702,
            Infinity
        ]
    },
    "model": {
        "N0": 0.0625,
        "class": "SMCModel",
        "knots": [
            0.07781512376301628,
            0.15755625617550448,
            0.32528012205579093,
            0.6703620124973336,
            1.3732851187661015,
            2.89267007549756,
            7.965511768103161
        ],
        "pid": "Pop1",
        "spline_class": "Piecewise",
        "y": [
            9.139646165399247,
            9.139646165399247,
            9.139646165399247,
            9.139646165399247,
            9.139646165399247,
            9.139646165399247,
            9.139646165399247
        ]
    },
    "rho": 0.0001,
    "theta": 0.0001
}