{
    "alpha": 100,
    "hidden_states": {
        "Pop1": [
            0.0,
            0.074389426506418,
            0.35919881331338727,
            1.6306332114689188,
            5007.911623761,
            Infinity
        ]
    },
    "model": {
        "N0": 0.0625,
        "class": "SMCModel",
        "knots": [
            0.074389426506418,
            1.6306332114689188
        ],
        "pid": "Pop1",
        "spline_class": "Piecewise",
        "y": [
            6.3740074365619614,
            6.3740074365619614
        ]
    },
    "rho": 0.0001,
    "theta": 0.0001
}