{"Parameters":{"0":{"Kappa":10,"Tau":0.1}},"Positive hit":{"0":2},"Model0 ll":{"0":[-11203.0969486237,-11867.5483610317]},"Model1 ll":{"0":[-6397.0607426009,-155.2009656672]},"SNPs":{"0":[1022142,1015919]}}