{"Parameters":{"0":{"Kappa":10,"Tau":6.3095734448}},"Positive hit":{"0":2},"Model0 ll":{"0":[-3054.2972460047,-2995.346701523]},"Model1 ll":{"0":[-181.1426094156,-130.6030615941]},"SNPs":{"0":[145917,145261]}}