{"Parameters":{"0":{"Kappa":10,"Tau":0.0005011872}},"Positive hit":{"0":0},"Model0 ll":{"0":[-173.259227058,-151.9912914951]},"Model1 ll":{"0":[-173.2592270687,-207.6062282611]},"SNPs":{"0":[1128130,1142824]}}