{"Parameters":{"0":{"Kappa":10,"Tau":50.1187233627}},"Positive hit":{"0":0},"Model0 ll":{"0":[-144.1937835756,-117.8476814898]},"Model1 ll":{"0":[-167.4528916485,-117.8476814901]},"SNPs":{"0":[114403,113658]}}