{"Parameters":{"0":{"Kappa":10,"Tau":79.4328234724}},"Positive hit":{"0":0},"Model0 ll":{"0":[-120.6661138133,-127.8343484491]},"Model1 ll":{"0":[-120.2843546171,-127.6501122782]},"SNPs":{"0":[114383,113011]}}