{"Parameters":{"0":{"Kappa":10,"Tau":0.0630957344}},"Positive hit":{"0":2},"Model0 ll":{"0":[-5317.159693008,-5700.5657213537]},"Model1 ll":{"0":[-135.9401002403,-201.0833541779]},"SNPs":{"0":[1058430,1061815]}}