{"Parameters":{"0":{"Kappa":10,"Tau":0.1584893192}},"Positive hit":{"0":2},"Model0 ll":{"0":[-20370.421217983,-19889.2600879845]},"Model1 ll":{"0":[-9795.9572430735,-9395.8303430834]},"SNPs":{"0":[959927,962450]}}