{"Parameters":{"0":{"Kappa":10,"Tau":10.0}},"Positive hit":{"0":2},"Model0 ll":{"0":[-227.4914111199,-253.3293972339]},"Model1 ll":{"0":[-135.1786401199,-226.0141363638]},"SNPs":{"0":[119058,118096]}}