{"Parameters":{"0":{"Kappa":10,"Tau":501.1872336273}},"Positive hit":{"0":1},"Model0 ll":{"0":[-135.3073106246,-116.006804694]},"Model1 ll":{"0":[-129.059979794,-115.1401913262]},"SNPs":{"0":[113188,114836]}}