{"Parameters":{"0":{"Kappa":10,"Tau":0.0398107171}},"Positive hit":{"0":2},"Model0 ll":{"0":[-2936.8772047858,-3110.8019767758]},"Model1 ll":{"0":[-151.6736468201,-1948.5527705148]},"SNPs":{"0":[1079360,1077518]}}