{"Parameters":{"0":{"Kappa":10,"Tau":0.0019952623}},"Positive hit":{"0":1},"Model0 ll":{"0":[-287.2446050094,-193.2892752529]},"Model1 ll":{"0":[-153.2982926292,-193.2892752755]},"SNPs":{"0":[1128695,1128619]}}