{"Parameters":{"0":{"Kappa":10,"Tau":0.2511886432}},"Positive hit":{"0":2},"Model0 ll":{"0":[-35897.5978455564,-35352.4003192873]},"Model1 ll":{"0":[-153.5889209533,-15076.289882922]},"SNPs":{"0":[892876,897552]}}