{"Parameters":{"0":{"Kappa":10,"Tau":0.0001258925}},"Positive hit":{"0":0},"Model0 ll":{"0":[-142.9624050975,-150.8332663836]},"Model1 ll":{"0":[-205.3991302837,-150.8332663871]},"SNPs":{"0":[1137288,1136262]}}