{"Parameters":{"0":{"Kappa":10,"Tau":251.188643151}},"Positive hit":{"0":0},"Model0 ll":{"0":[-117.9166621016,-123.8899254024]},"Model1 ll":{"0":[-117.7296867429,-142.3176933778]},"SNPs":{"0":[113072,113875]}}