{
    "alpha": 100,
    "hidden_states": {
        "Pop1": [
            0.0,
            0.07403684672357892,
            0.14561710859721003,
            0.28585813411816263,
            0.5462686531082991,
            1.0511385020298558,
            2.0620344629312855,
            4.440576875338034,
            5007.8100367763145,
            Infinity
        ]
    },
    "model": {
        "N0": 0.0625,
        "class": "SMCModel",
        "knots": [
            0.07403684672357892,
            0.28585813411816263,
            1.0511385020298558,
            4.440576875338034
        ],
        "pid": "Pop1",
        "spline_class": "Piecewise",
        "y": [
            6.46924535161716,
            6.46924535161716,
            6.46924535161716,
            6.46924535161716
        ]
    },
    "rho": 0.0001,
    "theta": 0.0001
}