{
    "alpha": 100,
    "hidden_states": {
        "Pop1": [
            0.0,
            0.07633858171124219,
            0.10451663895223551,
            0.14025691404237775,
            0.18781079275094173,
            0.25724390521468515,
            0.34767764305075316,
            0.4732243744723276,
            0.6390082313073,
            0.8743251282857417,
            1.1844207982381398,
            1.6247357823529054,
            2.2613155012880126,
            3.161239591452085,
            4.613022475781428,
            7.693925627091359,
            5007.8270403935185,
            Infinity
        ]
    },
    "model": {
        "N0": 0.0625,
        "class": "SMCModel",
        "knots": [
            0.07633858171124219,
            0.14025691404237775,
            0.25724390521468515,
            0.4732243744723276,
            0.8743251282857417,
            1.6247357823529054,
            3.161239591452085,
            7.693925627091359
        ],
        "pid": "Pop1",
        "spline_class": "Piecewise",
        "y": [
            6.163126902711947,
            5.177214823268088,
            5.190087548828018,
            5.310612963803877,
            5.431358732905135,
            5.414537061700784,
            4.410370433696596,
            5.427100533024213
        ]
    },
    "rho": 0.009996002840327433,
    "theta": 0.0001
}