{
    "alpha": 100,
    "hidden_states": {
        "Pop1": [
            0.0,
            0.07371436284224699,
            0.35527143917762244,
            1.612838331600696,
            5007.798659346218,
            Infinity
        ]
    },
    "model": {
        "N0": 0.0625,
        "class": "SMCModel",
        "knots": [
            0.07371436284224699,
            1.612838331600696
        ],
        "pid": "Pop1",
        "spline_class": "Piecewise",
        "y": [
            6.353671771456268,
            6.353671771456268
        ]
    },
    "rho": 0.0001,
    "theta": 0.0001
}