{
    "alpha": 100,
    "hidden_states": {
        "Pop1": [
            0.0,
            0.00048722392071281193,
            0.0024175649447218343,
            0.011445011280713447,
            40.0383796644621,
            Infinity
        ]
    },
    "model": {
        "N0": 6.250000000000001,
        "class": "SMCModel",
        "knots": [
            0.00048722392071281193,
            0.011445011280713447
        ],
        "pid": "Pop1",
        "spline_class": "Piecewise",
        "y": [
            7.231108691320572,
            0.5663762253254541
        ]
    },
    "rho": 0.009996002840327433,
    "theta": 0.0001
}