{
    "alpha": 100,
    "hidden_states": {
        "Pop1": [
            0.0,
            0.0005394684377071062,
            0.0007724482680530398,
            0.0010929381635927094,
            0.0015442655589117907,
            0.002160764340144261,
            0.0030686937984889993,
            0.004371728746634243,
            0.0062711948568913494,
            0.008869015761882171,
            0.012745221798146224,
            0.018493223294316883,
            0.02764421775548018,
            0.044017923357562744,
            40.035825239533835,
            Infinity
        ]
    },
    "model": {
        "N0": 6.250000000000001,
        "class": "SMCModel",
        "knots": [
            0.0005394684377071062,
            0.0010929381635927094,
            0.002160764340144261,
            0.004371728746634243,
            0.008869015761882171,
            0.018493223294316883,
            0.044017923357562744
        ],
        "pid": "Pop1",
        "spline_class": "Piecewise",
        "y": [
            1.0831287549854995,
            0.5347005848044296,
            0.03590957580805351,
            -1.0155688452329736,
            -2.1603304284289,
            -2.1603304284289,
            0.1770201330100799
        ]
    },
    "rho": 0.002434179500801262,
    "theta": 0.0001
}