{
    "alpha": 100,
    "hidden_states": {
        "Pop1": [
            0.0,
            0.0005394684377071062,
            0.0007724482680530398,
            0.0010929381635927094,
            0.0015442655589117907,
            0.002160764340144261,
            0.0030686937984889993,
            0.004371728746634243,
            0.0062711948568913494,
            0.008869015761882171,
            0.012745221798146224,
            0.018493223294316883,
            0.02764421775548018,
            0.044017923357562744,
            40.035825239533835,
            Infinity
        ]
    },
    "model": {
        "N0": 6.250000000000001,
        "class": "SMCModel",
        "knots": [
            0.0005394684377071062,
            0.0010929381635927094,
            0.002160764340144261,
            0.004371728746634243,
            0.008869015761882171,
            0.018493223294316883,
            0.044017923357562744
        ],
        "pid": "Pop1",
        "spline_class": "Piecewise",
        "y": [
            2.1050923584840153,
            1.6706144608204765,
            1.2258142018991423,
            0.7267513858690017,
            -0.44571561342275984,
            -3.1387521237342106,
            0.6293451596598368
        ]
    },
    "rho": 0.009996002840327433,
    "theta": 0.0001
}