{
    "alpha": 100,
    "hidden_states": {
        "Pop1": [
            0.0,
            0.07689776205302282,
            0.10675277461236016,
            0.14690212749171058,
            0.20187567727687997,
            0.27563589881291667,
            0.3734393702232046,
            0.500953100741132,
            0.6671976936028046,
            0.9191508379364707,
            1.2396569488095759,
            1.6955392885487484,
            2.3619933559268222,
            3.3772836375332846,
            4.988487346252202,
            8.91429220194803,
            5008.313065035281,
            Infinity
        ]
    },
    "model": {
        "N0": 0.0625,
        "class": "SMCModel",
        "knots": [
            0.07689776205302282,
            0.14690212749171058,
            0.27563589881291667,
            0.500953100741132,
            0.9191508379364707,
            1.6955392885487484,
            3.3772836375332846,
            8.91429220194803
        ],
        "pid": "Pop1",
        "spline_class": "Piecewise",
        "y": [
            9.210332793831599,
            9.210333962473937,
            9.210333962473937,
            9.210333962473937,
            9.210333962473937,
            9.210333962473937,
            9.210333962473937,
            9.210333962473937
        ]
    },
    "rho": 0.009996002840327433,
    "theta": 0.0001
}