{"Tau":{"0":0.0003162278},"Kappa":{"0":10},"Positive hit":{"0":29},"Model0 ll":{"0":[-143.8484733325,-121.1428570315,-146.3187031996,-142.8063814854,-127.0937515371,-127.1847211543,-143.3748709736,-124.8859154482,-135.9044416054,-127.5822782891,-143.087496447,-116.001811335,-121.8749475765,-136.9539002899,-133.3246635624,-133.4632617609,-137.5768265194,-154.7191750193,-134.5135832627,-137.5018737946,-133.1462393747,-133.4090872656,-124.0931621777,-122.6373731797,-114.4490008508,-123.3892051071,-127.1092163671,-139.889509969,-145.158228887,-122.6180528794,-146.0938853381,-145.3606293029,-130.6331077148,-147.5198595171,-118.9635671301,-142.0699957818,-136.8725658835,-133.9888386552,-126.46826732,-135.9945577558,-122.8128164969,-128.5039771244,-133.5110200656,-134.7100067675,-122.7053648664,-160.355386469,-231.5951316931,-132.8374825734,-154.8951752552,-152.6259831165,-129.4987778754,-130.7946663627,-134.2846647915,-121.7276030929,-129.3249645318,-119.1866329886,-122.6681017555,-134.0924578549,-138.653443953,-220.6439003081,-124.241248858,-146.3357143301,-118.2011577815,-127.72155988,-141.905680498,-126.4993969699,-148.4776172041,-119.805013891,-152.3167314068,-162.1239758458,-189.8430986008,-155.9582145999,-134.0320524783,-134.6741936865,-125.4170368349,-151.9152732811,-130.027332888,-127.3525191667,-138.5760168505,-124.1217584486,-124.5674317438,-131.5756057623,-135.8494959187,-137.615796546,-123.0361425149,-136.1039285343,-139.2120284099,-132.8634398429,-134.406588392,-161.0264070352,-138.8000590794,-134.5156854028,-135.4876564625,-188.7368649903,-134.0372099696,-136.6025871372,-131.614062338,-149.8138333737,-115.8164137151,-129.1981873745]},"Model1 ll":{"0":[-143.4937641143,-121.1428550789,-124.346844125,-142.806371331,-127.5027568191,-127.57431129,-130.2166006481,-124.7624730986,-135.8619504787,-126.8678666676,-143.598137988,-116.2029530534,-121.6636108414,-136.4482022767,-133.4838322422,-133.8645989741,-137.3594807835,-150.5795870098,-127.5655625151,-137.4988192272,-133.1463243428,-133.4090901919,-124.4280489617,-122.8205556127,-111.5799892448,-121.0897584028,-127.0696523797,-133.0503897436,-134.8413394318,-122.2735826638,-146.0938853373,-145.3606364059,-130.2077150953,-133.6869618986,-117.4721995933,-142.0701258066,-134.7320211441,-133.988844564,-124.4967488126,-125.5523134898,-121.0961660532,-125.3537570827,-133.5753263876,-133.9122086427,-120.7464478819,-130.6018799527,-139.7911491791,-132.5368966273,-133.1799463033,-137.0522306226,-129.5175031382,-130.6205960522,-131.8816791756,-121.7276030929,-129.3249645319,-118.4853215928,-123.0941798662,-134.7888396505,-131.596337849,-127.2352976674,-124.3180987057,-147.1286640456,-118.1513560626,-126.6026683226,-141.4890255552,-126.8799772424,-148.7050562324,-119.8050119393,-146.0301237118,-161.9096443537,-148.9433487538,-152.322314651,-134.0320572033,-134.7870681549,-125.6770325003,-152.5231042305,-129.6941562399,-122.020090196,-139.0886813262,-124.2064301178,-124.5674351426,-132.0335921307,-136.2407953129,-130.6107919023,-123.0662202422,-136.1039295735,-139.5084000083,-125.5518937314,-134.5813721886,-160.4048792584,-131.8174508097,-134.8858148823,-134.8461244546,-147.3897128795,-134.0372099727,-136.7956776452,-131.8972859789,-149.8392526281,-115.8599664969,-127.2922085648]}}