{"Tau":{"0":0.1258925412},"Kappa":{"0":10},"Positive hit":{"0":100},"Model0 ll":{"0":[-4293.286310628,-4302.61922463,-3931.4812064549,-4068.6298140258,-4245.1293521896,-3726.9793884439,-4086.838803452,-3844.2685612952,-3848.548328796,-3842.5747856026,-3946.209404223,-3653.9557500865,-4092.5096572242,-3606.1201225061,-4378.5805348698,-3899.3761532222,-4240.3884395253,-3254.9237215419,-4355.9230852449,-3768.887770586,-3891.0060379273,-4316.1452441707,-3901.8459304107,-4902.649043527,-3937.3195157103,-3359.6595657539,-3990.6609413752,-4697.5385788436,-4031.8002951621,-3660.4483211086,-5003.4776410235,-4118.0047595718,-4679.9397520125,-3709.3611098356,-3999.2343683621,-4145.5276058269,-3415.1834532227,-4358.8996241653,-3965.2288907643,-3671.5976885315,-5299.0028752651,-3705.17569123,-4590.2927451735,-3817.0697155399,-4114.0716147799,-3753.6987041672,-3956.3953849875,-3957.4071536694,-4210.4489092182,-3650.5284836878,-4202.1342027849,-3982.0554565379,-4152.918847983,-4316.4682031084,-3769.1733975973,-3876.9534555261,-4112.2289901998,-3701.5245067024,-3669.0687241278,-3171.8764581717,-3789.7262303193,-3849.8084042791,-3708.6477080475,-2857.0344674144,-3840.6575782383,-3944.4032775103,-3562.2450168846,-4505.5322054915,-3805.7573066168,-3521.8434654477,-3910.4744944742,-3502.6539557236,-3976.634501403,-4548.448551867,-3699.1098379678,-4419.5886217259,-4286.7750624143,-4029.5513623091,-4867.6047266621,-3909.1070777953,-3835.1701332283,-3960.1676997772,-4478.7994825485,-3639.8050177615,-3978.4915582439,-3773.7737050706,-4274.9973383342,-4040.1520921759,-3860.6916396462,-4492.5712647699,-3593.358139776,-3693.2165318678,-3472.6020715113,-3970.0961170497,-4040.1752766637,-4184.6879120712,-4345.8469981309,-3856.7490927,-3872.8250401869,-4145.5565878329]},"Model1 ll":{"0":[-133.1440042364,-154.8365309361,-147.349742503,-134.1453082347,-129.3085345134,-158.8266105199,-160.53854941,-185.2069376045,-153.9619063267,-164.5847767977,-150.5049108103,-119.4983969859,-134.9770735205,-144.7935145604,-170.9661572696,-182.1587676455,-159.9098132565,-156.6500166859,-150.7217360834,-154.4404611837,-128.3282512049,-150.0532603101,-129.2332469642,-170.8225827034,-130.9526601201,-134.056799325,-123.9353207479,-148.0793475323,-134.7715376292,-127.8998809629,-158.027033126,-155.4250686585,-183.6596809629,-160.5566202801,-156.3062384816,-126.0770882005,-141.0595451121,-135.2589781077,-141.6598331459,-125.6653302937,-172.5689767433,-153.1378166861,-141.4022393582,-129.2480953565,-128.6529159954,-120.4880978562,-129.465251551,-132.7503763783,-201.0687976421,-145.7399458048,-126.7968784154,-150.8538848801,-164.3800209315,-217.2127306912,-151.8353872946,-135.0410536162,-142.4589813535,-132.2697809363,-120.1268915297,-119.4637452623,-147.9792418101,-159.6473829024,-147.9505126538,-146.4061021406,-151.7456134758,-146.0611680051,-150.6157658432,-151.1320790561,-131.0539888965,-129.2608672598,-142.552284808,-125.4623189,-146.1937163035,-146.1829014763,-162.8475596184,-146.0107538848,-133.9377039625,-143.4764370126,-142.7248040502,-139.6028939627,-139.2087060356,-139.8243773299,-164.271902703,-133.2730161357,-127.2405323916,-126.5115993686,-136.6472982584,-130.2483049943,-148.1452221716,-133.220620516,-126.0228988407,-145.0451893426,-132.5947741468,-158.6035438717,-141.2962930402,-154.1830232651,-141.6217493539,-119.9109759979,-146.3170395777,-147.9937312328]}}