{"Tau":{"0":0.0001584893},"Kappa":{"0":10},"Positive hit":{"0":27},"Model0 ll":{"0":[-147.7357173536,-140.4673832033,-132.7573388722,-147.6796461863,-131.8268082093,-124.8344436396,-122.6217079457,-125.0117863305,-126.0581496594,-140.532805469,-145.5638233223,-142.2834772241,-125.68873826,-129.7757421404,-119.9625571633,-142.1540974124,-140.9556442769,-131.2362938022,-135.8892796817,-131.0403142251,-130.9986079893,-119.6473448668,-119.4227726313,-134.4070837356,-129.0634902004,-124.0452852077,-127.3823816483,-125.921208145,-122.2454265446,-120.9426775785,-126.9875836734,-130.7049011953,-136.7368019552,-130.3181478075,-141.0098240811,-147.8096962111,-140.2323235351,-136.0298753646,-140.0716048669,-159.7082073489,-136.2775798385,-135.114507179,-131.8974682748,-120.7063508556,-122.2854446969,-134.5811325944,-123.8173336234,-142.2223923388,-123.36515782,-131.3289858004,-124.0924635099,-118.4479275521,-131.5977394622,-135.4608059149,-135.6617412546,-120.3136643439,-138.4726060357,-124.5791990114,-132.2742516643,-126.8707323013,-120.5819610686,-124.8917551645,-122.9364454588,-145.098781709,-130.0938690093,-122.7797388236,-150.701168576,-120.0662780973,-135.2216940558,-131.2107912977,-134.7026659687,-134.6123916288,-143.2558959394,-121.4666483022,-124.1920373309,-161.5027467611,-126.8197215097,-142.2947956315,-142.7506255927,-133.6439512502,-159.8941871624,-120.9873025974,-140.0690843586,-123.7635439644,-119.2352274572,-134.575716741,-140.0445566781,-142.0561192376,-137.6668554795,-125.0049217185,-145.7555561483,-131.7433025194,-120.6811189637,-119.7682769111,-124.9258574613,-132.7187343741,-130.3143485378,-129.6430685154,-128.9552450796,-149.1942863076]},"Model1 ll":{"0":[-134.7126685268,-140.5646131346,-131.03069322,-147.9167595869,-128.9124464959,-124.8344438914,-122.6217072505,-124.9366108655,-122.2900386682,-139.7032192194,-145.6056374511,-134.4694728244,-126.128174687,-128.8959311454,-120.2144911376,-141.6577774681,-140.176543078,-131.1311498777,-135.8892813805,-131.1189574531,-130.4229329973,-119.9471973014,-119.0901064403,-134.4272622682,-129.116166749,-121.0873708917,-127.1179923396,-126.1090308359,-121.4807428444,-120.9248583325,-124.8692460183,-131.0509122899,-137.2805291845,-130.4785230607,-123.5246449081,-148.0360384175,-141.0864197899,-136.1507614413,-140.071603222,-140.266697817,-136.8260771122,-130.9437543923,-132.108207882,-119.718655502,-121.7847265259,-135.0472566995,-123.6472126192,-142.2223953577,-123.4771523903,-130.8497741242,-121.8451394428,-118.7783665539,-129.6521096554,-135.5101505703,-136.0888633239,-120.3136662689,-126.9385986984,-124.4064176932,-132.0283585505,-127.5864187653,-118.4379571347,-124.9597895255,-117.5187116942,-143.8596943831,-130.2246773098,-122.8209703811,-147.6956708886,-119.9355384385,-135.2216931163,-128.8370270579,-130.2850628106,-134.6123916291,-143.6593064482,-121.5814627463,-122.9029491577,-154.5669067193,-126.8197260108,-129.359220261,-132.5295565019,-133.6218647525,-140.6291851501,-121.2324719227,-138.4107527971,-123.7635477473,-118.7963252269,-134.6089460037,-140.0445608419,-129.9765425295,-132.5927084216,-125.0049238596,-137.5471718368,-130.2737148856,-120.8752756152,-119.8495083576,-124.7207082399,-128.8339456074,-130.2176223124,-130.0256531899,-121.7943866984,-136.4026233328]}}