{"Tau":{"0":0.0158489319},"Kappa":{"0":10},"Positive hit":{"0":100},"Model0 ll":{"0":[-208.9830853585,-202.9131027927,-359.3021505151,-304.9012092645,-247.4043119343,-162.3402762074,-362.1338901772,-342.8140134221,-229.403861333,-335.9415331965,-187.169303785,-274.207779571,-302.8305416471,-205.075987803,-304.2619577874,-226.5844869009,-349.148626162,-275.4245145453,-353.6804840487,-274.4328340722,-289.4374995698,-224.1090014323,-308.0390004389,-192.3892635604,-337.9182408109,-152.1498469141,-238.1677755983,-215.978848237,-266.5045135991,-177.0037195074,-413.2554776684,-315.5026524602,-226.9121944429,-497.9035164841,-404.6299965551,-181.079734778,-253.8879317295,-312.8834402403,-182.9619044432,-252.9980967498,-192.8603848529,-307.833606957,-253.7774933969,-167.6510680283,-196.1589082201,-249.382365361,-327.9127303855,-286.3194145124,-161.7795118823,-219.2929966837,-245.987010775,-261.9167148449,-447.106631621,-325.7328991919,-191.4495071291,-166.8023455707,-261.7888317968,-171.3267298591,-242.8295643021,-301.595588372,-302.1840733675,-336.0198808684,-185.5430151705,-254.6763624908,-325.8482410485,-339.4438786365,-228.8510365295,-180.9003487602,-284.0783727918,-537.3932623184,-387.1191070344,-317.7107652521,-290.4887170147,-261.196255346,-181.3953212088,-260.6208169983,-151.567981713,-237.9764078481,-357.037914424,-208.8922513179,-184.1693689457,-349.4461523245,-290.1408698236,-371.8220293404,-283.7030188561,-155.0344207283,-275.3804058467,-317.3868950369,-366.822659395,-542.4761897675,-277.21771957,-213.2989622721,-243.8016943568,-521.4353888768,-294.0440933975,-271.0351441638,-225.5713446319,-282.7156018078,-258.8082433271,-359.9923270134]},"Model1 ll":{"0":[-139.7359278065,-172.9673352522,-147.0597971799,-125.9405214914,-129.5011138374,-128.9241638896,-139.7191501762,-136.3965919909,-118.7222740633,-129.9057742561,-131.9587432952,-128.5512803876,-131.8727263054,-144.392166885,-131.1627123918,-147.9195531513,-150.8708996311,-139.1403134983,-119.9192512455,-141.6076027426,-120.9369165005,-129.9858275148,-130.2412172046,-136.4531538204,-148.1391223369,-120.9440279208,-129.7275679253,-139.4399105182,-125.6766357695,-138.2630933387,-126.9297033407,-125.8484402396,-116.8433339654,-152.4552545735,-122.3940509522,-141.9175486427,-121.2612261944,-120.7728578285,-128.4149559137,-127.2724988556,-135.6289316238,-140.0476700814,-121.5223750729,-122.2178266279,-142.1998811175,-124.0108425548,-124.1312264083,-149.0344743386,-134.2458103388,-128.1691618159,-126.3814627767,-137.6041827068,-128.7421412249,-127.7075336864,-132.1069091464,-120.250852791,-119.231468363,-133.434941294,-115.1287184529,-144.8500240897,-149.958668892,-134.841883088,-127.0416027048,-153.0024667439,-138.7675943786,-128.7048499323,-120.7510746054,-120.8873145526,-142.2941371801,-167.3175712561,-124.4525035165,-125.0962681286,-129.8266236343,-131.8634173426,-120.8770438947,-131.5464055458,-112.1595976876,-127.1345696682,-144.0687728932,-140.1830829057,-127.1625197303,-135.9482081696,-135.3852701295,-135.9751632323,-131.5361891831,-126.9035778296,-138.6683243121,-125.2369002674,-119.0478568995,-137.3990495864,-110.8549480874,-144.3326939389,-114.5355978248,-122.1392839991,-128.5091486052,-135.7348550443,-125.9395589706,-138.2178536994,-142.9450064582,-126.1758179076]}}