{"Tau":{"0":0.0019952623},"Kappa":{"0":10},"Positive hit":{"0":49},"Model0 ll":{"0":[-210.4468337568,-162.8993563204,-121.8307267174,-154.5654122318,-150.9896774832,-134.2649445499,-130.2771029175,-126.4049494355,-119.065896727,-129.7070798156,-134.4618524859,-130.6618631693,-143.1429002204,-132.3164142298,-118.4548162979,-136.4086820537,-148.8554763542,-147.0222096099,-114.7127093967,-124.3638400992,-146.8694308215,-133.3487366826,-141.3778720094,-127.089611382,-142.6641214268,-124.6105126656,-126.5215440533,-264.9409858386,-123.7096575873,-205.4151241093,-123.7732763492,-122.940231014,-150.2371382535,-130.872569819,-227.7580776544,-158.4438688286,-142.830371026,-157.5122491885,-157.6291107473,-120.6081481592,-158.8299025562,-130.4244583872,-125.5193728879,-147.9257157794,-126.8005223018,-128.2976877337,-128.1685025991,-155.2391776918,-142.457402518,-123.0072476535,-150.1937239952,-143.9943856594,-144.260549315,-130.347281771,-125.9718447921,-124.1953364126,-169.8323136182,-130.7786931905,-124.1883522044,-146.428801943,-144.572073232,-128.0976183467,-118.9887565953,-126.7738298219,-123.827434165,-138.2768596246,-139.6433532936,-149.9112769293,-177.6313697899,-134.360915542,-141.3495953767,-130.4794032273,-132.7938400921,-160.8923467021,-135.7878751319,-137.7829200336,-170.3553971302,-127.8325322856,-128.3453485756,-134.8724577799,-132.4534027148,-157.9628820227,-143.3491472898,-135.3950114799,-152.2606227927,-393.4709498292,-127.8820851009,-128.6470763515,-203.6889685728,-133.5540922031,-137.0612761078,-137.0461804203,-157.5919807459,-165.9185574971,-139.9063762841,-139.8388075072,-144.2837439928,-160.7389092098,-134.6129275494,-190.8746228099]},"Model1 ll":{"0":[-134.701588733,-142.2770097319,-114.1585944727,-145.4367305078,-123.1593083435,-133.890810502,-130.4208749719,-126.5932955,-119.3787415632,-129.7613950188,-132.2678420939,-130.1185619353,-139.5614282842,-128.9061189336,-118.3151670365,-133.1468608915,-139.9415511452,-124.2768307574,-114.7127119247,-122.7442795059,-138.7662441437,-130.6963667663,-139.0046896783,-127.0551311765,-124.0898829909,-124.7090796133,-126.5963634402,-133.0247525955,-123.6838315333,-140.5232797975,-123.7732779089,-123.1212569132,-123.8766093128,-128.5794411695,-121.9916286447,-158.6615402273,-119.8316115035,-144.2503004284,-149.3589322752,-115.7633071238,-129.5829681487,-130.6725101837,-123.4181231328,-146.3547571294,-125.8095135115,-127.8759169573,-128.3355402185,-126.6960425501,-141.8177375995,-122.6340420966,-125.8364059215,-143.9696707661,-144.2326845579,-130.3925980633,-125.971848918,-123.6851386879,-132.7349218791,-130.1567585665,-122.7571945984,-146.3577742242,-136.3882349817,-128.0861338351,-118.9887611824,-126.9799408073,-124.1223435937,-137.5718344648,-139.6433557535,-128.7255902961,-137.754571435,-134.3609218407,-131.7852287613,-124.0842152835,-129.7867995845,-152.3353721908,-128.7868800954,-138.1827016932,-141.8567958814,-126.5405447553,-127.8343548405,-134.8724619877,-129.8496565945,-154.9124972041,-143.3496066844,-136.1264499822,-152.446458214,-142.6670127392,-127.8820861105,-120.2904772987,-136.0526805573,-133.6702825927,-137.0612749247,-136.8680626005,-130.0429155037,-134.553585444,-135.5087115934,-122.5662427665,-142.9229988172,-161.1952869803,-127.9839509845,-148.3392137476]}}