{"Tau":{"0":0.1},"Kappa":{"0":10},"Positive hit":{"0":100},"Model0 ll":{"0":[-2547.6286670743,-3490.5226826932,-3779.8014017055,-2261.3282738029,-2707.6434873649,-2567.0883923001,-3111.1678115915,-3085.0041969025,-3013.8172577827,-2264.2696767418,-3024.7539671978,-2588.7589582298,-2583.240500073,-3211.7462857405,-3330.0759278903,-3444.0605948704,-3284.3679915894,-2970.1110384475,-3198.838608167,-3006.6299401974,-2812.0615659761,-3213.1792662502,-4033.8155709046,-2691.0008407383,-3151.8747841012,-2742.3497923674,-2739.0255290386,-3134.2910369749,-3424.8495487473,-2702.2142684083,-3148.9525282718,-2326.7633910974,-1982.8203807147,-3127.6946193632,-3303.6729939012,-2478.1524518591,-3336.1508170226,-2455.2675075118,-3474.9197830982,-2776.5435054523,-2891.9523709796,-3226.0078989516,-2596.213805188,-3247.7763059199,-2729.2127135382,-2888.6553609029,-3367.0104231051,-2601.2115569068,-2622.0499358413,-3739.9772877416,-2570.681121869,-2982.8297290781,-3104.0432488026,-2824.3302901266,-3027.5721606247,-3030.6088921976,-2804.541932141,-2557.3679752469,-2936.9929499131,-2637.0961660047,-3636.1347198192,-3057.7892924481,-3632.6483372929,-3429.309785257,-3308.3774976493,-2840.3341462109,-3225.0768199732,-2318.5604586809,-3012.2651793909,-3427.234451918,-3453.2151837952,-3099.5436769792,-3519.7181639118,-3141.1678668268,-2424.4278461842,-2842.6073469867,-3147.6694506251,-2631.6675267418,-2997.2830064539,-2925.6402192077,-3070.4230689885,-2828.1109180997,-3088.2613852637,-2609.6939957507,-2903.5322658179,-3134.6056428088,-3174.1931262448,-3148.9368059469,-3361.6805710149,-2825.9993908195,-2705.1393682623,-2746.7981992108,-2940.7185585643,-3130.3012242958,-2891.4949728838,-2689.2392531664,-3823.765666167,-2596.1086232993,-2884.6603730613,-3321.4223982542]},"Model1 ll":{"0":[-138.6931470375,-176.8277592034,-130.3770895323,-135.3076417899,-134.0439051834,-144.645939283,-153.8575610854,-128.3399142226,-140.5813465647,-165.4556855319,-133.0668622869,-130.3201463021,-155.2459405417,-129.9165427364,-129.9155266371,-138.286549095,-138.5271385455,-140.6553191013,-132.8787976769,-143.1475652373,-150.362510942,-149.8813952432,-140.7946977329,-146.2135143794,-132.4844927016,-130.6274678855,-173.8037131933,-144.4423977397,-171.7482725963,-153.0228927126,-149.1501424604,-120.9990687925,-145.9592624267,-139.4329606017,-159.054530558,-142.0947114202,-139.0870388356,-129.7297563767,-123.6473064313,-158.0563531092,-139.5329281536,-132.0583258471,-123.2336166749,-164.4572121094,-150.1678295816,-155.7702792314,-137.7395546023,-146.2461575141,-126.3840601852,-144.2829839642,-159.7515440785,-127.4644718806,-136.7295006823,-139.6248470519,-139.8659500126,-140.8415674053,-135.5602734288,-131.1648830456,-157.6217204624,-147.1946263213,-168.9277472107,-124.8058888539,-134.0245367054,-150.0338249432,-138.494421623,-162.4470977746,-126.4023008399,-140.7605383977,-130.479583977,-153.1255224553,-186.2541944172,-151.4673493075,-129.3177857574,-169.9825497228,-132.1671489436,-145.1111912524,-155.8031174872,-171.2497667828,-135.7517158189,-130.7882663587,-121.7958257671,-152.5290491653,-136.6138632491,-129.8263596537,-131.5184182551,-125.1326826412,-128.5754045152,-126.5584211435,-128.2835670747,-134.805753992,-159.7176729533,-141.3855856264,-137.811052782,-155.2746562615,-144.0100848209,-139.186892258,-126.0724506434,-170.911535205,-135.6373160606,-137.3683135813]}}