{"Tau":{"0":0.0015848932},"Kappa":{"0":10},"Positive hit":{"0":38},"Model0 ll":{"0":[-141.2006340933,-119.1127107865,-160.557653997,-123.3647765602,-134.5693241013,-157.6992377332,-141.8385408512,-130.8189093584,-122.1177800193,-134.6539530382,-142.9387212374,-127.6042641358,-123.998183315,-117.0120285626,-129.1172736841,-139.6361934994,-127.1267832473,-125.3500865179,-150.9127333834,-138.8563363607,-120.0704644737,-124.7196576224,-136.3637812625,-120.9702378739,-132.9994646634,-135.5025880492,-123.625908939,-136.5775332327,-131.6619219661,-138.6469146463,-133.6795089508,-132.8678811208,-159.9795155782,-138.9906568666,-146.1799420849,-138.6742636911,-149.0006680637,-125.9559187835,-128.0964035606,-117.6079963655,-259.279262333,-140.5987936215,-121.4124935288,-146.2745955607,-155.0539421415,-119.2312894171,-146.0522234088,-125.4654203839,-120.283062767,-135.0676438704,-158.0280935499,-141.2029908767,-168.3469165479,-132.4421340953,-123.5211885589,-127.8893761891,-133.1077844244,-125.1994739725,-172.5899477311,-148.5777955945,-117.2347805574,-128.349674034,-131.0872110638,-153.5955449113,-288.8301772259,-138.0016792056,-119.2863940576,-138.9409090556,-158.5826556369,-121.8724652153,-134.7720776648,-145.9710989224,-131.0839141716,-151.4263024145,-122.8650880612,-140.1106882228,-127.5178910207,-158.8407508692,-140.3678852119,-133.500261085,-121.9782466567,-118.9132250999,-117.8954271767,-133.9568866758,-208.8075799722,-208.2638033197,-121.849746817,-126.7613894258,-142.4929030242,-142.0763380271,-146.7900917914,-130.0979897003,-133.2506855643,-119.1208412136,-141.4588782166,-126.2798579357,-123.9142861831,-132.9432893973,-130.0509824821,-144.8944753895]},"Model1 ll":{"0":[-141.890339436,-118.9651869492,-160.2308714505,-123.0573386047,-129.8621474513,-153.9999316246,-137.6003834239,-126.2033412254,-122.193664581,-134.9600673719,-135.1989240877,-123.1420330841,-124.304770084,-114.2509619694,-129.2466592518,-139.7413089767,-127.9789582311,-125.3494548454,-139.1834467202,-139.0347964879,-120.0704641139,-124.1485051376,-130.0484050911,-120.9360082641,-132.999470736,-130.9528699384,-123.6311071548,-125.2663288328,-131.66192398,-139.09659164,-133.6799656221,-131.8982788204,-160.1137159908,-139.3981176145,-146.2491247881,-138.6223452916,-128.2142426886,-120.8503207093,-128.5943864391,-117.5221454898,-136.180598975,-140.8643479845,-121.2654836442,-133.9822259942,-155.846711499,-118.3921046576,-140.5939157027,-125.4559262889,-120.4701356091,-130.1113820015,-152.4212447505,-139.6961686104,-135.5943897153,-132.7778858644,-123.4905140677,-124.8147739707,-131.2004869675,-125.5586871834,-142.3359814564,-148.619878299,-117.7504319849,-126.3597916753,-131.0473467514,-148.5745493896,-130.2463647225,-138.2102428611,-119.7411046313,-138.4517473738,-158.5826550989,-121.8724653238,-134.7720802547,-127.6388293655,-127.5579242994,-151.4793909726,-122.8650893077,-135.580360238,-127.5178911845,-153.2630796377,-134.5999098556,-133.8658661505,-119.5967131034,-118.1919868797,-114.3372948327,-133.9571674684,-123.1562726008,-126.4893443051,-121.9338553595,-125.8558042884,-127.6653817464,-139.4973777306,-136.1064499371,-126.8548581842,-133.3324686045,-119.1796082883,-141.2089470529,-126.6360994843,-121.1289694328,-133.0657774553,-130.3045041971,-143.9140888213]}}