{"Tau":{"0":0.0079432823},"Kappa":{"0":10},"Positive hit":{"0":93},"Model0 ll":{"0":[-124.0256689401,-370.9900891062,-150.7300545221,-164.1552620719,-174.2477586886,-199.9868756453,-149.9147621344,-161.3652525069,-159.1720092549,-136.8042065535,-136.9178411883,-141.1684565008,-137.4903553721,-137.1994893003,-168.3726099606,-253.0706519421,-147.8773668219,-155.7989088968,-140.6488055817,-154.2583160662,-235.4294556511,-192.0078247483,-251.7837854237,-163.6239155959,-194.3546822344,-165.5162243577,-138.9258591399,-128.2557685099,-148.4675249519,-182.1526778582,-188.1095645681,-133.5001533259,-148.5797001273,-180.9013872483,-135.459139034,-180.735894741,-185.010159843,-132.7949440399,-187.4480318097,-158.1069832747,-131.8950975743,-140.3734402136,-134.715389523,-161.1455994173,-133.7626986006,-184.8714760562,-141.3284309457,-149.7186029808,-163.3256759645,-149.5550295129,-147.0986013944,-359.7212120697,-135.9032102526,-156.4620191152,-125.4634038762,-164.0434411274,-149.7582982847,-142.7169088526,-256.7597505199,-124.0621931195,-153.6169457391,-126.2902653798,-150.3083683401,-162.3425940833,-150.143541474,-349.1774924577,-194.4646893206,-152.4229031637,-128.1390292642,-167.1502159385,-134.4525160726,-137.3556105256,-122.8625423268,-135.5271250996,-166.4049504044,-164.3207899368,-197.1198158959,-121.9088930377,-251.818212496,-147.0163357729,-578.0840902062,-158.3117723758,-185.1771898987,-145.3696554187,-140.7536643776,-140.6673393308,-172.9493180882,-155.8113595402,-171.7133018526,-126.4973117683,-160.6974293631,-469.0874763562,-158.6196969578,-342.4594096649,-156.3244171303,-173.4539789013,-135.1479802531,-133.8354639032,-262.7626008334,-138.2671369014]},"Model1 ll":{"0":[-122.1026762046,-153.1339267382,-129.9733680667,-128.5094610627,-140.226323335,-122.438458571,-128.6347694144,-114.6923620468,-127.3863032433,-118.4548139452,-124.8404411694,-118.7464758439,-129.5869511935,-134.6253054597,-135.1769575556,-152.2847659329,-138.1875481942,-115.1355585384,-129.6019865779,-132.4594174899,-119.5000561906,-125.4689503838,-123.6759347823,-109.6073147541,-117.3642529318,-116.5135852649,-123.909286066,-120.1371152679,-119.659954903,-127.5463846949,-119.0807646107,-125.3009226598,-128.3055587164,-133.0130254412,-129.3613602475,-137.3099696097,-135.3144768122,-129.0465930509,-142.4510350631,-134.6997239424,-125.4590277349,-127.6821271834,-133.3459693624,-125.4721209047,-131.9039711328,-117.3122349023,-127.9957188002,-126.0554272136,-132.7255942798,-120.1399226742,-127.1727138863,-141.8311975282,-122.4917018007,-144.4539991894,-118.2069553794,-149.162662029,-129.389472213,-140.488779907,-147.7549441555,-119.6490420539,-138.8907181211,-124.3104721617,-136.1388911061,-129.1715980875,-126.4062690086,-128.2705669097,-141.580399398,-138.3279093778,-126.603729157,-146.5371963924,-134.0608149325,-126.9277715908,-122.4576113642,-129.2583012849,-139.4371305837,-126.5632628043,-130.4616073927,-121.0947296064,-143.9988936727,-131.7977468668,-155.8957368807,-127.6811486731,-141.368792263,-136.4291264676,-126.3693625481,-122.6497841853,-134.6404454918,-156.1330036876,-128.4086233672,-122.5428744633,-140.2686858542,-170.6460413699,-139.8856062658,-126.218775318,-125.1955064534,-133.7753838521,-122.0092746161,-125.9938850151,-134.8294115027,-128.9657849622]}}