{"Tau":{"0":15.8489319246},"Kappa":{"0":10},"Positive hit":{"0":41},"Model0 ll":{"0":[-114.8808766849,-137.7672779416,-109.8035820481,-129.4451163988,-109.7013763076,-100.9110755299,-105.1089518535,-115.8074730218,-129.4109932927,-104.5538048808,-122.3276106686,-103.2963883435,-97.0960108431,-110.2478039302,-122.3118565609,-107.3247314216,-117.6344368771,-112.4403362899,-129.8675902713,-107.9585026071,-120.203536839,-154.4511761114,-119.5474750214,-104.6117470908,-109.5437790573,-112.0353718873,-97.4352080211,-109.0798711356,-139.4529368441,-117.5383808271,-117.0525968284,-102.7420047329,-107.2622706322,-103.8406492665,-97.0553255778,-116.4236135741,-138.5097540944,-110.8929630962,-112.7764198488,-115.2961782049,-108.7264653024,-120.8084337051,-113.3598405664,-106.902413278,-127.2370511462,-113.9786859353,-108.9869107587,-102.6551446467,-101.0926470999,-95.2781868551,-116.0591011267,-100.2611287207,-102.729505097,-96.5466379051,-97.4246906749,-127.7054870482,-117.1443158076,-133.3911923153,-121.2235780813,-107.7171122712,-96.980145283,-118.8499978386,-109.7266174349,-102.4557837467,-109.7622097103,-121.9535514983,-119.0493488552,-129.2742457965,-105.8879060648,-105.6566540882,-143.2299438321,-130.2165091479,-115.5366171346,-109.2715834545,-105.4411107149,-119.2301398537,-114.4084799527,-97.5845668297,-104.7336523692,-94.7904749188,-108.1213081896,-121.0444314608,-109.3429614518,-105.6985145187,-108.0407878183,-122.8154504885,-135.8686429661,-109.3103206369,-102.0324674148,-93.3288275209,-103.8657896665,-118.7231343746,-104.5096931076,-109.434264904,-113.3052406136,-150.9262652031,-102.2092570193,-128.1117975226,-123.5614680323,-113.0280771945]},"Model1 ll":{"0":[-113.9545277055,-123.5969145333,-109.4355590396,-129.4451163988,-101.1192492545,-99.7809576183,-100.8610702813,-114.1711182665,-109.9910371453,-104.255652511,-122.5586711794,-103.286445618,-96.1462658024,-107.159021979,-122.0277099673,-106.3443143564,-103.6321350695,-111.6677603665,-129.8904077183,-98.644560488,-94.6048205973,-118.3484579071,-119.5285528915,-99.6086407028,-109.5437790573,-112.0860686947,-94.2168259072,-106.763559017,-118.2025962395,-117.5383808271,-116.8531830397,-102.7376362993,-104.2653651565,-103.853227641,-92.9839495299,-111.7427410092,-127.6382077998,-104.7250714103,-112.8502563802,-113.8225196887,-108.7264664162,-120.9232213859,-107.3709780136,-104.8405959515,-126.5323660826,-106.965791808,-109.1185929962,-102.7846617958,-101.2116815929,-93.3368977384,-115.3115591017,-98.5886067448,-99.9736975924,-95.9154098989,-97.1592612102,-126.1023679612,-117.1943228557,-119.6935991857,-116.542617467,-106.8976655057,-96.9801452834,-114.1165625117,-97.6546667628,-102.5705128238,-103.84794195,-112.0509613235,-116.5773727728,-126.2080663697,-105.91205963,-105.7795056837,-110.5905513017,-120.5285848093,-110.2723666833,-107.8853457985,-105.5438258197,-119.025818346,-113.9164518379,-93.9584888566,-104.4076907091,-94.8089006388,-107.3315115712,-116.7771199755,-109.3428289111,-100.2527363707,-108.2952694646,-121.9716921383,-135.0941988993,-104.6306595262,-100.8013219154,-93.3216338423,-102.9081528339,-118.6459377376,-98.9925655797,-109.458527274,-107.3386477469,-151.0815309223,-102.2164627006,-128.1194335397,-123.5614692322,-109.140697786]}}