{"Tau":{"0":0.0003981072},"Kappa":{"0":10},"Positive hit":{"0":29},"Model0 ll":{"0":[-120.5613371369,-134.2298964224,-141.5461676994,-136.4157063223,-133.5826439542,-147.0780208023,-121.6670731234,-121.0825055924,-144.8943641979,-121.9088248626,-149.2145394898,-144.4115507268,-146.5203765697,-130.0185369655,-120.4282934712,-115.4872761116,-130.8286893655,-133.634920662,-134.1276361689,-129.9522801516,-125.4199053244,-125.9129961968,-155.2349560043,-140.4362485291,-133.4875296126,-133.6884319839,-131.6085498806,-129.0755976116,-121.0980442905,-149.0687501913,-122.8670059734,-116.3799621247,-132.3318315948,-126.033082267,-265.6592335951,-130.6556177987,-119.753997753,-151.8045206798,-129.4490111988,-126.6928471988,-137.954444599,-124.1877873312,-137.3909336734,-145.3614552534,-124.1784550317,-284.387019372,-148.828888192,-137.3274087607,-128.3288503659,-141.2326086013,-138.1710063721,-123.0823132799,-156.0925493136,-130.5223851012,-147.6383600369,-123.5782032471,-134.0884671091,-142.2974427568,-116.5567825227,-118.4287959428,-120.8951423431,-143.6134913034,-125.3154636939,-134.6782093261,-153.7615057213,-142.6480073491,-133.6296384249,-128.3508521882,-140.1036059733,-135.2897887355,-140.7247037006,-144.4130748517,-123.7917514682,-125.9822779057,-123.8779386109,-152.5582446502,-135.7427425366,-126.5716247975,-129.1835736313,-150.808587801,-175.4288711037,-118.5441624644,-149.1804219603,-115.6364850781,-137.4232358984,-139.8939587591,-124.3475774159,-129.883495219,-136.6887462761,-135.0018544396,-145.5197938554,-128.6951977877,-138.0683393792,-162.1890846689,-120.6138138656,-155.270921472,-120.9218015771,-131.901776253,-143.3249068948,-140.3502824596]},"Model1 ll":{"0":[-120.5638567599,-134.5349440159,-125.4350850209,-137.0020339125,-134.3253638815,-138.1503133604,-122.2351382748,-121.305794214,-125.6688999902,-120.8063962281,-149.3103676491,-144.9469528386,-146.5203769671,-129.5731301119,-119.9601167584,-115.5402989372,-131.1141091953,-129.1377947306,-128.6684543568,-129.7064760668,-125.5235728967,-125.9079106412,-147.4979791722,-140.9149339648,-133.4816524486,-132.7286734334,-131.7160803828,-129.104420002,-120.829924661,-144.4051580444,-123.151190259,-116.3802963967,-121.9375309205,-125.5366304998,-118.7593525685,-130.6697973808,-118.3902497432,-128.4711252722,-129.4490140023,-124.5524749019,-137.8077308622,-124.0098345728,-129.0506447473,-142.1848148378,-124.3775369009,-129.3247574213,-148.8320008699,-137.487370462,-129.1060820754,-141.2326112573,-136.9025581963,-123.0110799551,-145.1623789547,-126.9915198975,-147.7413775736,-123.1023945947,-134.0884685472,-136.5422264077,-114.704852058,-118.3985510516,-120.9046752409,-143.5405839163,-125.3229846438,-134.7541003481,-153.7615057208,-143.233165506,-130.9973195919,-128.632794803,-138.4262761497,-135.2897923377,-139.9284245522,-144.0701208507,-123.840075377,-125.4163727904,-124.2890017714,-131.7986517622,-135.7808957566,-126.738600946,-129.7521058959,-147.8310756993,-139.3952993477,-115.6409056521,-144.8416110064,-115.6316433359,-137.4232358983,-135.3098322689,-118.6782957962,-129.5714285175,-136.6892424994,-135.1181542505,-145.5749329449,-128.6370844833,-132.8013663176,-147.2946695278,-117.1903796717,-154.0693308827,-120.9218040421,-131.9077995916,-143.7929361405,-133.7649730771]}}