{"Tau":{"0":0.0316227766},"Kappa":{"0":10},"Positive hit":{"0":100},"Model0 ll":{"0":[-662.8792216277,-596.8551266529,-686.099486772,-802.3851486965,-539.2255882152,-553.1151884304,-594.1968975125,-386.5785008213,-683.4712544321,-541.3933495946,-376.5358656533,-497.7903780144,-464.6809544836,-411.6285914712,-342.2040738243,-532.8604859533,-683.2830329527,-537.6229794342,-834.6120883303,-810.9105357295,-566.71971082,-767.8661573439,-621.6841155145,-371.9593932372,-1222.2560462406,-668.0604859149,-501.2071392477,-545.6666038502,-930.5546518133,-563.4723423776,-377.945263508,-511.6691947027,-616.2640556069,-760.858352757,-689.9259145009,-512.8317612433,-404.6801681795,-592.1664340557,-704.1869207317,-388.9208779808,-533.0352352602,-1094.0992619343,-563.318740798,-713.9668420232,-514.0398701673,-507.4135372022,-697.8365549125,-562.5280676393,-559.4922712486,-684.6327821429,-397.3264484813,-876.0931868724,-618.1209965702,-658.2451717102,-602.2041407678,-619.1527553827,-704.1811680836,-720.8928509639,-881.9607621255,-603.8230884542,-687.109861776,-583.1220287373,-562.7823952971,-454.6811650064,-1002.1717333419,-540.2010569658,-291.8605533552,-512.985749279,-598.6074046194,-803.4421757637,-614.1379249812,-702.3603662034,-442.7630361156,-695.2927572727,-715.9767396546,-368.578867826,-525.7128842206,-422.6621239473,-958.537627888,-597.3170056048,-628.3382638862,-910.5936856247,-544.5282163465,-506.8385454246,-836.1966297558,-373.0554358116,-641.7666817931,-1022.9600237107,-367.0932351488,-411.7997038231,-422.5186334833,-806.4767805724,-324.8458640709,-868.692823329,-566.581866963,-612.6756804928,-344.2210674025,-479.4858724162,-296.9213677942,-458.218621695]},"Model1 ll":{"0":[-140.7894684457,-122.5150561494,-128.2420425637,-148.039917408,-148.0259685661,-124.0635982758,-125.3091933258,-127.708289614,-148.8248554027,-134.4884643879,-143.2092334148,-130.2131545131,-124.0633043745,-127.3175498485,-126.2529217312,-135.7654069816,-142.754228874,-132.0801774912,-122.5124985951,-142.7259473552,-140.3437971517,-137.2172330112,-130.4465061455,-144.0543165994,-180.0478807321,-142.3409192212,-126.4580558329,-153.4005008512,-145.5117245607,-138.8502958968,-132.1687422592,-115.0761534009,-128.1049159802,-142.651081898,-131.4849172432,-138.7982653755,-135.0364989677,-132.7625987304,-153.6615311884,-148.4623103743,-138.693573394,-155.138519146,-133.9461031075,-119.5155869303,-133.5859773144,-142.0630819434,-129.0500541028,-141.8976540023,-181.5437636162,-118.994717886,-148.2411886269,-155.6568201212,-142.8997403999,-139.9464657296,-121.5245481801,-124.2070414202,-141.6602078163,-119.0312828606,-138.6752875503,-122.9999958589,-134.1584317059,-125.1931907938,-147.6580908347,-135.3254475674,-151.6870777943,-115.7719256738,-140.8794766877,-138.222336577,-125.1628607151,-150.639895375,-131.329696615,-138.0635705535,-137.4038389186,-130.9351269048,-148.1672808651,-138.5015594739,-139.3261151842,-130.6548314752,-131.5504258376,-160.6520738726,-134.0863525003,-172.2337710653,-150.9106579776,-122.1679541432,-119.3814487436,-139.6928251487,-121.6602281011,-132.2743769582,-122.0540095944,-131.0376777815,-121.6957436523,-141.8230410184,-131.2675202198,-131.2523079805,-133.3024361909,-148.4083243549,-145.8087173311,-147.4019155283,-125.4612136085,-130.1860892352]}}