{"Tau":{"0":0.1584893192},"Kappa":{"0":10},"Positive hit":{"0":100},"Model0 ll":{"0":[-5008.7489607368,-4714.4805204385,-5288.2526723392,-5104.3737413613,-5182.6075854564,-4871.9412404046,-5114.7993544203,-6111.8618804202,-5647.0322133754,-4779.9885709481,-5435.6533452395,-4887.3646776848,-4603.5443941094,-5443.0426495668,-5244.6190041707,-5527.9552154929,-5070.0068160621,-6018.8293496943,-4877.017088771,-5103.7995836182,-5695.5252101879,-5929.2712310655,-4969.2872980778,-5544.1871548795,-5985.3880212145,-4725.8688431012,-6286.5843775499,-5005.7458651944,-5377.0884727044,-4679.2552517459,-5156.1411553625,-4984.9947887251,-6236.4550665748,-5926.2815090997,-3990.300968545,-5278.6815191046,-4709.5692961372,-4283.074416967,-5721.3483614877,-5395.3441526049,-6808.6641727057,-4757.573406244,-5982.9354973248,-4920.9136572781,-5853.5661714148,-4772.3052244793,-5988.4739125894,-4955.5578105595,-4974.3470319306,-5451.0237312745,-6568.05707297,-5264.8425904793,-4534.8240678545,-5469.2825274814,-4613.9237618137,-5459.4150616637,-4719.2161007987,-4852.5470826172,-4796.5800040361,-5596.980846177,-5909.421060102,-4945.6095251736,-5514.8736958702,-6013.5795545127,-4929.1803239025,-5491.2376558136,-4822.0841327217,-5691.8561226518,-6149.2356742935,-5021.6931691548,-7265.4301943726,-6194.0620870802,-6638.8549944804,-5700.021126622,-5239.5209285613,-5305.6241015671,-5927.9340143031,-5517.2876892499,-5364.0015514916,-5414.4640900905,-4537.281899604,-5518.3708227738,-5035.9117020625,-5181.438821668,-4892.3876949693,-5675.9420882763,-4868.520384002,-5215.9449035469,-6082.2107287628,-5949.2267592849,-4850.3827759375,-5110.3183776281,-5420.5359317278,-4863.5722187635,-5544.1905701125,-5320.7197262956,-5280.8565673203,-5392.4909660066,-5604.1712669122,-5752.4202320393]},"Model1 ll":{"0":[-134.2431437313,-130.7747065475,-150.2331400166,-165.51109545,-138.6337795704,-151.2026155753,-159.2793093796,-130.3951748356,-192.8524195536,-153.67177038,-138.5078604031,-126.6634169493,-181.7843816986,-148.9173708733,-149.8190045525,-133.4523684373,-135.7200243583,-165.3043984229,-132.8899535078,-155.6387437969,-171.0922522268,-127.7662109317,-169.2625668462,-119.5165065626,-217.2497312668,-159.2210450906,-152.0936901893,-129.1998984665,-117.911191285,-151.6911219509,-127.3474716882,-131.258894088,-159.9817817664,-134.9532704399,-168.671549077,-148.088360428,-129.3117177418,-156.6240695852,-171.5182860264,-123.0067476879,-218.0035352681,-144.2759699862,-156.9029180056,-136.9735146405,-135.932993927,-142.2465681508,-160.3574540772,-140.3915119718,-133.1333417937,-155.5593984549,-169.868887032,-162.0124186716,-137.6629614524,-148.8823787264,-150.7795327356,-154.1968451166,-180.8724465016,-157.7984872185,-173.3840009364,-139.3968040771,-214.6517557128,-123.5650778792,-166.3779341871,-188.417594155,-121.8080797142,-124.8642207903,-135.5462909359,-180.9273608061,-149.3273360579,-123.5470674608,-296.8819561064,-138.790814018,-212.9588280035,-148.4708696024,-142.0942078992,-149.3951923083,-126.9135565402,-144.3144586565,-131.9964891025,-130.5187271177,-132.8544753339,-140.4943849768,-150.174105628,-153.1280547853,-116.7598841999,-146.8865010958,-161.1127163359,-166.6008082889,-157.1272837686,-140.6806247806,-127.4262034612,-140.520829228,-163.8179703556,-137.5660376523,-135.7496923463,-159.3527966379,-137.6106695117,-123.9437803981,-151.2612992329,-142.3726547014]}}