{"Tau":{"0":0.0031622777},"Kappa":{"0":10},"Positive hit":{"0":61},"Model0 ll":{"0":[-148.4179331422,-130.7800049686,-121.2677032105,-279.0998329668,-131.614661143,-165.6161778023,-131.0725047694,-157.452592888,-244.0022193815,-271.6469823217,-156.284538567,-136.3726109808,-156.513827538,-128.5511740055,-141.8998396503,-144.3034912868,-143.9873037939,-127.6550556058,-132.116440308,-200.1733153075,-251.5123759597,-149.3293756632,-138.5789604687,-165.1225887665,-149.6564302159,-131.7105401946,-113.1769894977,-160.8687064396,-146.3360395009,-132.2196766002,-158.2140078819,-164.4339711996,-135.8432166203,-142.1859030207,-149.1165756513,-135.2524862716,-132.8379002382,-118.9560721662,-146.1907746516,-145.0756612977,-122.8686502403,-143.5728954431,-131.1457387037,-120.4850520658,-205.6559293599,-228.1474566468,-134.588887951,-155.0778031353,-147.5576479124,-136.2587461757,-145.1764050459,-122.8560859706,-122.8054466415,-121.746274248,-151.1318299335,-120.5177838757,-122.1360406222,-231.1960144287,-141.4325042739,-153.4996012879,-168.514768808,-124.4368114271,-128.1136659399,-142.5337921299,-259.0643088991,-162.139171074,-137.9747022245,-137.2509937888,-124.9258650396,-131.0545363071,-127.9118372208,-143.7911034959,-137.4120667272,-133.8161835445,-125.6813827582,-129.1342253384,-132.0312693566,-134.4885816137,-138.6542240437,-141.5738994485,-148.4966075482,-150.4770787877,-127.5077787374,-161.7898716329,-121.8347669415,-125.0974308301,-151.5308659029,-227.9291854867,-260.4522880112,-131.2651513641,-119.0976580788,-163.4911466411,-115.239760058,-191.5494558425,-194.9750045753,-129.3389061795,-143.4499891944,-157.0516426196,-151.3009516339,-137.7615839403]},"Model1 ll":{"0":[-146.0882335671,-131.0329950875,-119.9732760113,-119.1733571033,-125.6710551657,-157.9898602298,-131.1763554733,-125.9807812624,-136.2952607065,-128.7877141307,-121.13139112,-132.9184739541,-134.3844091274,-129.0673798593,-141.9359436051,-140.1752063586,-143.4528883946,-127.7659044614,-131.4099120482,-129.0895483097,-131.8881524895,-127.6132984114,-138.6936452319,-150.4468875543,-136.2321564398,-124.2161363826,-111.1657260906,-146.1124026913,-144.0391785252,-129.0734342972,-124.8406562206,-164.6342013326,-135.7584070963,-141.8533546345,-123.3347077716,-130.6673172199,-131.8894600116,-117.7830985188,-146.1907825102,-140.1864060721,-123.1313092269,-115.46870356,-131.1457422933,-114.6547771731,-144.4487824917,-132.8905604491,-126.5260835384,-148.2434204939,-116.7715402412,-135.3471108023,-145.1764059843,-122.847564571,-122.8055907455,-116.2532050214,-144.7603504413,-116.1164504616,-122.212391196,-132.3528847161,-141.7913468451,-138.543073837,-133.1264954526,-124.0941765711,-128.3244728387,-142.789693591,-125.2361104211,-139.5288720876,-137.8870698052,-137.4239950014,-118.9825008696,-130.975345608,-121.0799200607,-144.6222642495,-135.5247206064,-123.4833325055,-125.4029664809,-122.777160678,-131.0969936242,-124.3982371718,-127.2295566272,-138.7420464698,-130.8205449056,-140.8860430963,-127.6142059106,-139.2856677894,-121.5449786972,-125.1164455705,-139.3510857295,-131.1466593347,-141.0969772162,-129.8942194269,-117.564568795,-146.4221692614,-115.213774909,-127.3662336611,-137.9433232668,-127.1993792718,-119.0467988663,-125.0364342617,-129.5652591702,-122.80561242]}}