{"Tau":{"0":0.0012589254},"Kappa":{"0":10},"Positive hit":{"0":40},"Model0 ll":{"0":[-132.4083929736,-490.8741598996,-130.0471284086,-133.2217881662,-131.3389939514,-119.7193288679,-170.7807693684,-157.5627582286,-129.9700662117,-162.8010632583,-137.8965848908,-127.693929441,-130.4771891505,-135.185459094,-141.9941004849,-131.926546699,-128.8399933559,-147.36383871,-126.4569552615,-164.7065351931,-120.7103029999,-117.8787726742,-124.2743307275,-128.7634277201,-147.2469535982,-135.5886390444,-194.5883726714,-144.837312791,-137.1789225265,-130.5299686241,-139.3545472905,-133.3257580024,-143.1343767712,-123.5794843508,-138.0224809071,-135.8659945667,-129.7563454371,-136.9491573817,-145.5957188475,-156.8919586079,-132.8143080921,-120.4006057678,-138.958232169,-133.8004472554,-118.9882561888,-134.0506935357,-119.1603897801,-134.6734430048,-135.0408359151,-143.4165342664,-144.0041085993,-130.7472004362,-162.8963226433,-144.2501163373,-145.3429641578,-128.2506692513,-153.9903923822,-131.1626791112,-138.1347451669,-120.2129751669,-148.6130420995,-152.6182644427,-120.1135135754,-121.1635624169,-120.4814765852,-127.9671684903,-153.0787905776,-142.3653303064,-140.7077274906,-128.8113152185,-133.7879444875,-122.2479992148,-157.1568762905,-131.420734975,-125.1184495994,-129.862872024,-118.0974571831,-127.2719474712,-138.87171019,-114.2703795905,-122.8712042614,-197.5958821272,-155.1754566839,-163.7858250015,-139.9119089649,-150.113985636,-118.6204059918,-135.4711016029,-118.7582839491,-125.6811594352,-130.7795870106,-129.8091287138,-138.2270338068,-139.3841889357,-123.1438289367,-132.9886868596,-125.6664562107,-137.1909853796,-168.019215408,-132.2217747397]},"Model1 ll":{"0":[-132.7834386289,-125.1733503658,-127.6510798269,-133.5231236271,-131.5148175768,-119.1692618254,-132.3543734238,-134.1614270377,-129.2821362108,-125.3323664639,-137.8483849007,-117.1919255395,-130.5934976527,-127.2840279131,-135.2365513019,-132.0935351918,-123.4764035834,-139.0635797565,-126.8786803947,-151.3243314602,-120.710303308,-117.965790712,-124.3269717995,-118.5560436264,-124.4842660791,-135.4659234829,-141.1025945627,-122.1175860595,-120.0719822876,-129.8947873823,-139.6164072943,-133.4797823972,-143.9813595733,-123.4422237663,-138.2957169374,-136.3029217432,-125.4212393203,-124.2455080015,-146.1129318809,-130.1072488136,-130.6920859594,-119.2813519687,-132.0550955772,-133.8937651951,-119.2648662749,-132.3272334808,-119.0060122022,-134.7268409146,-133.66763254,-137.4458067954,-144.4731123902,-130.4548817176,-125.2833991529,-138.7056259298,-146.2068461124,-128.7780401924,-130.7613538378,-130.5054128448,-138.2801160863,-120.2213805297,-148.8059249616,-153.0236339588,-119.5204277265,-118.8098860184,-120.481480102,-128.0674373931,-135.9758729949,-137.3420243928,-140.8813078652,-124.4654988672,-134.2919182801,-122.2874955725,-135.7550160715,-123.4721569903,-122.1024114044,-121.8132409036,-118.0974600488,-127.5137596497,-138.8716691329,-113.1609457662,-120.7286970345,-134.938295861,-147.6399110402,-120.0624228241,-140.2898644333,-150.2250573604,-118.1791539243,-135.8006216811,-117.538008457,-125.6869519721,-129.7083957868,-129.7413321914,-136.8621933437,-139.5452984937,-123.1321929686,-123.4249143133,-125.5369201141,-127.0835080382,-119.7266475393,-132.739905088]}}