{"Tau":{"0":0.0794328235},"Kappa":{"0":10},"Positive hit":{"0":100},"Model0 ll":{"0":[-2527.9140139262,-2328.095224042,-2575.5192585904,-2418.1046559683,-2339.5533752745,-1758.6593884755,-2477.618897954,-2012.7247736941,-1985.9519908224,-2482.9025053946,-2003.7293242972,-1913.3079540224,-2136.7635723749,-1993.3715404152,-2458.1940381903,-2039.9412812306,-1979.6591125497,-2844.4129460477,-2251.7877539258,-2160.0685256813,-2479.5540102548,-2144.1165335294,-2164.6411960555,-2122.3751928874,-2098.4472257799,-1799.7465498384,-1658.6996988716,-1955.4767760937,-1804.5402228453,-1713.3490217022,-2609.2435852861,-1889.7334298076,-2055.6725182355,-2294.6014300835,-2393.8606741807,-2203.896563565,-2076.7304168538,-1551.9758763629,-2050.9098000606,-2358.7827321289,-2081.6518370745,-2445.2804538285,-1626.6747798675,-1558.955318096,-1903.9178243259,-2106.1807243421,-2096.133217102,-1938.0631307063,-1891.5447250958,-2522.0656648205,-1795.459740239,-2674.0446406638,-1977.1617304992,-2814.7730576302,-2485.7244643133,-2719.892727696,-1959.6365690165,-2165.660057423,-1965.2903801204,-2274.6611515155,-2212.414783043,-2219.342015172,-2294.7887067244,-1915.575980117,-1846.4069125494,-1834.7244407693,-2514.9494635194,-2695.9267851674,-1967.3554568046,-2366.6313794338,-1706.8619969391,-2330.2380083341,-2473.3587035669,-1988.07979804,-1936.6810919431,-1917.8993125958,-2168.2957211728,-2296.5641312243,-2731.1816815106,-2622.9435764312,-1477.6232449482,-2910.9270400525,-2491.2539605466,-3132.6886232754,-2693.5627974631,-2449.1377713391,-2370.6928828778,-2337.7916463062,-2318.1253862276,-2192.9930166951,-2423.4547868103,-1774.0512455184,-2140.8776668188,-2383.1674343909,-2094.713642416,-1729.1834301468,-2222.2872662902,-2566.6996900928,-1994.2743676521,-2195.0062254309]},"Model1 ll":{"0":[-155.9418788201,-118.0430651357,-143.788089572,-140.0713195072,-135.8109645062,-121.8363404947,-142.0602270894,-125.0194512407,-129.7021523977,-153.7882890047,-201.8529566344,-149.4831830203,-125.4607831529,-126.3913426066,-155.3592412374,-139.5602203537,-133.8582114318,-152.7016777203,-163.9169995024,-146.7162002104,-176.3539740348,-131.0715151621,-120.6637586297,-134.1415913109,-130.7276913861,-123.1877156078,-131.7376167439,-134.9916724422,-146.7028533218,-152.2809120481,-124.6627363518,-133.2367696657,-136.7226010124,-164.7435548516,-135.5128351165,-158.9518689476,-139.5481140178,-167.62382168,-138.3383261255,-168.7884949077,-118.4423670859,-116.3913984949,-134.4282399685,-135.5739972,-138.6318230258,-130.1357997859,-139.7365360542,-126.2027506583,-130.695795359,-154.0771736227,-115.8184290501,-131.434342873,-137.704742585,-128.1319246022,-129.4578157869,-148.1902985525,-116.9167330331,-142.5539838641,-129.2699381144,-124.4829487852,-191.8022750695,-136.1097233538,-133.1260138381,-148.8999529505,-125.8164491502,-142.829793792,-141.7393635859,-134.0542480002,-126.4471757775,-125.5709326372,-128.6934956866,-175.4278898681,-132.0744771699,-127.6865792923,-124.7312109172,-134.2392771595,-135.8342122981,-125.8971584566,-150.8934345095,-161.3883739206,-131.0184535962,-165.6262066713,-172.4414617149,-149.8588217813,-139.7835926083,-149.9358157924,-137.0712122597,-134.3831859623,-171.5972492444,-137.3109783863,-152.2063233049,-146.3493454603,-143.5816241475,-137.6610081809,-142.892858414,-136.3168511292,-140.6944754863,-125.9886020009,-146.474197816,-129.5367629422]}}