{"Tau":{"0":1.0},"Kappa":{"0":10},"Positive hit":{"0":100},"Model0 ll":{"0":[-19367.4266054312,-20808.1812092708,-19651.9945743788,-20385.5680407831,-19216.2295376763,-20172.0403585128,-19167.4976889832,-19466.6773827143,-19151.6500990815,-19002.1842707267,-19838.6674935442,-20057.1734458004,-19674.2643591781,-19011.6217420706,-18790.2439532621,-20385.7128851944,-19135.0864046346,-18993.717886263,-19398.5549511262,-20348.1528797091,-19643.0000718442,-20649.5386209984,-19140.7575607894,-19473.0918274279,-19707.0653965565,-20319.4486048497,-20937.7362059884,-19457.8631709927,-20058.981864927,-20368.8987088382,-19202.7753931911,-18983.8257593963,-19589.3379190879,-20208.7585483214,-20316.9851497732,-18795.3894017258,-20329.9284139187,-19641.6758520163,-20275.0365274109,-19513.8710829004,-19195.0749343626,-19583.0433242204,-20351.985159674,-19652.7668245972,-19024.1339059397,-19460.5012562595,-19017.1070102597,-19361.200430728,-19945.9465877017,-19663.7314247321,-17960.4120595912,-19404.7276920311,-19697.3690269698,-19167.0791604145,-19883.4075421524,-19425.3415232551,-19418.2239014737,-18589.7259171941,-20665.3415429967,-20980.1570036009,-20074.792368245,-19887.9432170766,-20354.8850378299,-19418.5585455267,-20677.6108212438,-19175.0368996735,-18970.2200521076,-19707.3688140309,-19074.4337816349,-19523.2883325866,-19326.8492062952,-20193.5141874439,-19465.8830863601,-20493.1678261517,-21729.3748119339,-18937.2122564522,-19469.7751892324,-20012.7908022049,-20925.7877237962,-19831.4182110796,-20284.9022154755,-18549.1245217427,-18926.9415735113,-19817.4323382854,-20458.6693015405,-19614.5680452273,-19924.7438866202,-20191.2453335145,-20646.3931928737,-19808.0585562359,-19119.3150513504,-20087.4219168829,-19610.1516031783,-19113.8444337208,-19163.8171071758,-19259.6808222351,-20056.0875547029,-19992.3263351534,-19442.8011393991,-19982.3351204345]},"Model1 ll":{"0":[-224.0431511972,-220.4287605815,-194.118432852,-163.8930309928,-273.6315217592,-182.3201875897,-340.953849465,-222.2679283486,-262.9396469735,-146.5475938714,-197.7898630005,-225.9601801198,-194.1654410809,-207.2590484948,-217.044595496,-190.0554740804,-188.8643251496,-295.79540031,-148.6850626756,-200.4560728384,-136.1970376694,-201.0534758242,-158.6866975386,-154.3466385366,-176.3739599118,-181.0205916849,-232.6856521198,-152.9151857307,-221.766033562,-260.365910528,-188.5495947046,-205.1235175174,-233.7888241843,-200.3790801354,-234.2545852271,-183.3596715036,-216.4710566983,-147.8130395457,-257.9628268044,-140.3506149098,-193.1554141238,-200.4876950003,-236.5814250684,-174.3760693028,-200.7952330752,-260.1204658311,-180.0682237387,-175.5757539087,-224.7840890999,-155.0511521137,-325.1919758483,-213.7538872352,-188.5678070272,-207.2113793399,-225.0456475762,-293.6738663211,-271.4679459105,-396.2100122462,-171.7484869945,-215.9664388687,-193.6097707408,-177.3992586812,-232.6273362826,-212.0824041832,-231.3948283961,-246.1457009789,-216.6524535253,-203.1885023067,-192.9336854111,-272.5655101618,-211.1568887733,-201.4531701436,-138.2471710996,-179.0770373078,-186.02865649,-351.578478023,-135.2312444699,-217.2807843024,-241.6886548784,-164.5649514528,-175.0338268706,-195.2990020846,-251.5912866045,-148.3527181617,-208.5042900327,-171.9609243679,-179.6794837622,-261.4682684255,-248.6064290656,-180.1908216455,-182.9085900633,-230.3342878221,-217.6617315244,-271.887687132,-192.0173688036,-230.6751157641,-217.7021415491,-176.6647490264,-141.5715338579,-213.1772648699]}}