{"Tau":{"0":0.0199526231},"Kappa":{"0":10},"Positive hit":{"0":100},"Model0 ll":{"0":[-344.6768296538,-349.9057366872,-334.8964762762,-342.8483215838,-292.2429800126,-260.808295294,-260.4047245026,-394.856986676,-540.3975674441,-371.8713966958,-278.9049593162,-334.7675725318,-601.4622386817,-389.7556051064,-231.9787455992,-468.7438128484,-258.0363479178,-315.1633082697,-423.8800631031,-334.0227890421,-353.4545942446,-435.6400045769,-352.6971864649,-444.0102182575,-235.8778908976,-410.3350560617,-375.2589117138,-314.767769557,-312.7385963807,-255.0678582854,-201.8353429841,-443.7132866739,-342.1979142723,-327.7784863641,-403.6629473575,-299.1574767696,-212.6928987405,-249.1551913002,-217.9172554986,-441.3201150538,-257.4327407084,-234.0267050509,-422.445153384,-281.2498966993,-214.0476083657,-308.3892719321,-325.535907642,-314.0873927992,-365.2094597277,-368.3228912564,-209.8521384471,-211.0913007658,-274.6412988733,-326.1114711331,-341.5495296763,-190.8724640497,-185.8841246218,-335.4490941747,-281.4409614207,-330.8940063175,-295.8579762062,-474.403284181,-472.7219728411,-298.5190599629,-188.3263777532,-548.1182590895,-273.1940938014,-926.0941229017,-1359.5988472338,-259.2426291094,-404.3401095948,-310.4035881872,-214.6428085824,-308.0703477371,-589.5037649818,-320.1026941329,-446.6025945465,-250.9302003795,-365.5940381393,-370.1164930084,-419.1872919032,-513.2227775903,-325.8290394761,-301.5534688475,-431.8346151732,-314.3394719984,-286.4196690194,-194.2431057811,-325.6738591429,-243.4530928021,-646.1658235461,-276.8381122167,-283.7048160723,-265.1990604701,-299.151132648,-283.3897579846,-161.2168115893,-306.2705415688,-453.533140773,-459.1253121521]},"Model1 ll":{"0":[-133.7413585551,-129.9250205694,-119.9524165872,-116.3905625456,-115.4002422852,-126.7019650336,-130.1383937294,-138.7501846786,-128.385926595,-123.3484694825,-127.9323111097,-131.9004256484,-141.861218482,-134.3632523942,-165.7455982496,-142.6752748724,-136.8369568444,-124.8581787386,-126.4032633851,-121.0848232623,-128.2053678351,-121.8371963566,-133.5066648361,-150.2492530887,-120.5590567807,-139.4417487269,-118.6978851691,-131.8865179775,-123.7819335992,-134.1014638362,-118.7109974778,-129.0591895447,-132.2331749678,-129.5234833907,-132.2925467562,-140.0663538159,-129.7803884466,-133.3198272796,-118.1436181689,-124.2558487162,-135.8534125841,-115.5159571435,-127.3213289956,-126.816380916,-127.5406893377,-138.4080830799,-123.4382715915,-156.8006756388,-144.0884902285,-137.4085965087,-134.5425125738,-138.3408756973,-132.8568160193,-139.4763496163,-127.4857631727,-129.2351127896,-126.3583524942,-114.4446109477,-129.2775297745,-140.8163586863,-143.6363761769,-138.9718119185,-131.5126637046,-131.1145836968,-127.5884227909,-128.1230317835,-125.5851733947,-132.7429646396,-203.6808536276,-135.3856456471,-155.6758786849,-137.2124930068,-129.459101503,-133.7543397462,-120.1381856075,-130.4878925853,-122.2577159465,-138.4480950891,-120.6987967168,-132.3134220648,-162.8047520348,-150.8260495605,-144.253962839,-133.8412542625,-124.0902912863,-132.643967184,-124.7804175014,-120.5518493753,-128.809353859,-127.8246110029,-128.7966026137,-131.6868182732,-126.4244381609,-145.9904394142,-148.8054919706,-130.2478979177,-122.5729558453,-121.5652434882,-151.6109943357,-123.7205332628]}}