{"Tau":{"0":0.0501187234},"Kappa":{"0":10},"Positive hit":{"0":100},"Model0 ll":{"0":[-1129.3151890585,-960.0351101492,-911.8264345335,-1122.7933237987,-742.049122756,-1110.1634708789,-925.0194729254,-1077.4924795239,-1039.0379280996,-953.8496176149,-1435.5044697574,-1302.7079168571,-1130.5565665697,-1280.3864737845,-1210.1775987257,-1061.0664626604,-1078.089096226,-1102.1503270743,-1294.7757729459,-759.8565437631,-895.5114019798,-1086.5867882137,-948.8973199288,-882.8642186463,-958.0761707025,-788.324484802,-1067.7603374048,-1039.6540236165,-1111.8433707588,-826.1244822923,-1076.6596002205,-1118.7534519906,-757.3076504924,-1228.7588616868,-827.0930739919,-1014.3272746879,-1237.1109929767,-1261.0699797186,-1338.758687143,-1125.2599350017,-1681.3429616283,-978.6491072502,-985.7267993312,-1899.9439984567,-846.851498347,-982.0705967501,-1558.7966300124,-1090.81873685,-931.2445491285,-1080.098307448,-1057.3578443425,-1281.913697362,-1298.8976794064,-847.0641302906,-1491.4998623546,-1086.9309540943,-1148.408798559,-556.9980904061,-1089.2662809154,-1047.6849735547,-1000.0315882978,-1186.7952360323,-1740.3675156961,-966.8387777733,-1253.016818318,-1021.4833440724,-831.0233379895,-987.3989230217,-1092.1093479328,-888.9866723784,-1012.2167702625,-1217.3735242897,-914.252725955,-1693.6694946114,-1273.0440666815,-1017.6067238543,-906.7024953822,-970.829967439,-1001.1852478216,-752.4178946752,-1153.3955625818,-984.7677382353,-975.8644293002,-1251.7252745898,-1276.7680370442,-1170.0530539516,-1032.6645315348,-1037.1598429077,-967.0622160978,-1068.7484232321,-1656.7490816623,-1023.0068681265,-784.5912520483,-1222.0904226814,-1101.9667801516,-1144.0211796161,-1322.6422063245,-917.1112695655,-958.0122037631,-886.158777729]},"Model1 ll":{"0":[-114.6640586103,-136.928630006,-140.8660714921,-151.6002794329,-117.4422835493,-129.716402292,-128.8808104208,-146.2652397139,-173.9071837927,-132.9037541398,-138.952399306,-141.6698504567,-148.5342137322,-130.3750469003,-157.5718306217,-127.4158495858,-149.7308318196,-141.0645831665,-128.0400298206,-141.298942488,-130.343987651,-146.3198590186,-138.235916352,-133.8069972956,-136.5435151158,-129.3768448453,-151.1510312695,-139.3612750046,-156.9672598739,-127.7762400237,-134.4329896893,-142.7791736566,-129.7533728701,-155.5577982617,-137.725514758,-126.6539923491,-133.955088494,-128.5429927021,-124.2380281561,-120.3558865659,-128.9836323134,-138.249648385,-125.712595145,-182.8755177374,-125.9866928286,-137.0390712414,-134.4603276182,-138.8019106254,-132.8762879744,-140.339895011,-129.1050107496,-131.5479098641,-128.6877174728,-130.0310843072,-134.5166239031,-152.598334395,-131.2421474319,-151.9288147232,-177.1687243602,-136.915798257,-141.3948963649,-139.866560521,-146.1473457807,-135.2770450296,-129.7647250571,-151.0398950083,-122.8790232216,-120.9193406588,-127.5086619381,-131.5802151898,-114.3192806209,-132.529435874,-146.7393647781,-141.4714481294,-140.4985997754,-125.0593061822,-138.070294183,-120.8574405443,-128.5899361519,-126.6265077599,-134.3011131473,-129.5173310455,-118.04523648,-153.5735894575,-149.6482768397,-134.8984110106,-120.6789272046,-129.4708559313,-144.4703644811,-136.4954093714,-131.6562318021,-191.4369716781,-129.8209890592,-130.9573572587,-148.15157828,-146.3240125655,-136.0248736789,-128.8309572819,-127.6481248105,-135.5966756631]}}