{"Tau":{"0":0.2511886432},"Kappa":{"0":10},"Positive hit":{"0":100},"Model0 ll":{"0":[-8704.3285280775,-8638.3369298289,-9522.9674595995,-9131.7687277984,-8554.0853609079,-8848.135003702,-8721.548856373,-8521.3527302706,-8821.903458565,-8878.7553741003,-8769.7204035169,-8502.0914924194,-8426.0568515906,-8678.2899130028,-8653.3162492663,-8280.7428092292,-8553.5338743038,-9212.2456236916,-8405.5912494732,-8222.1321109275,-8957.4646064123,-8647.8949999017,-7576.7010127918,-9701.4004476194,-9101.1174185565,-7831.3907158457,-7680.6574316113,-8805.5633251387,-9103.3250855946,-8826.121340186,-8697.0857660965,-8520.5426507975,-8717.3135495313,-8315.3565048918,-9387.8534495446,-8103.2658463388,-8325.7754163846,-8530.9039197073,-8090.4725094944,-8682.060457122,-8718.7057096046,-7769.5372125417,-8033.4444560804,-8911.4912451386,-7780.4616780724,-8282.6611549035,-8925.700554073,-8902.98477918,-8990.1371211558,-8467.1399345194,-7766.2440662725,-9209.6660227559,-9706.8347599226,-9730.812848233,-8628.8446588656,-9034.7580267071,-8528.3039213946,-7662.8093511571,-8296.7565661069,-8841.7319896777,-8369.7594080523,-9695.4312193176,-8972.0346405419,-8360.1163197011,-8403.0440755319,-10184.079338109,-9079.0283903374,-8668.4948143034,-8953.6339762059,-8465.485293312,-8508.3361693179,-7910.9765053133,-8837.1842155204,-8802.7722775428,-8519.7482947817,-8203.1626429465,-8269.2445034049,-8961.9879246443,-8833.9838720927,-9200.1100958052,-8526.6365998402,-8071.5464628108,-7795.1592939268,-8003.4125762197,-8603.3214999008,-8741.209468088,-8466.5817059141,-8804.1567068504,-8688.9766102854,-9123.4354566914,-9106.9133301998,-8343.6851927449,-9189.6515216998,-8544.5676784783,-8733.1666778892,-9966.2391097306,-8750.3335809574,-9468.1998128595,-9348.1815065913,-9912.1111462412]},"Model1 ll":{"0":[-164.5430514666,-159.6625567119,-167.2523162608,-206.6972534825,-170.7245732502,-176.351406621,-151.6701833571,-154.0395870675,-141.0004322076,-175.7018150759,-204.2475764628,-141.8139080894,-132.5374526637,-131.6572434576,-160.1637906824,-148.401288411,-204.0668414174,-158.1293820914,-194.8922403951,-138.0859295962,-143.9221887821,-145.1894534175,-150.3275639931,-159.8578101141,-167.7863012577,-168.2467067069,-157.9015753852,-145.0905855958,-120.6483233841,-144.3649647515,-142.4144950458,-170.4578872123,-142.4601230503,-155.3087986778,-140.9817222868,-147.6296398445,-131.2447639986,-180.4547082114,-118.2081503875,-130.5157521978,-124.5945882975,-168.2080811928,-147.9021485876,-150.8030482007,-145.0747648272,-127.6919190921,-148.4435963867,-140.0695808581,-187.4470590892,-136.6830341464,-149.8659432303,-179.1803770576,-182.2801247507,-143.275904943,-152.7695732701,-223.5188233831,-152.6251466413,-148.4306471782,-143.3609688352,-169.5525008445,-120.1047186602,-196.8225071293,-139.7903081226,-125.4388903603,-175.1943875146,-183.8884033724,-147.0348076151,-124.9047311938,-129.2775487831,-163.3876749285,-147.8834765595,-147.9645874375,-125.7215802559,-153.5584836404,-154.680392439,-151.5461028654,-152.8406719428,-154.1584499278,-153.7479885628,-181.8198025764,-148.8299396459,-133.3175256093,-162.1954178721,-151.5203604028,-131.243291954,-193.8091078838,-137.1370491922,-140.2038904925,-141.7208166211,-142.0600876679,-136.8253305188,-135.5952147895,-191.2528756536,-153.4879434942,-193.1684283489,-171.7576887739,-165.8838421833,-142.351643635,-203.214553402,-185.143460817]}}