{"Tau":{"0":0.001},"Kappa":{"0":10},"Positive hit":{"0":36},"Model0 ll":{"0":[-132.5006346062,-134.9950108287,-124.8572628867,-151.7052440825,-121.9622387279,-154.5498127725,-135.0474201738,-209.5070376163,-120.1887327387,-137.823542692,-125.3334226805,-131.1563234239,-122.3720973271,-126.2129139011,-135.2026352418,-150.6954712168,-113.9839846943,-133.8715560474,-138.900342304,-126.5997636231,-138.6957172659,-140.9511512756,-139.9201519358,-139.4813101386,-134.8314818078,-142.38076983,-137.6487689956,-122.1676984633,-127.4273936747,-128.2454470879,-122.6242435226,-117.994255699,-141.5030335048,-129.8011314356,-120.9713915006,-129.1650605401,-147.5167987362,-133.2644572876,-121.0499518413,-136.5701266787,-127.7733397281,-135.7111745513,-121.2736600114,-131.7339333713,-136.2390165588,-142.0191923712,-141.6898198944,-170.5851848746,-131.7823385191,-147.2947112293,-114.8182911841,-120.7378718593,-124.6017184586,-132.8149922376,-148.9006585386,-149.8711700145,-128.454691624,-127.9915336901,-139.9937710008,-123.9246996684,-120.0464148592,-169.1316249019,-133.017349269,-129.8119150128,-125.191163914,-132.147419655,-140.5081751639,-157.8917584172,-140.8241599301,-124.0206174898,-139.7009108774,-129.3067287054,-131.5182981728,-133.1991791782,-129.6091305761,-145.4182916537,-144.2493818791,-143.2429304846,-120.674525739,-270.9349643489,-131.2692156982,-134.4479855657,-154.3371924471,-146.1669354273,-137.6042568435,-134.4214027262,-131.1568177782,-139.3330666713,-123.9051617646,-143.413980615,-183.451529341,-136.5064330345,-148.9297495733,-134.4304772749,-184.1674446895,-124.6641682606,-123.5765411234,-135.3169277615,-141.5075202806,-124.6977905421]},"Model1 ll":{"0":[-124.2260801107,-135.1006839077,-124.8572645634,-151.9317358253,-120.5895242861,-146.0873790896,-130.386551116,-136.5415306559,-119.4504756721,-138.0458669021,-121.1143717884,-131.1563256706,-122.4904195435,-123.8132324525,-135.4057712019,-150.6757453971,-114.1283360551,-133.1450027719,-132.818955729,-126.6585399213,-136.7166196995,-131.4350156896,-139.5360338116,-139.9469030144,-134.524737031,-138.9087892384,-130.0190908216,-122.1875680094,-120.5743821164,-125.7479537909,-122.1026908336,-118.1896277845,-141.5030388558,-129.8639766767,-120.9713946804,-129.0316964689,-131.6014253473,-133.0229480833,-121.1884936022,-130.4105390931,-125.0830205652,-135.7943947048,-118.3402084514,-131.9245630886,-130.1265682103,-141.9929823127,-141.8577169083,-157.8455934863,-131.9613323174,-147.0662943393,-115.1472057106,-120.7378701367,-124.6017211972,-131.9760385733,-136.3642385161,-149.4551805119,-128.9540875855,-126.1567686532,-137.7455616625,-123.9634098032,-120.2414778887,-161.0121015885,-133.0667792783,-127.9012353096,-125.6542161041,-132.147422836,-140.9340798163,-146.7175291224,-140.8776898547,-123.9581066532,-140.0258793573,-126.9757606331,-129.8684705181,-123.0961702099,-129.6340085575,-145.4117024901,-141.6355912716,-143.2429304845,-121.2341122186,-173.3695618006,-127.9143166307,-134.3205838376,-154.3371992127,-146.4880027801,-135.3524544657,-134.4214072762,-131.6555001508,-132.667969694,-123.9991308327,-143.5839130349,-166.4299806256,-134.3144471936,-138.1822419007,-127.9010846125,-141.6253936878,-124.7098810714,-123.4924692304,-129.6040846227,-141.8692010896,-124.6977905427]}}