{"Tau":{"0":0.316227766},"Kappa":{"0":10},"Positive hit":{"0":100},"Model0 ll":{"0":[-10320.7641882654,-11184.0124449404,-9745.05174852,-9498.237461686,-10415.9434689838,-10979.7202973699,-10831.5007190094,-10662.9136802666,-10680.9878358807,-11736.61111166,-10432.1679843833,-9989.5601080923,-11268.9425169725,-10621.0152825465,-10541.879081955,-10781.4933815142,-11244.9224007702,-11421.0636519788,-11740.7206008311,-10854.0915249994,-10163.631464314,-11074.9967447235,-10251.0470656583,-10313.831216788,-11237.2680882536,-10782.2552318151,-11229.3582649813,-10516.2285215621,-10429.6311041492,-10576.1740267985,-10570.5810740018,-10657.1440725911,-10347.4545329246,-10080.8089404301,-10516.7343520991,-10760.5608108924,-9941.8376399614,-10170.6528991427,-10393.1938261842,-11259.1435184119,-10758.0711432445,-12245.0488093053,-9148.7298246228,-11016.3820918303,-12015.8089859504,-12063.3525401645,-11047.937046661,-11028.7094061679,-10449.6449688293,-10618.28792831,-9444.7225203832,-12113.9691735491,-11778.0831750155,-11266.3316456541,-10618.1304589793,-11138.0424009038,-10893.6239306001,-10682.9586850037,-8672.7336209869,-10601.4905938487,-10137.5315381079,-11321.8626589518,-10312.0593482006,-10964.9268062602,-11991.5615877156,-11715.9852164307,-10833.187787578,-10634.8828921139,-10597.5738517329,-10754.0684074446,-10317.1759754728,-10337.6813419008,-11012.3718628254,-9703.2964136858,-10531.8039639577,-10435.4973789012,-10863.7184821053,-10533.9307600869,-10685.7334296201,-10294.0379511509,-10223.3797386368,-9677.4203833111,-10029.6403601415,-11579.9483143307,-11405.8081471646,-10197.2988746482,-11938.7630621766,-11206.9828422887,-11032.5038259172,-11462.3846493993,-11015.9345078458,-11116.4858792271,-10179.3370061965,-11614.9905317514,-11711.470667153,-11475.8502108864,-11398.4789944386,-11118.9260389332,-10989.9112627197,-10311.027899227]},"Model1 ll":{"0":[-182.1760427909,-149.7211884668,-127.3330993709,-159.4049935921,-154.3941869204,-178.7780068007,-184.4363385831,-190.6464837322,-164.7906759125,-193.1973369241,-158.8479363879,-173.2923104397,-181.7052337862,-124.4084765564,-200.1262860751,-191.6259620246,-160.1122527016,-161.6297555209,-153.7946340652,-162.0139148966,-151.9656317431,-177.5507083734,-146.9716398196,-151.4610544597,-159.8979088342,-155.9161405749,-153.9213790312,-185.9986485526,-144.8137067638,-127.6723651271,-142.4882967486,-124.8615780477,-131.1105081251,-155.5654322255,-175.892854207,-167.6546342681,-140.7648304452,-129.5296436574,-171.1381750328,-190.9835148785,-155.2191156241,-206.9370805766,-169.9420139044,-167.9469550714,-172.7396471793,-196.3086819882,-170.5947301366,-135.0538907415,-139.0626565653,-172.1082015721,-164.7074879668,-173.4229770997,-192.4772396302,-163.2755233155,-119.1660064757,-179.4020636491,-174.2436084619,-145.1832852868,-164.7713189141,-183.2723678089,-148.5861158941,-149.7471516651,-152.3402490547,-174.5726894182,-236.94779779,-195.5067478072,-176.598355324,-157.4149743529,-159.6862210828,-141.9670382274,-159.0526103422,-151.8424141712,-223.8153130257,-129.4429865535,-188.7519479132,-136.0699762276,-136.5453705806,-131.3181964287,-163.4230143155,-207.2999956644,-122.6475604017,-184.2522858347,-163.5588650901,-197.8795145888,-241.3385552632,-153.0024895309,-202.9823779977,-164.2655277832,-146.6368352862,-170.7083568152,-153.6136227346,-145.7087345851,-158.039534725,-217.4146415402,-181.1620855983,-207.5204185145,-173.7836131261,-170.4325980328,-124.9424929411,-170.9359765258]}}