{"Tau":{"0":0.0007943282},"Kappa":{"0":10},"Positive hit":{"0":34},"Model0 ll":{"0":[-135.3529886541,-136.2510507438,-131.8479707391,-147.4087869671,-155.9391978561,-126.6060555671,-131.2422305893,-153.9490193856,-122.7617498326,-136.5921285789,-132.3389161574,-192.0641431872,-121.2681460913,-135.9582959143,-129.6032554108,-122.5561574087,-127.722086255,-165.1127354515,-122.0592495008,-132.3123948703,-117.1382921868,-131.9878287484,-124.5864646596,-160.696208733,-143.4719522476,-130.9966622069,-134.458449217,-139.4414897245,-121.6439524974,-130.3658595973,-144.5782156357,-136.6779423276,-136.9794804542,-137.2684056598,-156.2387952201,-125.8214586296,-142.5806313459,-134.6241632109,-137.1427088539,-139.8075284452,-150.8994732373,-139.1568182834,-121.3093828021,-134.4630626113,-133.0049964913,-139.2274521335,-138.1003885844,-119.1926178689,-141.4931297564,-145.4828000927,-142.7367008776,-132.0535511323,-137.5498662278,-203.5946933879,-121.693281617,-149.6100271471,-122.5420120685,-137.5304797085,-138.7825752287,-229.2068693316,-141.0778626517,-130.7060809981,-127.3720404075,-136.7303168622,-130.0285140374,-119.0692504138,-137.5373067149,-122.5884297774,-115.9882166603,-134.4556736203,-122.5612680686,-153.0158776569,-151.0733424,-131.3842585009,-132.0264480918,-138.1007883653,-163.7777420121,-133.3648853159,-136.8694495479,-135.9186915276,-135.116151842,-140.9284345969,-124.4046488077,-139.2651446842,-131.6975324882,-143.9310775516,-132.4877455145,-124.3918342821,-125.0973561296,-118.9383840626,-151.9225124474,-134.0627524734,-133.0508082625,-132.9049698682,-132.4633217101,-129.6457643646,-135.5875065897,-129.5546870905,-155.2908498935,-135.0620411867]},"Model1 ll":{"0":[-135.3760991336,-136.7873189675,-119.3316122499,-147.4495958759,-156.1218197112,-126.7037068133,-126.677081213,-143.6372047989,-121.8516458844,-127.8515766171,-132.6783371842,-128.7109716255,-121.2775828446,-135.6138941025,-129.4725834764,-118.1142511854,-127.3763229541,-165.2179655685,-122.2869952491,-123.4744298111,-117.1059313138,-126.7155542644,-124.8007398612,-160.6962140649,-143.1472190177,-130.9966767127,-134.822348472,-133.5416915123,-121.5163257463,-130.6182675584,-141.8634030411,-121.1732930438,-136.0744379296,-133.6892043964,-149.7946648426,-125.6528711248,-131.9195714137,-134.6241632655,-137.0103692829,-137.9314007162,-142.7596670898,-138.3004066157,-117.5693802439,-134.5762416452,-121.4286779321,-139.2301192478,-129.4214021725,-117.2607456884,-141.1541330052,-146.1073826452,-139.7281742564,-130.4357352357,-126.2962173534,-139.635814769,-121.8718199627,-149.4360102696,-122.7149498801,-137.2948534515,-138.5295423272,-157.1579835937,-136.6851140219,-130.8583062688,-127.9708873655,-133.5224001914,-127.7973989406,-119.0337593137,-137.5266212987,-122.9328701911,-115.4258689942,-128.9975775196,-122.5612695553,-151.7912200208,-128.7658133154,-131.2972583283,-132.2740246036,-139.0289056875,-133.2508846788,-133.4768544559,-137.0830437027,-135.9754370098,-135.5320994177,-141.2246853819,-122.125278379,-139.2585268501,-118.9676781389,-144.3767459229,-128.4040974982,-122.7669957758,-119.5941639373,-119.1213363125,-151.9225207422,-134.5844923988,-133.0852240188,-133.0492836835,-128.6052412323,-129.8201264641,-136.0818258405,-128.278069546,-155.2908469488,-135.2424984259]}}