{"Tau":{"0":2.5118864315},"Kappa":{"0":10},"Positive hit":{"0":100},"Model0 ll":{"0":[-13005.1640605886,-12802.1964282225,-13237.944027942,-12962.7935739727,-12406.9319641778,-12615.6765544618,-13195.5919783697,-12949.5213935471,-12993.3143263397,-13239.3990674549,-11860.4808908609,-12113.5684242994,-13546.7240465769,-11184.2522702407,-13031.5797203197,-13054.5277417031,-12111.5359527677,-12342.7403719567,-12896.9035987437,-12377.3509337525,-12264.3063553516,-13471.6562211243,-12374.0354410222,-12920.8563919979,-11453.9592824759,-12401.2138100086,-12761.1122231435,-13752.7949153012,-12697.6525396309,-12115.2153750212,-12055.6242595721,-13177.3537503542,-13115.898056079,-12806.3883988875,-13012.039285111,-12505.1212576955,-12338.5663179202,-13085.366581706,-12905.5770557794,-12703.5960907479,-12889.4635476091,-11820.2028485652,-12974.4295767614,-12798.3250522892,-13300.1261891553,-11704.9494641935,-12276.643248087,-13567.6022446861,-11944.6124321987,-12733.840206871,-12153.3861863042,-12229.6885433924,-13147.4743945996,-12677.4783938184,-12192.5288180292,-12683.6147590131,-12741.4390082134,-13227.125985342,-12637.1840138275,-12704.6116814927,-13211.1087410978,-12496.0855103943,-11790.127101397,-12016.7624375037,-13406.8316770737,-12465.7264331937,-13058.4352410436,-12736.5341226025,-11991.2171627693,-12977.0765292304,-12653.9741554599,-12002.4566001412,-12425.0763825925,-12938.7815055667,-13115.1322719722,-12576.3407957214,-12669.3343440313,-13144.1861895629,-12968.0411887234,-12661.0734052522,-12336.3233366386,-12741.2645081769,-12234.8528117807,-13274.2194407371,-12325.1437788399,-12560.0606243289,-12168.8369109382,-12691.0752744676,-13805.3466481128,-13846.4762574839,-12860.7773626433,-13367.2361419336,-13115.5125020552,-12981.0769192589,-12421.367138119,-13186.9002550027,-12643.2192516491,-12814.7413810179,-11588.0458589496,-12870.3938297462]},"Model1 ll":{"0":[-222.1833512767,-184.0584701849,-146.3685291134,-159.7047285221,-167.3668552378,-211.9073911177,-180.1361198225,-269.0187867091,-276.6912061658,-171.987236543,-198.3777957945,-183.2816708659,-200.7942020435,-159.7594442199,-197.0845946797,-158.3422397241,-190.2968432479,-240.4880159801,-170.105277289,-201.788466347,-197.9034996826,-211.4486779972,-188.7876845935,-180.7364382335,-281.0937372802,-163.6327355222,-141.5897283234,-200.4946684677,-217.4538092291,-182.4613151744,-215.9052096221,-155.4937354904,-169.7365275136,-167.4930214872,-193.557077752,-166.8328429163,-173.311018643,-185.502715392,-169.1262718689,-215.3366965586,-141.3086140749,-153.7394675167,-146.4954917445,-160.1766718537,-207.1068448237,-159.0979367722,-176.6618497554,-175.465071402,-175.3829974032,-196.411832775,-285.9941465347,-148.1016429005,-144.1204000765,-245.8177443117,-191.3883005977,-187.9150589211,-166.3056403571,-223.8050677734,-228.8418715473,-178.6705774113,-154.4005662248,-174.7617645263,-191.6220463991,-154.075678142,-213.182351574,-163.2875388225,-180.2353697629,-211.1760465916,-212.790629428,-327.0898888096,-120.5483897101,-208.6974651576,-221.2541073781,-220.5234666457,-244.6104898788,-221.8539473514,-198.807018465,-219.289859773,-173.9926672058,-253.6374002417,-179.9485030649,-178.6871150372,-221.7837931258,-156.0441200618,-162.097154253,-257.5808251354,-243.3297038949,-266.6697296779,-204.5801520432,-205.5237261489,-172.1889265503,-143.9813781789,-259.5284376888,-281.5288354744,-151.2025809612,-194.8022809407,-331.7400806876,-148.263188256,-133.5639765724,-191.5577007804]}}