{
    "alpha": 100,
    "hidden_states": {
        "Pop1": [
            0.0,
            0.00048196283872620384,
            0.0009524977273487089,
            0.0019105701190047706,
            0.0036131613534076987,
            0.006951189618699685,
            0.01343859403158588,
            0.02793500803111634,
            0.10923766471502808,
            Infinity
        ]
    },
    "model": {
        "N0": 6.250000000000001,
        "class": "SMCModel",
        "knots": [
            0.00048196283872620384,
            0.0019105701190047706,
            0.006951189618699685,
            0.02793500803111634
        ],
        "pid": "Pop1",
        "spline_class": "Piecewise",
        "y": [
            -0.35306925063774347,
            -2.3582487472280085,
            -3.8138540717068867,
            -1.2721302526477989
        ]
    },
    "rho": 4.997307764241483e-06,
    "theta": 0.0001
}