{
    "alpha": 100,
    "hidden_states": {
        "Pop1": [
            0.0,
            0.076797226976216,
            0.15443288372046196,
            0.3055102037703398,
            0.5750064269784736,
            1.106568219423766,
            2.179801298666476,
            4.769257485052262,
            5008.422640581655,
            Infinity
        ]
    },
    "model": {
        "N0": 0.0625,
        "class": "SMCModel",
        "knots": [
            0.076797226976216,
            0.3055102037703398,
            1.106568219423766,
            4.769257485052262
        ],
        "pid": "Pop1",
        "spline_class": "Piecewise",
        "y": [
            9.150585961106255,
            9.150585961106255,
            9.150585961106255,
            9.150585961106255
        ]
    },
    "rho": 0.0001,
    "theta": 0.0001
}