{
    "LL": -3.9204842404902127,
    "alpha": 100,
    "hidden_states": {
        "Pop1": [
            0.0,
            0.07380879715929496,
            0.35545189942159344,
            1.6136606831455742,
            5007.798589201714,
            Infinity
        ]
    },
    "model": {
        "N0": 0.0625,
        "class": "SMCModel",
        "knots": [
            0.07380879715929496,
            1.6136606831455742
        ],
        "pid": "Pop1",
        "spline_class": "Piecewise",
        "y": [
            2.638339529693562,
            4.7926612749466635
        ]
    },
    "rho": 0.009996002840327433,
    "theta": 0.0001
}