{
    "alpha": 100,
    "hidden_states": {
        "Pop1": [
            0.0,
            0.07594358236998076,
            0.18992465386478652,
            0.474454320872709,
            1.190609502224257,
            3.1704750185375143,
            5007.950369435949,
            Infinity
        ]
    },
    "model": {
        "N0": 0.0625,
        "class": "SMCModel",
        "knots": [
            0.07594358236998076,
            0.474454320872709,
            3.1704750185375143
        ],
        "pid": "Pop1",
        "spline_class": "Piecewise",
        "y": [
            6.366204757874991,
            6.366204757874991,
            6.366204757874991
        ]
    },
    "rho": 0.0001,
    "theta": 0.0001
}