{
    "alpha": 100,
    "hidden_states": {
        "Pop1": [
            0.0,
            0.00048237004076841884,
            0.0006653254386108608,
            0.0009079310026265144,
            0.0012664894101020495,
            0.0017434698692054328,
            0.0023635308847451946,
            0.003207099691369205,
            0.0043041965088322235,
            0.005752794237891252,
            0.007953834581457559,
            0.01079404984685321,
            0.01475081333977481,
            0.020634969084912577,
            0.02949648559708095,
            0.04448804557805344,
            0.11574519363630516,
            Infinity
        ]
    },
    "model": {
        "N0": 6.250000000000001,
        "class": "SMCModel",
        "knots": [
            0.00048237004076841884,
            0.0009079310026265144,
            0.0017434698692054328,
            0.003207099691369205,
            0.005752794237891252,
            0.01079404984685321,
            0.020634969084912577,
            0.04448804557805344
        ],
        "pid": "Pop1",
        "spline_class": "Piecewise",
        "y": [
            -5.376487469518667,
            -3.712531141295254,
            -1.9751317611392696,
            -1.5277602166638276,
            -1.7940382389903229,
            -1.7782846687337928,
            -1.3064917424377622,
            -2.055140772903912
        ]
    },
    "rho": 0.003316058967637314,
    "theta": 0.0001
}