{
    "alpha": 100,
    "hidden_states": {
        "Pop1": [
            0.0,
            0.00048237004076841884,
            0.0006653254386108608,
            0.0009079310026265144,
            0.0012664894101020495,
            0.0017434698692054328,
            0.0023635308847451946,
            0.003207099691369205,
            0.0043041965088322235,
            0.005752794237891252,
            0.007953834581457559,
            0.01079404984685321,
            0.01475081333977481,
            0.020634969084912577,
            0.02949648559708095,
            0.04448804557805344,
            0.11574519363630516,
            Infinity
        ]
    },
    "model": {
        "N0": 6.250000000000001,
        "class": "SMCModel",
        "knots": [
            0.00048237004076841884,
            0.0009079310026265144,
            0.0017434698692054328,
            0.003207099691369205,
            0.005752794237891252,
            0.01079404984685321,
            0.020634969084912577,
            0.04448804557805344
        ],
        "pid": "Pop1",
        "spline_class": "Piecewise",
        "y": [
            -4.515489203701044,
            -3.1492281428381292,
            -2.86298228372049,
            -2.6479664261713687,
            -2.379602216431562,
            -2.05569541564317,
            -1.7800658928425341,
            -2.6324233721660932
        ]
    },
    "rho": 0.0003420507571763744,
    "theta": 0.0001
}