{
    "alpha": 100,
    "hidden_states": {
        "Pop1": [
            0.0,
            0.08103132887681724,
            0.15124490794843298,
            0.29724060052098,
            0.5739783583169861,
            1.1366120986427273,
            2.1993366237115133,
            4.76772363551505,
            5008.51502233251,
            Infinity
        ]
    },
    "model": {
        "N0": 0.0625,
        "class": "SMCModel",
        "knots": [
            0.08103132887681724,
            0.29724060052098,
            1.1366120986427273,
            4.76772363551505
        ],
        "pid": "Pop1",
        "spline_class": "Piecewise",
        "y": [
            9.14367613964616,
            9.14367613964616,
            9.14367613964616,
            9.14367613964616
        ]
    },
    "rho": 0.0001,
    "theta": 0.0001
}