{
    "alpha": 100,
    "hidden_states": {
        "Pop1": [
            0.0,
            0.07904439112614754,
            0.11131563907721914,
            0.15645795720436295,
            0.22148525083213289,
            0.3082326322485844,
            0.44347013960688525,
            0.6292013316370455,
            0.889335431400467,
            1.280727269973001,
            1.83771809263991,
            2.6734132341486028,
            4.085310291871331,
            6.952565909362154,
            5007.908778124425,
            Infinity
        ]
    },
    "model": {
        "N0": 0.0625,
        "class": "SMCModel",
        "knots": [
            0.07904439112614754,
            0.15645795720436295,
            0.3082326322485844,
            0.6292013316370455,
            1.280727269973001,
            2.6734132341486028,
            6.952565909362154
        ],
        "pid": "Pop1",
        "spline_class": "Piecewise",
        "y": [
            6.408687361607033,
            6.408687361607033,
            6.408687361607033,
            6.408687361607033,
            6.408687361607033,
            6.408687361607033,
            6.408687361607033
        ]
    },
    "rho": 0.0001,
    "theta": 0.0001
}