{
    "alpha": 100,
    "hidden_states": {
        "Pop1": [
            0.0,
            0.0005205466987240942,
            0.0006721131559696335,
            0.0008618250915313073,
            0.0010929212290680908,
            0.001374915455468507,
            0.0017411187447021164,
            0.002200167560362821,
            0.002788388341391606,
            0.003578739724834607,
            0.00454335208834276,
            0.00582530144120976,
            0.007357688976048564,
            0.009418069037734875,
            0.01205602172414745,
            0.015528603538840962,
            0.020064768217096615,
            0.026464154598449918,
            0.03574154067164372,
            0.051290259374577256,
            80.01592508967167,
            Infinity
        ]
    },
    "model": {
        "N0": 6.250000000000001,
        "class": "SMCModel",
        "knots": [
            0.0005205466987240942,
            0.0008618250915313073,
            0.001374915455468507,
            0.002200167560362821,
            0.003578739724834607,
            0.00582530144120976,
            0.009418069037734875,
            0.015528603538840962,
            0.026464154598449918,
            0.051290259374577256
        ],
        "pid": "Pop1",
        "spline_class": "Piecewise",
        "y": [
            5.907912552790047,
            5.6576274894984016,
            5.406291145983188,
            4.888116564258043,
            3.8013558135425107,
            2.0751886185799986,
            0.059691309661971746,
            -1.4614236876237119,
            -2.351575830721411,
            4.414564437942087
        ]
    },
    "rho": 0.00999498723974041,
    "theta": 0.0001
}