{
    "alpha": 100,
    "hidden_states": {
        "Pop1": [
            0.0,
            0.0005205466987240942,
            0.0006721131559696335,
            0.0008618250915313073,
            0.0010929212290680908,
            0.001374915455468507,
            0.0017411187447021164,
            0.002200167560362821,
            0.002788388341391606,
            0.003578739724834607,
            0.00454335208834276,
            0.00582530144120976,
            0.007357688976048564,
            0.009418069037734875,
            0.01205602172414745,
            0.015528603538840962,
            0.020064768217096615,
            0.026464154598449918,
            0.03574154067164372,
            0.051290259374577256,
            80.01592508967167,
            Infinity
        ]
    },
    "model": {
        "N0": 6.250000000000001,
        "class": "SMCModel",
        "knots": [
            0.0005205466987240942,
            0.0008618250915313073,
            0.001374915455468507,
            0.002200167560362821,
            0.003578739724834607,
            0.00582530144120976,
            0.009418069037734875,
            0.015528603538840962,
            0.026464154598449918,
            0.051290259374577256
        ],
        "pid": "Pop1",
        "spline_class": "Piecewise",
        "y": [
            6.2419599755259245,
            5.905888969525825,
            5.569470077812544,
            4.981791124223748,
            3.8561013395652135,
            2.12608230995691,
            0.10991497648916214,
            -1.5160116010572633,
            -2.544308679510111,
            4.526705801537898
        ]
    },
    "rho": 0.00999559549452458,
    "theta": 0.0001
}