{
    "alpha": 100,
    "hidden_states": {
        "Pop1": [
            0.0,
            0.0005205466987240942,
            0.0006721131559696335,
            0.0008618250915313073,
            0.0010929212290680908,
            0.001374915455468507,
            0.0017411187447021164,
            0.002200167560362821,
            0.002788388341391606,
            0.003578739724834607,
            0.00454335208834276,
            0.00582530144120976,
            0.007357688976048564,
            0.009418069037734875,
            0.01205602172414745,
            0.015528603538840962,
            0.020064768217096615,
            0.026464154598449918,
            0.03574154067164372,
            0.051290259374577256,
            80.01592508967167,
            Infinity
        ]
    },
    "model": {
        "N0": 6.250000000000001,
        "class": "SMCModel",
        "knots": [
            0.0005205466987240942,
            0.0008618250915313073,
            0.001374915455468507,
            0.002200167560362821,
            0.003578739724834607,
            0.00582530144120976,
            0.009418069037734875,
            0.015528603538840962,
            0.026464154598449918,
            0.051290259374577256
        ],
        "pid": "Pop1",
        "spline_class": "Piecewise",
        "y": [
            5.467167772724619,
            5.307934293293562,
            5.145841329105534,
            4.705451914573645,
            3.675534959705184,
            1.9674033494477332,
            -0.06486451323467066,
            -1.3928388503926343,
            -2.0605261632961103,
            4.248869503338922
        ]
    },
    "rho": 0.006517164613841978,
    "theta": 0.0001
}