{
    "alpha": 100,
    "hidden_states": {
        "Pop1": [
            0.0,
            0.07821904026408928,
            0.19762828829583987,
            0.5041474814396262,
            1.2793993651139457,
            3.4213270792956276,
            5008.447735812634,
            Infinity
        ]
    },
    "model": {
        "N0": 0.0625,
        "class": "SMCModel",
        "knots": [
            0.07821904026408928,
            0.5041474814396262,
            3.4213270792956276
        ],
        "pid": "Pop1",
        "spline_class": "Piecewise",
        "y": [
            9.160160662898717,
            9.160160662898717,
            9.160160662898717
        ]
    },
    "rho": 0.0001,
    "theta": 0.0001
}