{
    "alpha": 100,
    "hidden_states": {
        "Pop1": [
            0.0,
            0.07149054311840711,
            0.0980064792560534,
            0.13303752576088507,
            0.18562552246822717,
            0.25556932069408933,
            0.34452323955157754,
            0.4731341123214114,
            0.6485674377399882,
            0.8856340861809455,
            1.211866030941008,
            1.6412133590422173,
            2.274166327936328,
            3.1933793114443043,
            4.671619960235233,
            7.837116647876376,
            5007.920702794449,
            Infinity
        ]
    },
    "model": {
        "N0": 0.0625,
        "class": "SMCModel",
        "knots": [
            0.07149054311840711,
            0.13303752576088507,
            0.25556932069408933,
            0.4731341123214114,
            0.8856340861809455,
            1.6412133590422173,
            3.1933793114443043,
            7.837116647876376
        ],
        "pid": "Pop1",
        "spline_class": "Piecewise",
        "y": [
            6.3974869732326445,
            6.3974869732326445,
            6.3974869732326445,
            6.3974869732326445,
            6.3974869732326445,
            6.3974869732326445,
            6.3974869732326445,
            6.3974869732326445
        ]
    },
    "rho": 0.0001,
    "theta": 0.0001
}