{"Tau":{"0":1995.2623149689},"Kappa":{"0":10},"Positive hit":{"0":30},"Model0 ll":{"0":[-122.9640353486,-121.6677508935,-143.7466803003,-122.4208347284,-123.9068652469,-117.912618343,-115.7330164009,-122.8842398958,-125.9050943789,-144.8097854663,-129.9395619294,-132.5087522309,-124.396926571,-127.1477121029,-111.4802132009,-121.4045088462,-115.4220302506,-123.3090261072,-123.0086199618,-120.7894622862,-125.1090742169,-110.0742585125,-121.914233527,-124.3411788711,-144.9168426347,-125.11527451,-119.8596165577,-136.1035120794,-134.9781473988,-133.3960913292,-126.8251869959,-127.7925140581,-120.3101949119,-114.7815044743,-123.8264675939,-115.0531388242,-121.4113436719,-112.047997162,-122.5876740116,-119.1939888789,-167.9325812634,-132.446201505,-152.2897797951,-122.191270488,-108.7719103211,-125.2990439793,-120.8715350477,-123.951515122,-116.916567209,-109.641311919,-127.9968112814,-116.8513593715,-123.924508468,-153.005627665,-118.303367468,-126.2711770158,-121.9532374865,-119.4743240165,-121.6848343321,-113.5722564932,-133.7898840481,-115.5162042893,-127.3907387386,-135.3621525738,-140.9429997125,-134.9172006649,-116.6482241915,-117.730362795,-118.7821208979,-135.4388237228,-108.3916432248,-131.7131073371,-117.1706896323,-114.3940090294,-115.0609044385,-133.8699706744,-137.216096152,-120.7399744606,-112.8169429007,-123.6715909341,-111.9392297738,-122.3589976529,-136.8910052706,-126.6353374149,-123.4201339869,-127.2564060889,-136.4566765739,-116.1999198982,-117.7913383877,-142.2278977872,-118.9296568101,-125.5940832236,-125.5923893922,-113.5908507941,-123.5673559545,-123.9759779854,-125.0959417158,-120.7785148313,-114.5323192703,-114.52204924]},"Model1 ll":{"0":[-123.0301859236,-120.8089316091,-143.881618166,-118.8934294031,-117.8707722525,-118.0784285541,-115.8368135266,-123.047046305,-126.0641145146,-144.2478088339,-113.6909138205,-132.4595197004,-124.3969269416,-127.36806984,-111.6550034546,-113.9465141063,-115.6767780101,-107.2427436758,-123.0766669509,-120.7894638291,-125.3218844882,-110.1954326294,-121.4504237628,-123.6890539956,-141.3303997775,-125.1152781172,-119.793052374,-116.8057005946,-131.4034648838,-133.5950701633,-126.6843614854,-127.7928032263,-111.6508937471,-114.2591145529,-113.9781604737,-111.5139812575,-119.1521765626,-112.2451049449,-122.7432310781,-118.2741911271,-168.1902572508,-124.7993271385,-152.289782644,-121.5648362276,-108.4795260764,-124.7712050517,-120.8715365215,-117.5536794181,-108.6601086816,-109.6670262983,-127.8759325706,-116.7149300557,-124.0546817531,-128.1133040011,-118.5013104064,-121.7916773877,-120.0654027143,-118.9701353218,-120.7665753168,-110.8704678106,-132.1186615955,-115.7144379211,-119.3923159372,-129.7083222762,-140.8931620191,-133.6980194521,-116.7030563969,-115.8028144996,-118.290095673,-135.8483180252,-108.0158421781,-130.6410992481,-117.3229130593,-114.0036108672,-111.5238591376,-133.8699710236,-137.2160961519,-117.2560125019,-112.9014782654,-123.747778197,-111.6268455653,-118.8767115579,-136.9446851194,-126.9319846237,-119.2020581109,-127.320381342,-129.125260721,-113.8004360597,-118.0113233742,-140.8179984476,-118.6455376245,-123.2998537634,-125.9593387278,-113.6606422752,-123.5673559544,-122.3333246388,-124.9290754222,-120.4147810663,-112.4753462145,-110.626543627]}}