{"Tau":{"0":1.0},"Kappa":{"0":10},"Positive hit":{"0":100},"Model0 ll":{"0":[-247.390554153,-220.9368819281,-233.5479076433,-240.9724218169,-227.3072730012,-180.3381913342,-207.8418754276,-206.4399776815,-287.1185656332,-147.6895188094,-239.9492595194,-149.1197242488,-263.6346318283,-177.39889186,-130.7755887006,-170.1413932464,-223.6610998655,-212.5992166156,-293.8925233531,-165.4934593433,-187.3802035618,-124.9907164247,-256.8347285415,-192.220029673,-216.300539845,-178.6724582813,-243.4407566096,-185.0453330857,-282.7931326989,-230.1182832068,-214.5203198608,-210.4825233974,-269.2417125995,-206.3428695672,-229.0796163934,-108.2806115526,-215.4356686384,-265.9419513025,-147.5096258005,-200.2241298132,-200.3729716242,-157.2025461127,-150.9341385869,-165.8899589788,-236.797425255,-161.2397426098,-210.4268412849,-297.141636215,-212.6697537245,-171.9851878804,-201.354552307,-207.1839750486,-95.1177754044,-248.8067555112,-190.6177597384,-192.3970739515,-199.71693317,-300.6224522314,-243.9333818307,-212.4327889892,-159.930602113,-200.0263447897,-246.9368877107,-177.1494566017,-191.6100704444,-204.3304166123,-311.3710770771,-225.8073418349,-225.181261949,-366.6152514282,-166.5167675639,-247.4607055486,-260.6477913073,-270.8356059451,-262.8764912363,-196.3863295312,-159.2194533245,-253.1978975673,-136.9347588114,-208.5239726518,-275.0877477491,-303.4635213499,-226.908515513,-303.0761522495,-172.7114815443,-190.3194079305,-184.6479325892,-147.9639240391,-258.3165897107,-212.3132227506,-164.6401831192,-248.5609573911,-165.0263877916,-217.3005548519,-176.8408036463,-167.53205743,-277.5227751478,-185.0359524673,-253.5874140771,-246.2326722465]},"Model1 ll":{"0":[-158.2885053227,-123.7507122061,-132.15240301,-158.6149432383,-86.141386859,-118.3290475223,-153.4805066267,-141.734312853,-182.0018096156,-93.3020228085,-122.1796428661,-118.0370514533,-119.7624777422,-112.3497664105,-74.8327837723,-101.5074537983,-136.2003029641,-126.8700837882,-221.1098489061,-111.9074266973,-128.3775115944,-88.170105635,-170.9478495613,-109.2456346142,-131.149682188,-96.8830178139,-148.8400577751,-97.4629015116,-171.4783896141,-131.4548426659,-131.1177205899,-118.9268946566,-180.8275205542,-132.3270748658,-117.7196162161,-74.5571439982,-140.8339064914,-164.7481130489,-98.7196311717,-129.9020949327,-104.4312806982,-117.1748791416,-105.8641431083,-76.0994407732,-121.0337380196,-97.1037943562,-134.6225683163,-164.7672794111,-122.0715327498,-108.5925238442,-108.2447651568,-109.066508494,-69.4279061948,-145.5124870704,-91.5915924613,-113.5261990862,-95.4754914214,-187.2184782496,-149.9479337149,-116.5153941395,-93.1685683982,-99.7650497417,-167.9736212228,-100.4735888464,-117.4768133553,-132.5605673439,-188.3706573589,-157.4215381435,-109.0256145185,-206.5869857989,-101.5157672406,-173.8863421915,-181.6218531225,-164.3837526469,-148.6164536989,-109.2118278519,-114.6251972341,-143.5135947135,-88.0141604909,-138.3418931706,-168.4130181682,-181.9628349951,-142.7775869695,-209.1343443973,-97.0490686147,-149.8508897061,-114.8624374231,-83.2334835165,-153.6087177337,-143.4082293703,-93.3644366757,-120.4824273988,-80.9420352316,-115.1320438297,-98.391040026,-131.7248192638,-176.0789249362,-95.7480826035,-158.0023228529,-146.7337566256]}}