Tau,Kappa,Positive hit,Model0 ll,Model1 ll
1.0,10,3,"[-8918.242091230406, -7553.247589809314, -7724.084365416909]","[-262.4612604159174, -260.82601401469765, -194.9990556315115]"
