{"Tau":{"0":6.3095734448},"Kappa":{"0":10},"Positive hit":{"0":100},"Model0 ll":{"0":[-3191.2454849941,-3149.6429213811,-3107.481552618,-3231.7239138117,-3677.4650546729,-3095.6916168648,-2893.4790122268,-3012.8511017424,-3262.0916436573,-3050.8313320879,-2875.0103859494,-3210.7052043014,-3338.6037346003,-3254.6230109197,-2861.6627815768,-3099.3606703278,-3297.0890582556,-3341.0193453374,-3605.3831141603,-3248.8544096549,-2909.9663523982,-2901.2421516662,-3202.3190688949,-3432.5400165928,-3327.4529792299,-3409.7348856041,-3177.0229487502,-3154.8713150924,-2997.8793697606,-3461.8419123136,-3138.8513487069,-3323.6174809461,-3344.2815093891,-3034.6584665155,-2935.8394012674,-3071.7738368155,-2847.9273306874,-3023.4639623002,-2992.7966732758,-3578.0093390098,-3512.247358373,-3086.3379001831,-3362.4041810548,-3185.6727740551,-3235.9273772942,-3048.2910992933,-3036.4225043108,-3293.5951321523,-3352.1314403799,-2998.0517821838,-3568.0786699909,-3468.0748414035,-2950.5144269682,-3488.0172789551,-3233.019141936,-2883.0141808528,-3233.8305467703,-2858.9253285392,-3309.6735870015,-3258.2202432228,-3388.5077309548,-3648.9454073288,-3475.3686947028,-2850.7936199125,-3476.3859960593,-3226.0405971968,-3098.812607498,-3139.1866044415,-3105.1145046521,-3089.8518397635,-2862.077694874,-3206.992680629,-3530.6702007165,-3247.5635062782,-3308.2370324069,-3332.3045396329,-3439.6766833567,-3391.4912997241,-3622.5843117693,-2981.8019219155,-3196.6379091586,-3391.1174569429,-3202.3847827715,-3258.6261373208,-3029.6682820519,-3130.2634220299,-2948.9001950558,-3266.4262510412,-3572.5907428793,-3216.5635665182,-3508.73950098,-3197.177152858,-3231.610409443,-3335.2204859263,-2910.0679264321,-3105.3737413139,-2981.9804385443,-3700.4153819537,-3046.454929358,-2738.7668390361]},"Model1 ll":{"0":[-151.0500620249,-148.1068566058,-133.5978504738,-148.8894450317,-174.1543143956,-136.3846141164,-197.9830159903,-144.9329923529,-147.1230160755,-135.5312389612,-188.177755341,-128.9528871087,-129.2383908853,-148.7278994682,-211.6985367175,-174.7163559663,-124.596445351,-180.3448809905,-127.8764605205,-179.2621727042,-139.1005236607,-135.0131307241,-138.3449900174,-144.5419798145,-211.1853850361,-153.7815677701,-179.5907449647,-140.2356760071,-179.2592443487,-148.4263828173,-134.3663655675,-121.0562420816,-125.1401482533,-120.7533381094,-164.7095685662,-176.6665828452,-173.4261770302,-176.443333957,-118.8978695923,-158.1981481866,-150.0670545522,-125.9310079012,-139.3300201826,-155.2627191189,-134.3849171367,-125.1207378797,-132.4603780272,-176.4862964293,-159.0500884482,-172.1812380487,-142.8638263327,-141.7696011146,-158.4391409778,-149.2439267497,-130.4128578456,-154.6555715014,-163.5662561278,-132.9860656595,-122.6537847506,-154.6126405311,-177.5879167399,-160.2322959526,-177.3557823779,-167.8107847665,-151.2735067899,-166.3203917142,-161.9026118039,-167.7108206215,-127.0358893647,-144.3488851859,-128.5638728708,-158.6296457665,-164.5933108364,-135.7217750665,-150.7965508165,-154.4717077199,-177.6608430214,-115.9162635086,-220.2429153333,-154.825554468,-195.8761161485,-154.6534208515,-161.9688889681,-139.2890208842,-133.7229811128,-161.4071449,-138.659795712,-167.9465551757,-208.4595946157,-179.9156312852,-154.765681621,-136.8598175893,-161.3534037215,-162.1125778881,-147.8184634847,-154.4491851692,-132.6245514747,-242.2015363179,-213.4458637018,-158.4650005129]}}