{"Tau":{"0":0.01},"Kappa":{"0":10},"Positive hit":{"0":93},"Model0 ll":{"0":[-193.7648816337,-149.493016944,-166.1184626241,-255.8849757711,-261.5553436155,-148.1431725707,-163.8002332465,-138.6847960662,-150.2927179849,-206.4771153642,-157.2649037291,-322.0943274733,-478.4213579848,-388.4461098131,-160.8499966118,-122.1466843664,-181.6133421032,-215.7592521256,-149.2669250116,-207.1210792098,-191.3921431508,-137.2366135369,-271.9312673454,-131.1690732296,-168.9562075533,-171.0256428757,-152.3427812921,-161.9292497178,-138.4666784643,-203.0975682841,-244.453130261,-217.7345376574,-161.3067780436,-138.4312163636,-145.9238867896,-155.0264113803,-141.0403453847,-262.1135419791,-218.7710186377,-163.0853722381,-165.0133306527,-145.0828033773,-180.0587747043,-124.4532747543,-333.1740034304,-133.9016791963,-247.9359217368,-217.9737962499,-124.8423344859,-171.0724748596,-117.8551758323,-153.2289477965,-138.8835835475,-271.4266656601,-158.2546308042,-151.0016555541,-223.4199731879,-156.6994762069,-250.8592262336,-113.8516068475,-216.6057473315,-173.3781987643,-304.1149902312,-369.9678339056,-139.6332789754,-340.2575741366,-194.4365237153,-349.3593836466,-144.1606778193,-175.7013273573,-189.5377626545,-527.1853193995,-389.2891564483,-170.6505568902,-175.2815702408,-155.2961343085,-427.7393438618,-125.86263416,-153.9051212763,-235.7012388281,-138.0299646138,-135.6152478542,-341.5182281692,-127.3784394172,-126.9177826611,-213.2431942686,-158.9170130169,-144.6867138529,-394.6824938509,-329.3529302889,-193.6788745738,-136.5602528343,-140.5248213771,-239.8354591998,-191.5318773662,-147.9594046164,-165.8884954025,-134.772851992,-166.375654379,-143.0084024548]},"Model1 ll":{"0":[-138.3708907032,-118.0731247336,-129.4185986505,-130.2515790702,-155.705480234,-126.6148531175,-145.3734049142,-138.6847954462,-129.6397100374,-123.0577675547,-123.5924923919,-117.0473569999,-152.6625523629,-125.1230510882,-141.5014771466,-120.9931677827,-133.2403854369,-146.7879657359,-146.964473909,-119.9636602175,-142.8769204415,-122.3646394557,-133.1935036256,-125.2709134727,-129.5517415749,-128.7786529755,-117.2201274887,-122.6248036646,-132.756432889,-131.3697916229,-158.4874059656,-119.8643110022,-132.8722551544,-121.8915314458,-131.1153775392,-149.8335448321,-136.5792332694,-129.4739439347,-124.065680783,-119.2436474414,-136.6948021402,-135.0217133877,-145.6696577734,-123.1172039558,-150.743803272,-122.2669008456,-131.740286606,-148.8396937403,-113.7093168461,-136.7134107986,-116.9194824796,-128.2327670927,-133.0838938275,-157.1049307473,-147.3020069295,-142.5437171057,-184.0443207898,-129.2028849797,-134.0132794229,-113.851606643,-130.6821687285,-130.2936377618,-130.1126567752,-123.5052440369,-124.1247866642,-138.9964210528,-146.0834061817,-136.3511858951,-139.8584554663,-122.4759309964,-136.8056197748,-156.8829104553,-133.9790057555,-121.9383085743,-118.4206330275,-127.5378690731,-143.0287259559,-115.6448285289,-128.3407242215,-130.6740239058,-121.4614127791,-129.8390515008,-136.5792247816,-125.9339858662,-119.8768343337,-128.8488503759,-124.4312742993,-128.3083428286,-124.9899713151,-139.6038219691,-132.6253602186,-128.6536520844,-128.4578691417,-139.9614481722,-141.5754635938,-125.8954879927,-125.3873070757,-133.2735310777,-132.7345489829,-135.6588856471]}}