{"Tau":{"0":0.0199526231},"Kappa":{"0":10},"Positive hit":{"0":53},"Model0 ll":{"0":[-98.8630574543,-69.3764940835,-79.6944848088,-86.2791556161,-76.0460613416,-92.0822883548,-84.3147613686,-70.3288317069,-93.5895341024,-70.556746262,-64.5057694714,-83.9955455741,-84.0980325208,-82.3659623,-75.0954077452,-63.5799334858,-83.1147150648,-91.046899782,-71.370804371,-72.8476820661,-84.1955216206,-80.4410792426,-89.7024998555,-91.2917131109,-67.4213461864,-81.5420318759,-83.4878720969,-80.8921926208,-92.6424720212,-89.2722351913,-66.4521601586,-77.3774049867,-65.7229742036,-93.3737437119,-66.4906233559,-68.0382516373,-84.1840180064,-79.6791473097,-75.7789190989,-79.3769024827,-75.4372564554,-75.473175692,-84.8375502139,-70.7440004194,-78.4967312454,-85.4642933113,-83.1478030829,-71.3672986363,-82.5432862546,-86.8399016225,-80.3346257935,-71.7285572052,-82.8615627904,-64.466919958,-103.6276246032,-71.170494646,-81.1183403612,-88.9169192261,-76.2014163556,-79.2631708178,-123.887496822,-69.5857896169,-78.5363909669,-81.2893699127,-67.0343474313,-91.7832521963,-75.6597232954,-80.351514465,-74.4577803296,-91.0772354277,-63.7397194594,-82.7743172283,-102.5023241291,-68.9846957276,-85.6482823841,-94.695082146,-74.3711167444,-104.569774379,-90.478365952,-85.4332347762,-93.5065470261,-72.8049678204,-73.7061789047,-75.4895255153,-96.1848695974,-94.8103380306,-82.9408408154,-69.3172864817,-70.4900756528,-75.1857127102,-84.5702041819,-75.3689265994,-86.4271279479,-71.1258086821,-72.4478925232,-82.3848794265,-97.7831444205,-81.1500170167,-69.9944572348,-85.1440864225]},"Model1 ll":{"0":[-98.4241291424,-69.4106139285,-78.0749780516,-76.9363211815,-68.4064485508,-88.563530534,-79.711546463,-70.3508386786,-74.0089193287,-69.7642952144,-64.1417704488,-81.3290437288,-74.6988684308,-82.3774071826,-74.6025453106,-63.5832836367,-82.3942903068,-73.2513725985,-69.4173926629,-68.3235778101,-63.3900380074,-77.0284879082,-82.9631204851,-90.7083265618,-67.231119302,-81.387035321,-80.5786796267,-80.8923420876,-89.9570342998,-83.9049478685,-66.4051543453,-74.7600178174,-65.0793900304,-83.0005915144,-64.8325825197,-67.0619706131,-83.1982286572,-73.4865968931,-75.7326019967,-75.6945494094,-70.3760260685,-73.0407206773,-84.1873861263,-70.7579298166,-67.7292709641,-84.2801020841,-73.7566239741,-63.1297541695,-79.1734369862,-86.8364294093,-75.7203000266,-71.3453217002,-73.6119257268,-64.4741813874,-89.8228944101,-68.8832578266,-78.5516708634,-87.862015611,-73.9369206879,-77.7944880875,-98.0484049883,-69.5667472406,-77.9289504382,-81.2780814425,-66.6549979017,-82.4971906736,-75.6597235079,-79.4079125982,-71.6193930211,-85.7930122043,-63.6300351764,-77.6949126663,-82.0663915076,-64.8791886592,-75.3412947954,-75.2418881002,-70.7752258826,-81.4242017833,-84.7690642589,-80.0365167209,-89.195440336,-65.5481598039,-73.6915754423,-75.48953142,-88.7000580133,-87.8809813657,-75.0909946724,-69.3037396683,-70.4900775325,-74.761280218,-80.3458168752,-74.8669751841,-82.408370678,-71.0121792276,-72.4434077534,-75.635138452,-97.7831448,-80.6290817764,-70.0114984528,-85.1470160226]}}