{"Tau":{"0":6.3095734448},"Kappa":{"0":10},"Positive hit":{"0":100},"Model0 ll":{"0":[-809.5057251965,-802.1491201768,-688.7468294816,-863.9989090393,-968.3874505965,-977.9737242126,-731.6880566563,-789.1141921885,-880.7619968405,-752.0586478818,-587.86682587,-942.8201982657,-1045.2162738719,-774.9805832489,-969.8973854245,-1254.0681645196,-1007.2917746867,-925.7271971924,-866.688716316,-861.1092307102,-1056.1955561367,-769.6654154906,-796.596729368,-1095.056176407,-888.5699454443,-687.5019060799,-1159.8425067668,-871.4203837538,-882.2937197289,-750.7427234742,-945.9969244463,-858.9407406332,-766.7403738634,-756.3724570226,-1004.801833052,-677.204030337,-836.5295239942,-1054.8564091226,-951.9497298814,-1008.3531332171,-920.1535925779,-985.370632584,-698.7170892016,-973.7962110912,-848.8554519405,-1057.7432106944,-1103.9741469971,-905.7885789081,-832.9212616735,-675.832996137,-803.4943392838,-995.7508516838,-893.7409094424,-956.1624576981,-804.1272560421,-829.560454834,-802.7654357976,-845.802970599,-1046.9082068958,-752.8952172612,-1098.2239471778,-1076.691862823,-1004.3189575932,-727.3631597243,-740.4039658359,-1018.2903646516,-744.2706148746,-799.654928689,-956.7776930807,-881.4357614973,-914.0572828625,-1260.7587726043,-1005.8870506019,-756.6826047745,-1058.1269371888,-776.1243099183,-1052.125857041,-899.0408698807,-1030.5552336972,-1015.3184390978,-898.8293416672,-1088.6177663875,-740.2254057778,-879.0103740905,-849.7203201344,-1012.0807167931,-840.4630232411,-766.793971458,-1000.090347581,-834.4368274683,-1203.6966079108,-889.1577431348,-931.2558984403,-903.9636363094,-804.3822232148,-1028.6516749187,-880.5726261548,-1008.7238512016,-990.8027691656,-906.6413006236]},"Model1 ll":{"0":[-141.2352328572,-150.4386324113,-98.6868568681,-111.7423819545,-152.7746587294,-143.1979830057,-111.7115156212,-119.2331638035,-126.5966442107,-141.5035930317,-150.5807821742,-111.9098303183,-157.3035070386,-121.4721234245,-135.7049292493,-175.5928724148,-117.1184450839,-189.7390180365,-120.9582443633,-165.8396078146,-139.4134407158,-169.9804877002,-153.1399547159,-147.4486671637,-123.8043110117,-123.3605057323,-192.271522089,-172.9452105893,-115.9585327387,-147.9826242467,-159.5183818987,-143.3236366042,-129.0227862613,-105.682213204,-153.3606564985,-147.1866492524,-129.8963983894,-148.2509589285,-147.8652294833,-141.3243710335,-171.9388410844,-109.0807268732,-134.0487926374,-150.7798821113,-140.5996478927,-215.6346554383,-156.1414405894,-191.3890535357,-116.5549631887,-141.7558491279,-129.7014913992,-159.3038182184,-193.2369961747,-166.553104839,-152.8882707496,-111.4640010522,-138.5655070036,-168.6641361577,-143.479162777,-120.0509083885,-175.3326930338,-135.0711330688,-130.1169801866,-132.3122443736,-154.8072833819,-107.1997509471,-126.0179430842,-112.143974158,-152.194469472,-139.3055573297,-134.6195793015,-151.0161297008,-185.1097104877,-191.0245314899,-168.4155739445,-128.3314576155,-174.4815432366,-139.7593395895,-146.3431478595,-140.0129177932,-149.2057223332,-114.6226124288,-161.8123324153,-142.6541469604,-159.3028383172,-169.68490352,-104.6563904595,-119.67095748,-151.7602969011,-115.2496279223,-187.6287190767,-146.1184155496,-126.6717968178,-119.9279401679,-143.0058153996,-109.4038643345,-107.2390190888,-161.5663307592,-136.7996897435,-170.7772467912]}}