{"Tau":{"0":10000.0000000002},"Kappa":{"0":10},"Positive hit":{"0":31},"Model0 ll":{"0":[-112.2308092872,-123.0542682244,-130.5431165425,-122.6451961749,-110.1164364868,-138.2575942452,-149.2813436024,-135.0113191697,-117.1372731967,-115.8197334749,-158.0930505989,-123.9123962838,-139.663109458,-142.1822495095,-134.6886083953,-120.1651889055,-121.1815053422,-107.1531234083,-113.6888192719,-128.62952025,-122.5817439349,-128.1940934365,-141.5751746137,-118.0226509621,-130.37659157,-131.2467858182,-119.6137068015,-115.7156482358,-114.5222052302,-122.5852452047,-113.7595076353,-135.9204443042,-114.1075435664,-136.995356869,-124.8363552281,-142.9738066631,-118.1385505361,-120.1718074314,-140.201179782,-119.5300715683,-116.7934601772,-122.4966929452,-129.5143534546,-155.7160752259,-135.0694057486,-121.0056723394,-121.5416720942,-121.9789070578,-119.5855419132,-108.4323284059,-152.6010567716,-104.8703586524,-152.1244574262,-118.0344434285,-123.29899949,-117.8371976566,-128.8543644349,-121.7824474323,-126.8829103356,-155.4881774262,-118.8433015371,-141.8190218061,-114.9329995154,-167.3118407874,-117.9507929008,-133.8758499653,-113.639820103,-113.5197243694,-135.3070784521,-103.9770714445,-122.6841947952,-116.7355034182,-120.6721807531,-115.7591272402,-127.476913478,-122.2575671651,-121.0486900096,-119.1812899292,-133.6234879059,-168.0862850836,-142.7710595966,-127.9214130785,-125.5443612299,-126.4015526796,-125.7349359244,-136.6650241048,-109.4031929484,-104.5357223774,-121.5602866429,-118.2755411979,-115.0965726038,-115.140832037,-108.9186591046,-121.4122942454,-131.7256390972,-117.8286658033,-115.3775384183,-136.5656752423,-122.9207627804,-126.9609714746]},"Model1 ll":{"0":[-112.2605377296,-115.1219947131,-127.8869805228,-120.622218077,-110.0221100558,-138.2575971855,-142.9458742259,-135.0961099231,-110.9686349186,-115.9151439844,-124.7274591639,-122.481131234,-131.6672041426,-123.5984142543,-134.7512749079,-120.1961506279,-121.5124374781,-106.8861884798,-113.8014437545,-126.8225636328,-122.6057204458,-118.351256561,-141.6003561893,-118.0668296213,-131.006561395,-117.1986100224,-109.0760292669,-114.1788541234,-108.1261234666,-122.7690782995,-113.257156996,-122.0065437064,-114.1075454826,-135.9838852952,-120.212856588,-143.0036159263,-118.1385513249,-120.1730522379,-136.4021691726,-118.5566721985,-116.0308319335,-122.6109547253,-128.7163376817,-155.1315203975,-133.5314874685,-120.6725134623,-119.869064557,-121.978908148,-119.3687784155,-108.6398741705,-151.6137660844,-104.8915371004,-149.9175508392,-116.9254795883,-121.5874544819,-117.8372035404,-116.2830896562,-122.0801270688,-122.7467154665,-151.7351576962,-118.8430503673,-141.8256709416,-114.8191203468,-167.3118428439,-114.8528833402,-130.9860724423,-113.7065066358,-113.6108445682,-135.6742751161,-104.0698962077,-122.6841973335,-115.475923501,-107.0575909806,-108.8892269846,-127.4769134781,-114.3222183299,-117.9241375764,-117.7723449144,-133.9415258897,-145.6777239103,-143.1865753953,-119.4204916529,-125.9118912418,-126.4015565119,-125.726090826,-134.0884148364,-108.9298714167,-102.9542749446,-121.5602872483,-116.956424459,-115.2616613965,-115.1952819271,-107.8136280427,-121.4126724396,-131.3226465081,-118.0663126067,-111.8454044653,-131.5995726211,-122.5965461233,-116.8040625154]}}