{"Tau":{"0":0.1},"Kappa":{"0":10},"Positive hit":{"0":89},"Model0 ll":{"0":[-69.4720830743,-87.7797719535,-114.4928584631,-102.292312718,-101.8014067219,-111.4175590452,-90.7466932174,-85.2142036502,-65.461664978,-111.4242994922,-90.1337125289,-132.1386335811,-107.8971649152,-89.8831348519,-91.2235531195,-94.5823179975,-108.2151124763,-95.7594886305,-112.1683118988,-72.2186955563,-115.4443566565,-65.536325125,-89.7043295182,-104.2240023486,-88.6186171649,-99.4453621212,-114.0454350279,-84.1506944926,-68.9803220647,-72.4128700827,-119.1463873259,-70.6345194117,-108.4952863029,-75.7900180367,-111.4071842452,-92.1353477039,-108.6644937722,-135.0812992797,-80.8023420408,-73.4268035041,-75.0450880671,-65.8564355681,-108.9167004413,-98.6692844533,-84.5570680871,-97.5737193999,-101.2673822339,-113.3361226402,-122.3137119451,-132.2324057962,-94.2716167706,-159.9291169732,-120.5879431671,-80.7558580818,-98.4531036269,-68.0171292085,-70.0935061273,-78.0788607272,-91.4608936166,-93.7424754294,-107.8628085681,-124.1573826083,-77.4584801861,-126.5009603013,-96.2635935698,-81.782686426,-104.6532646059,-79.553067922,-91.0033906107,-62.5312999813,-64.9099664048,-105.2747981231,-81.484164596,-84.4946787726,-98.2673851165,-99.5598932052,-167.0001988848,-109.5426696172,-70.723140618,-92.1510700432,-98.2445139934,-75.9535796131,-119.7602626342,-107.5954071835,-68.16129561,-83.0456884617,-92.1571371692,-146.4273717111,-97.212586651,-82.6413037019,-90.2163990508,-77.5525685355,-93.025541972,-97.8605263232,-133.8177249001,-104.1517881832,-111.8691576169,-80.7388595159,-112.6375560712,-120.508186141]},"Model1 ll":{"0":[-68.7547682568,-73.5221155471,-90.8234083361,-96.9191408429,-78.032331048,-91.3279488923,-86.5205867983,-78.5969877764,-65.3757977765,-94.6921722268,-81.5282227493,-111.0503164897,-86.3782542629,-78.0024406077,-85.290338581,-87.0719029172,-86.429254239,-87.4689186222,-105.5466236162,-67.0841689133,-99.7905678872,-63.0554440049,-69.2465955451,-98.3072651848,-76.5776166536,-98.5439421953,-74.5438627013,-78.4513102819,-66.8944131968,-68.4195596079,-90.6015197527,-68.4292626574,-91.1395698088,-70.4789602598,-75.0358799481,-86.2828136806,-85.3254245049,-90.8074922687,-78.0796249683,-73.4268035041,-75.0447123644,-65.4098982146,-102.8955490685,-79.0492977372,-79.8811782354,-74.1987990303,-92.8674799477,-87.5903780445,-102.4762387117,-117.2750465003,-91.1479512157,-123.2373924389,-90.0935020922,-74.8157242133,-80.0100896822,-67.9552123693,-63.9217611952,-72.2047376422,-79.1197870222,-73.7895052234,-87.8841636264,-95.347853301,-67.7255059232,-86.4663118458,-84.6651343391,-63.871258509,-93.1794578844,-75.0486941773,-86.9851811306,-62.1918284351,-64.088771754,-93.6247251561,-79.4380664944,-76.0328291956,-76.7335988691,-75.1223754603,-94.7427824938,-94.6900633468,-66.9621352667,-83.3298223065,-79.3585736206,-66.206880525,-101.6990753036,-83.3201568941,-68.161295723,-74.7468130848,-88.5195072712,-112.3133813816,-89.164734767,-79.7213296463,-77.8332750378,-77.5528957474,-74.4094159904,-87.7982949168,-97.660553302,-84.1920745056,-100.0128208083,-67.447985754,-99.2618323001,-82.7597786721]}}