{"Tau":{"0":125.8925411794},"Kappa":{"0":10},"Positive hit":{"0":35},"Model0 ll":{"0":[-124.9381993704,-139.9685424994,-129.5794247857,-128.058668136,-125.993665103,-132.8644373281,-118.1021000836,-137.0996495774,-126.7913333708,-124.6148833658,-136.7597215958,-135.3308206513,-118.0639981074,-144.4351727101,-128.1099482361,-119.803519287,-119.3093582761,-136.9984990829,-114.6981755777,-122.6329634211,-123.4530293058,-116.7005489956,-114.3082905467,-108.3351085697,-135.5657704233,-118.9441509793,-116.3051614775,-130.6651449932,-114.9208402827,-122.3315261001,-120.545899064,-159.3937318713,-136.4885128916,-147.4086986329,-131.7886877344,-119.3191123251,-125.2945018058,-110.9373122827,-113.4740821367,-108.696556609,-133.0522724177,-149.208945475,-111.7241440225,-138.8978953948,-127.881756401,-161.9942764259,-147.0258652685,-113.8618632762,-129.815880925,-113.8174400842,-107.1920052868,-133.5404616794,-129.7531410431,-121.9775405625,-112.6606712984,-110.2129110115,-134.6323003875,-132.8673100304,-130.5408731816,-128.3922749666,-125.6821115054,-127.8537245983,-116.944677141,-123.4327884374,-112.6385982963,-116.7002040835,-134.376950141,-140.9278745368,-134.5228743923,-126.904409649,-141.4344010876,-135.3737814091,-117.3812032992,-136.4489401028,-110.161628257,-115.97161779,-121.3599569476,-114.7833526179,-126.9247061385,-131.2271830962,-126.2606607517,-126.7936863545,-128.7509059108,-117.6018447982,-116.3092610143,-142.8059257404,-124.5933160901,-126.170681027,-118.6914343496,-121.3402720654,-121.1700823577,-123.0805795678,-141.5412614557,-131.1232805219,-109.0683685965,-110.8671427814,-135.7152586538,-108.9651932926,-137.0254871379,-123.0753333761]},"Model1 ll":{"0":[-123.4438621346,-139.9685458873,-129.8471776234,-127.0713005345,-125.9936651056,-132.8678605318,-109.5829321062,-137.126620382,-126.7913333708,-111.2636924023,-108.5047577397,-135.2318549031,-118.2497469478,-142.4746278033,-128.4217330824,-120.0469695907,-119.3208474726,-129.9109907334,-112.2197600506,-122.6329648675,-123.7030021075,-115.4724916309,-108.3855107203,-108.4821322948,-135.5747993608,-111.2274907258,-114.4991689278,-126.6131145123,-115.2741639011,-121.3868797619,-120.5458990877,-150.8622593107,-125.2878376982,-142.6463578473,-128.8808257088,-116.1280351748,-125.4155798607,-110.9720288835,-113.6778504489,-108.3971504628,-132.8540232332,-149.6131840075,-111.7241447045,-132.2761919677,-128.0611428925,-143.6210634268,-134.3521496671,-114.0893608652,-124.2202793608,-113.6906157661,-106.9801702619,-126.7771370183,-122.3474743104,-103.7220139872,-112.1411048262,-110.3178517554,-135.0110640546,-119.6295905278,-127.2311190026,-128.5557367145,-125.6821148082,-127.9311878153,-116.9545809372,-122.6131721176,-112.7804473098,-116.8845010443,-131.3183719053,-123.6280141512,-134.9419924666,-127.0949841404,-134.9179609244,-135.7130221702,-114.9534029251,-136.7439722438,-110.1616298745,-115.9716195024,-121.5314093493,-112.0338377154,-126.9821815129,-131.3303495977,-119.1688298772,-124.6428459046,-128.8306180459,-117.6208909649,-116.3092630521,-142.8059297405,-124.7337113917,-126.1168624982,-116.3241820882,-118.4738291941,-121.3985456109,-123.3875372673,-136.6101617685,-130.2879664562,-109.1021246961,-108.0783442159,-135.5080520122,-108.9651952037,-114.2190031959,-123.5268387482]}}