{"Tau":{"0":1.5848931925},"Kappa":{"0":10},"Positive hit":{"0":100},"Model0 ll":{"0":[-18263.7498845185,-18326.232661707,-19266.7686518447,-18366.6705042603,-19414.2215766887,-17851.626915284,-18319.8724134063,-18922.909942018,-18476.091261668,-19068.5924768713,-18295.9605000615,-18938.1686439317,-18499.5811251328,-17803.5793090841,-18050.0589559834,-20231.3883960569,-18272.2401523083,-19033.3599279602,-19953.2387975701,-18781.3657782658,-19263.2134952094,-18807.1289403852,-19061.6940352824,-17645.200437388,-18644.347831573,-18964.3889630119,-18588.7054524456,-19032.0198974883,-18224.540532776,-17608.1930042776,-18548.5118755555,-19104.8602963355,-17903.7268141189,-18916.75789724,-18162.5364038981,-17977.4898024732,-18719.1445500476,-18841.3989723561,-18159.0992425097,-18905.2642580558,-18506.247719717,-18751.0750391402,-19141.3114790464,-18591.7586032806,-18993.1139632217,-19062.5649687013,-19149.6060840117,-18203.3772283842,-17623.6467903367,-18267.3230842085,-19161.2680716032,-17909.3419396988,-18913.0958342643,-18368.5754752826,-19835.9938588151,-18363.6711007314,-19597.844359291,-18127.1114315076,-18207.5256269598,-18521.3061849518,-18261.0627012877,-18075.9949057502,-18778.7257540047,-18462.4472224775,-18546.4192679624,-17972.9186054917,-18589.6080746446,-18503.102100477,-18601.7987635817,-18833.5639497773,-18043.5202400167,-19685.1823179612,-19235.3294999648,-18888.6622472865,-17793.510285173,-18816.3966300358,-18873.3235009085,-17883.0041335595,-19319.9422691848,-18877.5163076465,-18776.763125,-18287.4103848517,-19177.8028993414,-18852.985387594,-17895.6752413406,-18522.5788989828,-18166.7920644438,-18834.1600004836,-18396.0482311668,-17531.8090663758,-18946.2682243378,-18116.8499292937,-18921.9559170153,-18001.2973711668,-18228.9334218206,-18739.0635182712,-18960.8870112122,-18987.6794707387,-18164.797458797,-18762.9836220075]},"Model1 ll":{"0":[-188.8421966452,-148.6698992932,-223.2223247381,-203.6499345555,-188.2187962728,-218.7664324825,-179.524596169,-278.1356119621,-167.6463687163,-178.8706375681,-234.050640877,-238.1820293454,-192.1880431129,-289.409693593,-237.9564387776,-328.7322494099,-237.2330848106,-289.2347253587,-308.3872001159,-159.4515782324,-213.5817729776,-172.8002120189,-322.6140829862,-127.0145054319,-130.2115364803,-261.4326403864,-228.5491105044,-223.9989719752,-162.9835984873,-144.9429797335,-136.3416979649,-312.7692343733,-214.8107031307,-176.3522129042,-292.46009889,-271.0399771032,-210.1799669169,-265.0155381447,-225.2364577445,-164.0769505001,-233.6291307856,-209.9080322247,-175.1991275759,-171.0547015021,-237.7339649575,-179.5403569389,-166.3826185662,-192.4524450736,-160.9788759948,-251.6353487125,-163.6981139282,-204.7241903287,-254.47280985,-185.0473413378,-223.4864056745,-164.4976782735,-264.8676839855,-201.7661877375,-289.359175146,-211.0550969423,-215.8221081067,-166.8830224395,-205.9928310265,-170.9815048373,-267.4955397017,-164.3496153953,-188.0583047566,-191.6104180981,-228.0685947541,-148.3771937856,-199.052302237,-246.3798732957,-213.3288547628,-239.6241111997,-246.4756007036,-162.3523996708,-265.0039121676,-268.8917575628,-186.4003690686,-189.0323870075,-158.9131895984,-171.4066828416,-187.7722993251,-205.9145557681,-222.1641760894,-160.0490942454,-223.1312097862,-302.1412475538,-313.2182293486,-373.1183520419,-208.7647752831,-178.1711735385,-139.3273327034,-158.1009374448,-203.7258344092,-137.9976394354,-234.5037914605,-183.1963531813,-154.7526820195,-232.0466314801]}}