{"Tau":{"0":0.0125892541},"Kappa":{"0":10},"Positive hit":{"0":100},"Model0 ll":{"0":[-171.1868636528,-247.8950690873,-302.1634476556,-185.6411378163,-204.6048569208,-185.5661622289,-664.2476996354,-171.7655802996,-310.4395462402,-190.0213055836,-187.0690895606,-307.2303695825,-145.7559633928,-133.6876239832,-176.5502856337,-334.9162402759,-186.9414456755,-196.3702488394,-192.2522142545,-149.734382153,-152.6453618721,-317.5210330076,-197.1003446842,-196.7345827746,-492.8930046129,-173.2260078928,-355.3306264127,-206.7596242891,-143.7801529227,-133.6733089473,-127.4945762673,-203.1322241235,-174.2037607616,-153.567668718,-170.3988282394,-154.995070804,-365.6042264543,-173.2723668865,-254.6164058372,-158.6590863372,-267.3128139559,-268.4798639148,-314.6331105286,-180.6198522102,-162.6637137103,-188.6764511479,-184.8999569239,-430.4397915224,-121.3811621436,-497.2335537738,-180.1233941538,-201.0446024923,-158.5767148973,-189.1146711102,-130.7314252281,-306.3318393387,-171.9878959004,-140.7117094682,-163.789598476,-281.7865794868,-204.8486580548,-164.4633064188,-210.4525968599,-211.4324272732,-136.6742603359,-213.3500322277,-194.5897786183,-215.5151060984,-275.1526092531,-274.7670848285,-206.5926550811,-329.2884492817,-136.8059066615,-202.6298143962,-133.7080598234,-186.9238880686,-261.2140155936,-256.6539698427,-313.6377807194,-154.1079621054,-240.1233755174,-194.1458942361,-201.4964508105,-246.7839869557,-264.6217469672,-229.8189838414,-232.7676341701,-204.7085569874,-204.3280273472,-165.1794941844,-411.0635812738,-241.9224138494,-198.108348248,-176.5332899195,-227.4900269528,-215.4948155634,-337.5645330284,-190.8108088463,-160.7350597149,-203.7167470844]},"Model1 ll":{"0":[-124.8332703028,-131.287585784,-139.8532058066,-130.7947323796,-122.6748272178,-134.3078185418,-181.8241693201,-125.323514379,-139.7765951275,-113.3589240153,-128.2823870101,-136.7284772594,-112.3882959412,-128.0434506752,-120.3148661127,-151.7035158322,-146.2921080587,-140.6491418841,-145.6905234466,-120.3256278164,-129.8818647512,-149.2097748131,-141.877661205,-130.0578887284,-117.5692182238,-137.5642598441,-129.5597404803,-137.1384177687,-135.3251556373,-121.7382601492,-121.5741699267,-126.887705968,-128.8173541942,-120.7100068481,-129.5032951512,-128.5646354883,-141.5383932093,-129.7899810832,-156.565638839,-146.1502139054,-115.8142462978,-140.7593634188,-137.7287228494,-136.9988717553,-135.831879492,-122.3168668142,-144.0062094807,-138.8242360608,-119.0507527378,-130.8089945589,-119.440147175,-141.4914497469,-123.8303265383,-134.3390412101,-123.9719794065,-138.1053372078,-145.2314609093,-123.2406132662,-129.4188193933,-131.3341305449,-118.17436745,-123.1475254344,-143.1557128154,-157.1318684129,-123.4762219081,-122.2224432338,-149.8828180147,-127.2412023833,-145.6557754587,-132.457858118,-149.849974902,-139.6298121303,-116.4554488536,-125.3199766685,-127.1642692109,-114.4044801097,-121.1838733073,-129.7592195513,-128.4966831757,-120.3557587542,-129.6863878251,-116.4357920791,-128.4107380375,-185.6946381015,-131.2293503539,-135.2809275666,-135.7548168361,-120.0326001816,-144.4936244955,-130.5433981277,-130.470088769,-130.8357882254,-120.1271376613,-123.5502110303,-141.0520448582,-127.053417011,-122.5770695688,-132.5375405518,-124.8036180714,-138.7513179367]}}