{"Tau":{"0":0.0031622777},"Kappa":{"0":10},"Positive hit":{"0":28},"Model0 ll":{"0":[-64.2774663306,-82.5074801154,-67.1640906065,-72.3453575242,-83.1298844173,-74.0648914228,-91.9711181726,-89.1594390666,-80.4005522316,-75.8003909256,-79.9326825622,-101.4215886654,-84.8533663035,-89.8605637832,-81.9816185314,-63.9065337768,-77.8632154571,-88.7775132802,-75.1050468755,-69.2722067909,-76.7805590369,-80.5243394798,-97.3566293416,-66.2756999796,-80.0646571165,-97.0904447373,-78.2580908599,-91.8530884054,-77.2751104649,-68.1590364433,-69.0514617276,-85.1675294866,-71.2833541688,-64.8172274321,-77.2337803748,-71.3105346952,-109.356764767,-74.4770679069,-77.5422250803,-103.1396882251,-97.3683718501,-67.0523584269,-72.4749065526,-75.6739784208,-74.1645304139,-83.1376360725,-76.5615388986,-63.5098743568,-61.6735746454,-73.5702059239,-84.064184508,-82.3085778932,-80.7797956022,-84.1819502886,-79.4768743928,-76.1739028997,-81.60140139,-62.5044572898,-79.2882173771,-86.0504692574,-68.7122152875,-76.170361795,-82.4948131874,-64.1314466771,-72.0194363518,-83.5528656225,-90.0167994849,-70.3027927632,-73.8678305283,-87.510445841,-81.5016792312,-94.26389341,-75.5294957178,-79.8245367448,-65.9963439588,-75.0921735852,-73.0047343316,-97.2587077162,-78.5928764434,-78.2768699557,-66.184634937,-105.0746993051,-78.5422673127,-78.9135289007,-69.9840298498,-78.1002189272,-66.7988881678,-95.4218538662,-84.7097540871,-74.874186089,-67.36303067,-72.1019295658,-72.8201830989,-69.0296389505,-91.193403158,-75.1348500478,-76.0856383182,-69.5919677936,-71.6319338059,-73.5906005594]},"Model1 ll":{"0":[-63.8367491928,-82.4662656751,-66.1948074983,-72.3459964854,-71.5887068421,-73.8861013821,-91.9711181726,-73.1031178671,-80.4086222435,-74.6743638215,-77.8876862829,-100.0305327093,-81.1148975536,-89.6774805078,-80.8077291691,-63.9071713542,-74.8747380494,-88.7865294815,-75.0613160694,-69.1209887706,-76.0742485469,-79.5481948932,-81.5119296754,-66.1437924542,-80.0841719519,-94.9473520453,-78.2664567787,-90.6304391348,-76.8013090797,-68.1598443774,-69.0520334207,-85.1465366201,-71.2833545137,-64.8322203803,-77.1637960742,-71.3107581492,-104.1989619616,-69.5791874059,-74.9943193212,-91.8148353021,-94.5446552771,-67.0641662315,-71.3660006246,-75.6889345946,-71.0205103731,-83.1539405082,-76.5615388986,-63.0607312551,-61.5070577328,-73.5848328278,-82.4046127593,-82.3106821175,-78.1478724997,-80.9341585204,-71.2311191774,-76.173903089,-80.1954291711,-62.5190079873,-79.3264946983,-80.7488437503,-67.9582218326,-74.7543847081,-78.0047844705,-64.057390732,-66.1982067027,-83.5116787176,-88.923751058,-69.543324788,-72.9821552127,-85.2437655153,-81.5001639422,-93.9349927474,-75.5355105558,-78.6585717292,-65.7328561047,-75.0843372936,-70.7328567306,-89.7826466954,-77.7701421149,-76.8386327305,-66.1846350464,-105.0746993102,-78.5422676649,-78.606003454,-69.9840299898,-71.8369397416,-66.7988882638,-95.338103509,-84.7217911833,-68.7297134078,-66.0350302547,-72.1019296304,-72.8008126913,-69.0296389505,-86.9714831715,-71.9258244169,-75.02799375,-69.5919677989,-69.3817529798,-70.860517208]}}