{"Tau":{"0":1.2589254118},"Kappa":{"0":10},"Positive hit":{"0":100},"Model0 ll":{"0":[-19816.5526291715,-19628.8421478786,-19724.7739442148,-18511.7301408215,-19034.7193965137,-18975.546387257,-20039.7994820709,-20140.0853791042,-18684.7079350251,-19206.9980470598,-20585.2204475619,-18425.3799480807,-20563.6352793718,-19515.5567779198,-19968.9205042008,-20308.651883503,-21070.1861373786,-19622.1768608506,-19624.8925412595,-20392.4054147252,-19370.1281880453,-19846.0078288436,-18922.3003126473,-18871.31654334,-20772.6591415439,-19926.1659165378,-21279.2426220935,-19295.1738989622,-20287.8089861934,-19080.6270246994,-20393.9670132123,-19699.0728931156,-19510.8996919562,-20425.8706070618,-20475.010417494,-20600.6225548025,-19954.2569484323,-19678.0318446427,-20308.2242830098,-19844.8913419387,-19789.4438746345,-19579.0171904165,-21265.3976804431,-19971.8594944506,-19855.9110479626,-20049.4505491561,-20704.056282507,-19499.976563139,-20465.4294900201,-20268.0059959532,-18689.4291762857,-19808.2056949086,-18976.566368179,-19051.8887550736,-20196.2377116425,-19399.9997076912,-19499.4629647185,-19861.0874385503,-20938.8371678059,-20120.4056044256,-19737.9913240538,-19981.6370027955,-19978.0543883951,-18440.9651696152,-19925.2116271362,-20492.309226124,-18785.4611746917,-20079.4854031144,-19790.4899279605,-20304.895781453,-19941.3535670674,-19796.2787818656,-20040.1510690914,-18613.1083047618,-19678.5167137011,-19609.8993041536,-19487.4780019122,-19062.9501811084,-19848.5337127865,-20553.4088310672,-19719.0707546088,-19462.1008229646,-19115.4286874047,-19663.2181564158,-19079.278447308,-18800.060769126,-20008.2605018398,-19163.9895529939,-19261.1018030187,-21128.5190055055,-20148.9583675184,-19869.4955268474,-20590.6380799265,-18789.1428121953,-20566.6722183522,-18642.9385225356,-20284.53093879,-20617.4792227385,-20201.181437616,-20454.5729252869]},"Model1 ll":{"0":[-168.4304331078,-247.578209434,-205.8241364954,-274.735368291,-246.5090624492,-226.6225740025,-191.5333398458,-179.6826229605,-287.7338016909,-199.0554133943,-155.661651071,-230.9776444266,-310.8155645142,-230.2355878042,-166.3010506436,-196.4213585077,-269.699751371,-144.3875973827,-204.4833805396,-201.3742065372,-205.9753758512,-199.8755744551,-218.0102266746,-157.8518638151,-241.8135964265,-166.0359439563,-272.6751235538,-247.6048442934,-164.3218164148,-253.6946614017,-196.2765262338,-211.1442674232,-209.1051416975,-209.4131196721,-208.589794547,-189.4880161949,-190.1975788174,-188.5077767499,-170.7714575803,-284.8383162142,-173.5999147511,-236.8277941984,-338.2919337882,-214.9871390455,-208.4723408998,-206.3678158679,-203.1992697246,-182.613225447,-241.4786122793,-174.9106556176,-299.63189635,-155.9836791166,-168.4509843896,-158.895714783,-222.1554478809,-239.7076469949,-171.6862981755,-239.8916593419,-255.8977008787,-159.5681370724,-320.9051457332,-163.5397835807,-189.04888039,-263.3524500938,-125.6960385699,-235.2737844573,-199.0844713444,-214.0190682878,-174.0792197628,-203.2657152436,-153.092036638,-245.5556689779,-206.8451169401,-291.6136151593,-133.9776230033,-165.9344380539,-207.6802068972,-153.8862222833,-223.1522672403,-277.0222387937,-250.4970940194,-161.3401453817,-178.9099805505,-169.4607439417,-173.6652710758,-274.7333478165,-150.5528710822,-231.2495947211,-221.4240309607,-283.3543115113,-180.563027024,-216.0744974592,-225.9477456546,-162.1986195739,-291.6366934308,-265.1794526937,-181.3669005962,-267.8639282978,-153.7142537258,-202.1721247531]}}