{"Tau":{"0":1.0},"Kappa":{"0":10},"Positive hit":{"0":2},"Model0 ll":{"0":[-273.1672143569,-341.9700799017]},"Model1 ll":{"0":[-120.2932582147,-194.3982012798]}}