{"Tau":{"0":7.9432823472},"Kappa":{"0":10},"Positive hit":{"0":100},"Model0 ll":{"0":[-799.4838039914,-1037.8681146341,-858.725280894,-968.6036195395,-779.5270493032,-983.8571934828,-841.535378727,-788.9689989618,-755.2835673016,-791.626655914,-951.8983550833,-860.9777590315,-954.1184831649,-911.1103292199,-705.7677124948,-750.2996626048,-1126.5498062787,-820.4625860393,-750.6339333034,-762.473249443,-1000.2633036652,-871.2231841009,-931.3730055584,-825.007472926,-942.4537436848,-898.6878933749,-965.0602637917,-869.7272719422,-733.0257578678,-817.3149649736,-899.8709199368,-1031.892179955,-764.5233458598,-838.9793078186,-765.4873116114,-958.0052734643,-869.1100798184,-954.3593315055,-853.1002297585,-949.306810775,-813.0894013378,-780.1199589256,-890.9072551073,-909.1062312479,-903.9580374891,-960.8706968153,-919.8135699664,-897.1461551068,-844.7769474868,-797.0016954664,-878.9831963286,-753.3720768907,-758.149595986,-963.4002498264,-694.4744669788,-848.5472458614,-787.3389415654,-824.1166623266,-1049.4773385337,-797.7521300374,-990.4775323431,-798.1327966102,-820.1576694321,-781.7419406448,-639.7067267391,-900.6040283975,-691.6629247437,-769.4138105907,-968.2649628155,-759.3467580997,-803.2903101478,-754.7670340392,-850.7892201583,-1112.433562986,-1000.5214797321,-814.4785934349,-854.4939304947,-801.2645473941,-897.876114122,-689.4902991171,-747.5886026328,-742.057556101,-756.9675333847,-814.709323825,-790.5933101161,-1179.9802987752,-667.7132414781,-882.0079384233,-902.9961851727,-698.6763973577,-804.4383857939,-861.8739328988,-863.9014319613,-723.7638070189,-841.2470795078,-1061.4383695277,-721.4501682434,-813.7418286421,-926.9059566723,-1045.831987353]},"Model1 ll":{"0":[-135.9148248906,-139.8548705763,-119.8294062926,-174.8342132535,-154.2667096295,-210.7776117234,-146.8737264428,-129.7221696073,-118.8478008794,-151.586680205,-134.7534147358,-112.6690223389,-179.9938590559,-161.584419023,-132.1375532191,-143.2303606582,-138.0497792139,-127.0212077336,-145.229647461,-144.1782871738,-180.2829893641,-179.6421214606,-137.7917395729,-145.5907290718,-131.1497811223,-149.0616490821,-168.3271667185,-133.6941542122,-131.5576866007,-137.721076277,-153.9804443437,-150.4367900874,-156.6980461287,-160.8953485062,-134.7336360934,-146.8746332368,-130.0997306434,-134.982484179,-172.1385963923,-137.6668609253,-140.6360573657,-133.2096173147,-124.2882089528,-133.6988065753,-133.3597196136,-138.1941387157,-139.1710595774,-143.9931831908,-130.4732725013,-122.1527178384,-142.6148035161,-183.2231366351,-145.4257872154,-140.5042566378,-136.6656293338,-121.5947213071,-142.0782507114,-136.369833658,-135.2730417749,-121.6636450931,-149.1584579716,-129.7722541775,-125.2092696551,-124.8020004203,-150.4817353234,-144.2187820242,-124.9947640231,-126.2453549646,-173.5879174534,-141.5280409809,-138.8139166285,-143.2747532001,-112.6744260431,-167.4743414796,-114.9623767661,-116.884935611,-126.8153885214,-141.7967528056,-152.5042658589,-147.7271424486,-150.3883892596,-149.2920354266,-108.442505968,-134.4757726537,-136.7668105815,-172.5759059704,-159.8593894826,-142.8088946725,-148.5272629225,-148.037232653,-159.4420771373,-147.3389427264,-121.660610274,-172.9121432738,-152.5470173953,-129.1330925679,-142.9354031226,-126.3566543275,-120.0731633776,-143.32996676]}}