{"Tau":{"0":63.095734448},"Kappa":{"0":10},"Positive hit":{"0":27},"Model0 ll":{"0":[-143.8178673541,-121.4426684782,-149.9830500747,-113.8597009204,-133.6295664459,-136.4331682967,-124.7480216847,-121.5101289795,-116.7592693226,-107.9962014333,-107.3332447255,-113.4792653029,-126.1256718958,-152.5723644197,-113.7623855733,-133.7767428026,-108.4047417798,-112.0300673517,-134.8810679027,-132.6725353593,-120.9294442231,-109.1366633725,-159.0450774318,-138.5748345114,-126.0565866752,-126.17024492,-105.2823876827,-116.1916721519,-129.2644765547,-124.3004505791,-124.8197725669,-143.8124280645,-120.0840613518,-137.0333194693,-134.9008178581,-118.2539178492,-136.4406606468,-108.6404760712,-139.2292683155,-117.4294497891,-115.4662628865,-143.8740994363,-139.6804217837,-147.2162614027,-135.5780086584,-127.6479499237,-124.1525281351,-125.2822819519,-113.2123183725,-130.2278704826,-113.0196122489,-109.3107680675,-119.6690350618,-119.2677686434,-113.1921306107,-117.2483917271,-131.9468122543,-135.2209783288,-121.9870039754,-112.8816836366,-116.4112568881,-119.5721478308,-131.0945864606,-117.6145014533,-124.1863544207,-119.0937127846,-137.9985441126,-137.2616725083,-127.2831377263,-153.2029674647,-130.031397634,-129.7999789577,-115.6899913035,-110.4225047152,-121.3815832038,-133.8777293013,-124.2302943569,-102.2769033301,-122.8658292559,-126.6188490956,-146.5998709343,-114.3984670971,-132.7624569388,-129.112099008,-113.009405379,-105.5639431042,-126.0438285171,-118.8430153588,-130.5955379501,-122.7943465778,-116.4890411291,-123.2512744804,-123.8880132848,-146.9587923624,-116.4722875606,-129.4465171249,-128.2199395412,-125.6019256464,-133.2078120168,-138.270263782]},"Model1 ll":{"0":[-144.4062387092,-121.4319716333,-150.1439637516,-113.8597010134,-133.8947460963,-134.6122342912,-125.1766243156,-121.8283644349,-115.3636941933,-108.0630810095,-107.3332447037,-113.4615475035,-122.7638834625,-152.5723646142,-113.7623854157,-131.4269965819,-107.7336604075,-112.0758394662,-134.8898771886,-131.9566081661,-120.9753035351,-107.9452917393,-159.0450819595,-138.5748382644,-126.0565899311,-126.0180391316,-105.3610199314,-116.2417064736,-129.2397119609,-115.7321531314,-124.770739824,-134.3879872105,-117.9150816439,-129.6770653624,-134.8997996479,-118.358718306,-136.5394601604,-108.7974907979,-139.2461073813,-115.648945082,-115.5170943921,-133.1976354608,-139.3009420886,-137.3564015606,-119.6276009819,-127.5914089448,-123.8027573146,-125.399600734,-110.6470631156,-119.5715379251,-113.2163814613,-107.7995727328,-119.946609181,-118.4012595945,-113.19213042,-117.1917801431,-128.7776491449,-133.5501055298,-121.9319089746,-112.8817182861,-116.4468861603,-119.5721494723,-123.9161411672,-117.6145046396,-124.1932414124,-119.3850851341,-126.6172258497,-137.0951115766,-122.0940992605,-123.9609811815,-124.7037790808,-130.2327770037,-115.9847382733,-110.4368176102,-111.0845634198,-133.9348656645,-113.3407118792,-100.207858802,-122.9924687344,-125.1892073942,-146.7791333168,-111.6078285128,-132.7624709586,-128.5072896336,-113.1653190231,-105.5949454173,-126.2033887178,-118.6570124614,-130.5955386224,-122.7943496212,-115.0062531419,-118.6309386779,-119.72650149,-134.9135114768,-111.7310805306,-129.4499539676,-122.644009224,-125.5847260496,-133.3529061546,-136.2369509114]}}