{"Tau":{"0":501.1872336273},"Kappa":{"0":10},"Positive hit":{"0":36},"Model0 ll":{"0":[-125.8682653898,-119.5504693278,-135.3949858602,-133.7660941775,-112.8595194174,-120.283643466,-114.5240528183,-123.7980243813,-111.0398340434,-118.0293525459,-127.9684670077,-123.3311516979,-114.0895192613,-115.9504380005,-125.0281778528,-108.750019989,-124.9319247673,-112.4632694342,-114.4549917931,-122.0017783737,-133.4668655512,-120.5679186057,-127.0518836185,-125.1222448953,-126.5318164696,-123.1548686633,-143.104571338,-113.5453891198,-128.0229342004,-112.1127541291,-163.5822400186,-117.2029149568,-121.8872275379,-115.0622784223,-137.7430147473,-122.7828011732,-131.4466113995,-126.7377816812,-123.6582756769,-105.7028309311,-120.8606849814,-127.8677744604,-117.7083905836,-141.1723253038,-129.4228370058,-129.2943923903,-127.9162922663,-139.3553127998,-129.0277199705,-133.8506667485,-111.8085637849,-136.4113575287,-117.6675908124,-139.2810648591,-128.6917310573,-121.2400920339,-119.0621202889,-112.0210339121,-125.1170725773,-115.4927543357,-144.4747420793,-123.4617926762,-131.282418671,-128.4833172784,-117.4719037664,-111.7908997203,-129.2959651216,-124.9152142083,-134.6744365089,-133.784665779,-115.0411719446,-121.1044276223,-126.3444946455,-124.128732047,-129.3361897973,-127.4282433655,-130.8489768917,-112.3532614254,-129.9490554517,-119.1911867979,-143.6406873239,-137.3912103991,-189.9828527864,-116.2214752554,-119.3000438912,-116.7519715323,-127.4236162324,-122.9078023617,-128.3474166036,-117.6175086311,-144.2500265659,-129.1851800542,-116.1745007494,-123.3959668868,-122.8733542219,-123.478646809,-129.4288077619,-110.4442666104,-118.904327591,-134.6134167058]},"Model1 ll":{"0":[-125.9304048368,-119.4827824635,-130.3074767201,-131.7892659062,-112.7437736401,-120.3802415483,-114.6304347142,-123.7786344433,-111.192104806,-118.1671367203,-127.9684669579,-123.7104516659,-114.2175070126,-115.9501929028,-124.2171209913,-108.9697950629,-124.9319278193,-108.7022510828,-114.2675834406,-122.0067896449,-133.8440993799,-119.6521336268,-121.6997775999,-122.9763394059,-126.4872854798,-118.7313952106,-143.1506780156,-113.5453895033,-112.7247338734,-110.0410841705,-130.334825128,-114.2963548783,-119.8941375512,-115.2219692272,-137.7430195226,-122.7828027539,-131.2051784958,-123.9441700129,-121.6165912404,-105.8252501884,-120.8606849905,-126.3186983282,-112.960061689,-131.0614972251,-129.5584267376,-128.7366210347,-115.1995959585,-134.9317646376,-115.0225205268,-127.4762134773,-111.5546680588,-136.9274346006,-116.6924505798,-139.5939556512,-128.8280385037,-121.4166304314,-117.1267216865,-103.619346596,-125.11016775,-115.5289722624,-144.4747432823,-117.1147394408,-126.5107513597,-128.701029263,-117.5534396352,-111.533589715,-117.8456820794,-124.9961256058,-127.6038815736,-133.9775773507,-108.5415642206,-118.5152050552,-126.5368335215,-124.333324351,-128.8495642561,-110.5174394748,-131.1999737705,-112.6031721866,-130.1021429561,-119.1911883985,-143.6983540662,-128.7488469888,-120.8795710831,-116.1789091886,-113.0826569938,-116.840297703,-113.5814293955,-122.9078031274,-126.7649639901,-117.6552560531,-136.4771839029,-124.6461095401,-116.2226925519,-123.4038298777,-120.6678397136,-119.2836620303,-129.8511436964,-110.5561720476,-118.9610897274,-134.6177710126]}}