{"Tau":{"0":5011.8723362728},"Kappa":{"0":10},"Positive hit":{"0":34},"Model0 ll":{"0":[-124.1012484542,-123.7186016587,-132.3468047391,-109.4465773309,-116.0689448805,-142.0666088927,-148.85898373,-159.073057783,-111.6388968882,-112.5728919193,-110.132399363,-124.4638478103,-141.3899557243,-118.4599300292,-125.9310650883,-115.8494345898,-110.4748647779,-126.322276478,-114.6124987722,-132.7715949152,-124.2118734891,-118.5059251495,-117.1170372837,-130.9627467874,-128.4453951946,-120.1978565463,-124.9689696308,-142.6177372959,-106.4113276356,-118.7139579512,-111.9042669032,-142.8698826189,-131.8831674043,-129.3169068609,-118.2717119493,-136.9231912263,-118.9853352283,-129.4718605543,-127.1287409414,-115.1705952793,-113.2129813212,-105.7129253651,-127.0812746235,-109.5446814576,-113.1668282309,-130.8503710282,-122.1666923509,-116.3015063763,-151.7832759273,-144.3034486497,-119.1115752205,-123.028979565,-120.5471824639,-130.268148526,-132.8843622855,-163.5053049524,-148.0924381315,-114.0586170798,-120.5187301934,-113.0931024719,-126.5089500809,-128.0785942587,-120.2117289437,-118.1890300606,-142.2751821523,-124.6064115428,-109.5351041793,-112.626494593,-113.8029001105,-111.8604158724,-149.3283799855,-116.9940164747,-113.8442811379,-127.793139894,-115.3572592802,-127.0079022363,-114.3027807503,-136.6047083102,-126.8047090195,-125.0959173783,-139.200481911,-135.5216917218,-119.5349117171,-116.1741676476,-140.4353430773,-119.8797097555,-117.2447597396,-131.3285024245,-129.6427277786,-124.2984345922,-153.3857485742,-123.6774331339,-114.3880425453,-119.851310892,-125.4279639011,-127.8927693363,-125.0491682288,-118.5602580072,-119.2841313595,-123.0217857014]},"Model1 ll":{"0":[-123.1197973188,-123.7862046267,-132.3468071054,-109.5259174173,-116.0689440104,-141.3568418259,-149.3977111176,-133.8648524073,-111.6388976006,-110.1526551962,-110.1987694334,-124.4896346204,-141.431883147,-116.5197293459,-112.815317427,-115.839414494,-110.4796717653,-122.5758270899,-114.6550094846,-132.0982975792,-124.2264760186,-114.8775125788,-117.325032696,-131.1774178247,-128.0799735149,-120.1978813141,-124.9129091652,-142.6177418662,-106.0832355603,-118.8809375599,-109.8758646279,-143.1274907586,-132.0255489925,-129.2632187099,-118.5385219122,-136.9231936166,-119.4174987179,-128.6518297987,-111.7153736269,-113.122072513,-112.7968742041,-105.6646026171,-127.0141859504,-109.5657139213,-109.9136107341,-131.1639830841,-116.1179814587,-116.3020296748,-148.3924351767,-135.8789789163,-119.2483106561,-117.9819509347,-120.5471832207,-130.2998933675,-129.9084578358,-144.1746655503,-143.8503750958,-113.8820398607,-120.0559469303,-113.0486125034,-126.5477403037,-128.2780435764,-114.6630619124,-118.1890305578,-128.1710240384,-104.9862322243,-109.7395775067,-112.7209926652,-113.191268129,-112.0609206982,-149.4182689568,-117.1839200156,-113.8808318768,-127.3901161849,-115.515917137,-127.5438783864,-112.6249779192,-118.4247489097,-126.8047125722,-121.9161075589,-128.7915509877,-135.556581645,-115.629341101,-106.836131687,-137.8742816305,-114.3634636288,-114.444068539,-131.3285051462,-110.7973410277,-124.5794368307,-117.4374147358,-120.4067070069,-114.3880454291,-116.1809377627,-125.4741200427,-114.9809063716,-125.2822995475,-106.4107626568,-119.3036542859,-123.1504848102]}}