{"Tau":{"0":0.0005011872},"Kappa":{"0":10},"Positive hit":{"0":26},"Model0 ll":{"0":[-125.2419712919,-124.346865605,-130.1642875669,-124.4470741417,-127.9590230586,-133.8186708342,-130.4463658395,-137.0789578583,-127.8240691073,-143.8377397552,-130.8132122227,-142.6359168346,-159.5833989359,-125.8500488916,-121.3913100897,-155.0479453792,-129.6270372439,-138.7131379283,-136.2276219165,-122.6863901776,-136.9296424861,-145.8540993758,-134.5474071399,-136.7318009561,-138.3593822766,-139.6657380901,-147.1379063654,-176.1311109231,-151.3840022761,-151.5645864225,-134.7450194347,-130.457224739,-138.2485925059,-122.0905598028,-124.5641613093,-150.2953092215,-142.144162818,-146.584721664,-125.0549778257,-128.8155405158,-129.147837429,-138.67866268,-131.0207571822,-151.9409808678,-125.3958535079,-130.7632388757,-132.0813096853,-132.1181764553,-123.3375494358,-137.7029471905,-121.6221654188,-141.6713672938,-151.4651082583,-130.4213134684,-122.8168602861,-120.268382749,-165.851569775,-140.5644918466,-123.4181604162,-138.810866305,-121.0590416357,-144.6137212352,-126.1193329935,-125.3234387312,-131.1199336135,-132.9645683846,-130.757448654,-126.2574941658,-150.2659376839,-124.2780797149,-145.3785274624,-140.5861204501,-125.3678675372,-175.0904838568,-134.2726455867,-162.9628176969,-148.7347045954,-116.6237589706,-138.3410136154,-134.5491908379,-136.2071029545,-149.2349141482,-120.8839086027,-132.4834750127,-139.0449174672,-139.6265399841,-139.9786381048,-129.266508458,-139.2218527023,-149.8011136698,-158.2072130442,-125.4090154151,-149.0126870791,-130.1928225596,-156.3047413836,-131.8654612411,-126.4140558022,-131.2758978766,-137.9622437153,-127.700431203]},"Model1 ll":{"0":[-125.3763380257,-123.5318102719,-129.3116572279,-121.1906345544,-122.4043215035,-133.7933841467,-130.5237503923,-137.0868932179,-123.0675534006,-139.6748288583,-131.1511206024,-139.0081784138,-142.3504119362,-125.7820007443,-115.333570864,-155.0479453809,-130.0137477849,-138.3630171361,-128.1008964255,-119.9894046807,-135.0402241044,-134.2758943009,-133.4545289639,-137.1133499434,-138.5943671274,-137.976337371,-132.4462163069,-154.7697782255,-134.3250805464,-151.8959220974,-134.7450237009,-130.8299654046,-137.7653085897,-122.0700300766,-124.8206371868,-150.2953132507,-140.2445452095,-146.5847243794,-124.5521597854,-128.8155439401,-129.2190803511,-138.2388658897,-128.3624190302,-152.9116327618,-122.0292921104,-129.4925665209,-132.189778637,-131.1300381181,-123.5668007426,-137.6191378431,-121.6806350722,-141.6713688827,-151.7979725878,-130.4213141641,-121.1143430594,-120.2683809471,-166.370713646,-139.9924819356,-123.6752482587,-138.8109291699,-121.0673316997,-142.9093046107,-119.4412131409,-124.6282634501,-131.245953176,-130.1493987746,-127.5475509205,-126.6078218896,-141.5029070956,-124.2325939345,-138.2727335221,-140.8768143907,-125.6337757132,-144.6095846259,-134.6288676514,-162.9863587624,-138.5143717331,-116.344331184,-138.5751888661,-135.1131476985,-136.4294204183,-145.1072033978,-121.0729547037,-132.9867327575,-131.6993370391,-138.2844493318,-138.8720634985,-120.8708651953,-139.6129572984,-149.801117262,-159.0980650341,-125.4090174101,-148.2921529017,-130.2182415479,-156.8320010597,-132.0130162496,-126.3714144983,-130.8601433848,-138.2385729089,-118.8814513789]}}