{"Tau":{"0":1.0},"Kappa":{"0":10},"Positive hit":{"0":2},"Model0 ll":{"0":[-311.890196174,-361.6511556783]},"Model1 ll":{"0":[-104.2498430105,-221.909649644]},"SNPs":{"0":[1770,1861]}}