{"Tau":{"0":25.1188643151},"Kappa":{"0":10},"Positive hit":{"0":22},"Model0 ll":{"0":[-132.5170807126,-124.0165348321,-133.6170348353,-116.3796359917,-115.1440350561,-127.1295698401,-114.0966038414,-123.0941927707,-139.8118605413,-131.1699901145,-114.1032785007,-117.8164901233,-119.9218669219,-136.8543699899,-134.5496915522,-119.7087403898,-123.9234164132,-113.8768516443,-132.9328194491,-109.1648971982,-130.8364093296,-116.1517181089,-120.550513322,-114.4693614792,-113.9377557732,-124.2967574637,-107.5728287432,-130.0827404397,-129.2517258047,-125.1488511901,-118.6577004277,-133.2265064402,-125.2888573888,-131.167234793,-121.5822365131,-140.3703465088,-130.7891878079,-142.5117919918,-107.5015351091,-122.9069289539,-140.4583219664,-122.7676925003,-122.1219380084,-113.146980599,-141.7574326091,-122.1842364123,-124.5546942992,-124.5320237927,-117.5330775478,-129.0532954275,-122.5541093817,-117.2311901517,-115.5106116673,-113.1211221106,-121.9102239581,-132.7030955497,-140.5334983074,-125.6140492409,-126.3954066719,-124.4446362165,-109.4352202742,-115.7170075945,-115.9018185015,-111.0920073072,-123.4855460171,-124.2236175111,-126.5048581953,-114.6178915234,-140.9213519977,-108.7980519522,-129.3215061056,-119.5567670572,-141.797495929,-111.5378325693,-110.2905589172,-125.6106122537,-137.829614607,-134.723753796,-110.8336676374,-118.9807313574,-136.9633542702,-108.5724432423,-117.5583910314,-132.9785102217,-120.700772193,-120.3131252201,-109.4057336419,-159.0741680642,-118.1261753073,-121.8724985207,-156.2853862278,-124.9283358245,-137.6029505985,-125.6332652612,-111.1600125814,-114.241320005,-114.7655929193,-107.9753219559,-136.7556158726,-128.9557523583]},"Model1 ll":{"0":[-121.9834105018,-124.04051941,-132.8440932738,-116.6562811815,-112.7590628913,-127.0424577258,-114.1810841026,-123.0714555619,-127.0085775129,-131.1890906325,-114.1156051679,-118.1044385808,-116.5597120141,-133.7898388351,-130.7181672698,-119.0968997411,-124.1181790033,-109.3989224188,-122.8145576842,-109.3248532013,-127.4342776866,-116.2091814173,-116.2482753625,-114.140669659,-113.5740048048,-124.5012644458,-107.487604137,-130.2922558911,-129.5674832415,-125.3231537633,-118.6156637626,-133.2265128569,-125.6561388532,-131.3170377444,-121.7364741782,-140.7379290574,-130.7891912777,-143.0792289707,-106.8298589312,-117.4830176847,-132.8433200891,-122.908440699,-122.1219409126,-113.2692999831,-142.0413998326,-122.6444831106,-124.5546947972,-123.8538203872,-116.8200693895,-129.4269660639,-122.6624547191,-117.2311913111,-115.0920346396,-113.1211222818,-121.935933305,-132.5930837845,-140.5335009926,-121.7061221763,-126.3856628217,-110.4725563115,-105.5716992873,-112.7355848595,-115.9928973857,-111.1290806313,-123.485546983,-124.4803477914,-126.4994447481,-113.7846750499,-141.1457704479,-108.832156207,-129.3686733483,-117.415825925,-141.870604369,-111.5378335078,-110.2898298864,-125.6106132276,-138.073842522,-134.7257706526,-110.696514957,-107.3296159697,-135.7392128559,-108.656674372,-117.758980075,-128.8695661357,-120.6610618198,-120.3237006454,-109.5367155513,-137.1992295389,-118.1109056576,-121.4128238888,-156.7889669451,-124.9283362463,-137.573101412,-125.3752445348,-111.2004585309,-114.2265574236,-114.7748325871,-107.9621622933,-130.760103602,-117.4851937316]}}