{"Tau":{"0":3981.071705535},"Kappa":{"0":10},"Positive hit":{"0":24},"Model0 ll":{"0":[-112.7468947224,-129.3877520655,-117.8697044166,-118.0012020319,-125.2024770431,-140.6741847153,-146.3895252882,-116.2581117811,-120.9613847655,-134.4679351767,-118.0166615496,-119.6853568441,-115.9923675743,-135.6949594831,-107.2040423405,-142.9093405301,-122.1368279186,-114.5785764809,-119.5669616227,-125.2927478485,-113.8370800788,-147.1120655142,-123.6787142241,-123.3166332081,-113.9627574158,-114.3907924107,-121.9172990781,-123.3459999883,-117.5897216193,-137.6146027239,-138.3292361518,-129.5760093611,-106.692715124,-134.2194263038,-114.1202382289,-149.7471597759,-131.1112170953,-118.5281885712,-127.3036798977,-110.2851303432,-125.7934952903,-112.566643895,-119.2556290741,-136.8851021037,-111.1478740014,-126.4538162942,-118.9644266278,-120.1903643138,-105.5624744446,-115.8861673841,-115.7466745778,-139.6441322853,-132.7679344719,-108.3556338883,-117.8449102555,-115.0388542409,-136.2638038374,-124.1258808999,-109.2257532748,-135.5960886624,-122.6872220137,-116.7294281927,-122.2076884672,-117.7044166557,-132.7641849602,-121.2851194933,-113.5886085592,-104.5598176806,-113.8074770358,-115.6956470807,-120.8782215826,-128.6377798845,-115.8577733675,-145.7172300447,-148.3575046775,-111.6047295432,-128.9716251738,-123.8428223011,-129.7066925369,-136.9480824669,-126.2434196136,-113.6061066174,-131.1783811158,-137.9247477092,-132.9523311841,-126.6199783726,-117.363173081,-117.1648310663,-123.0388567458,-138.0102218258,-124.5825309061,-138.066024296,-116.9812950886,-128.137344107,-118.0049875463,-119.5024509879,-135.9668609176,-135.6648505554,-123.7125725109,-138.9011124157]},"Model1 ll":{"0":[-110.5712283597,-128.5053013717,-116.6406648126,-116.9380169472,-123.6298831109,-140.674186782,-135.968970879,-116.2676954021,-119.0620678634,-134.7444229782,-118.1338673668,-119.8791823923,-115.9923678694,-134.2876308226,-107.2661884102,-139.6437728985,-122.1853798565,-114.7522034095,-119.359978998,-125.6820525457,-110.1325461045,-144.9784379533,-123.8477553853,-117.135210611,-114.0335047604,-114.4693634085,-121.8743741157,-111.9197467717,-115.8108264141,-138.0482630436,-138.3292374374,-129.6519258127,-105.5429759281,-131.3816045343,-113.2058332893,-149.7882300392,-131.1317041956,-118.3375880244,-127.5237286601,-110.3695785379,-123.8822682576,-112.6687704535,-119.4961389058,-136.7954531355,-111.1441158879,-126.5352007237,-114.4987285574,-111.2491446472,-105.4831145097,-113.3272218707,-115.2409671639,-139.8343117696,-132.8392881478,-108.3556671073,-117.8543029758,-114.9055163413,-133.1713805532,-124.1411734903,-109.2257553848,-135.9627504872,-122.9298001533,-116.849128869,-122.2799714839,-117.705375716,-130.5052364173,-116.831008207,-113.5886090343,-102.9886124119,-114.0282477899,-115.466697426,-120.9690659376,-128.8252485471,-115.741961713,-123.4859073352,-112.0633680401,-111.6047301056,-126.0264715303,-123.2173637972,-112.490058248,-136.3777429515,-126.3987046206,-109.2060848207,-131.136949655,-138.1667884128,-132.9526569685,-123.8822134401,-117.4192337957,-117.4200265385,-121.5693308974,-136.864763298,-121.7245010975,-138.4641823859,-115.4233214597,-121.2858716716,-117.820504856,-119.565698554,-132.8750527245,-128.0143239998,-123.7343059988,-139.2745153214]}}