{"Tau":{"0":0.5011872336},"Kappa":{"0":10},"Positive hit":{"0":100},"Model0 ll":{"0":[-150.866294223,-170.4426837955,-133.2993746633,-132.4084341522,-168.1726723103,-194.1036188424,-173.0656580383,-210.3899037549,-164.4639259752,-204.3538973273,-153.4094941143,-162.9906818167,-163.6320975796,-159.5980050049,-235.2516983413,-262.3370042464,-176.6750496975,-178.498395689,-270.8370528983,-187.818275697,-232.342962934,-215.4721510873,-122.8851961424,-117.5442629341,-166.2132605786,-224.2010477353,-157.0422699804,-186.9478791492,-203.7630050628,-222.7474720874,-169.1536083864,-149.2694672877,-193.2928358485,-232.5933278242,-194.2419597828,-233.8909423339,-191.8651219876,-178.4746786148,-135.2042248895,-276.5730346904,-234.7169956051,-142.2202461204,-137.2240556926,-200.6820985368,-207.2873350524,-165.4179255748,-131.8641156125,-137.5432674442,-147.0757082318,-187.0600431413,-196.6332134611,-175.4567269527,-213.9289985064,-147.9362480377,-190.878365721,-124.1965469333,-277.2080602273,-145.1680815729,-205.3685777059,-241.635374098,-219.9738192471,-150.7290682278,-182.3483581013,-242.0136142582,-98.3547715141,-123.4299702395,-201.8487151087,-160.9064143966,-107.6103332497,-204.0442381103,-183.019146416,-205.2704899502,-177.7115356536,-81.7636484283,-222.1008377292,-240.4686611155,-187.3812752009,-162.568930859,-201.8617437796,-90.735010419,-146.139974007,-187.6330591671,-172.7192404346,-150.4594758993,-235.8324393102,-189.5325290988,-121.4949732253,-107.5100582442,-164.2670456045,-254.9673134415,-217.0288506664,-220.9398483262,-192.533308493,-160.7591802157,-206.2793828316,-183.608615405,-283.4102129177,-281.9605656686,-176.1662790736,-165.5981056776]},"Model1 ll":{"0":[-106.9258741022,-133.2254697545,-81.4430764346,-101.5418791863,-122.8634420634,-110.7350687893,-115.3494615687,-106.5481697705,-84.2578593045,-156.874423058,-110.4200236765,-105.5454774009,-114.2148274339,-136.8082373078,-149.3767065079,-167.7319692283,-89.9540544212,-111.1489555277,-162.1041869778,-100.3899122815,-176.3203407158,-111.1403371424,-83.8736821104,-75.8310494851,-118.7537110771,-113.9713725944,-123.9932264142,-118.6661928426,-93.9655245254,-151.6090025946,-113.2883389461,-100.422149085,-125.7215705601,-124.393685586,-159.7744258407,-145.2154797976,-119.3546321941,-99.3755918982,-94.6673318561,-147.2754493962,-153.0726562381,-101.4477118014,-81.0643755927,-117.1333408496,-111.5082729097,-113.3601018874,-108.2384283568,-84.5370490873,-108.8356744365,-106.3656440514,-105.3805037744,-101.9418886633,-164.0200354699,-109.3201017565,-115.225497684,-86.9598889969,-183.3527335348,-103.3377311447,-119.2734780872,-124.8203154832,-129.6632588637,-116.0482543521,-113.2353133188,-147.1585401022,-76.4876107667,-77.4988747602,-110.3076869408,-107.9800890738,-76.2763960996,-175.1019108969,-118.9258355955,-158.164354124,-111.8692431553,-71.1723867594,-104.325634899,-131.1792568797,-110.966093287,-92.2655859179,-124.8876960452,-67.0227780986,-91.3234917679,-116.9586678951,-114.1410392507,-101.9529213371,-149.3756170448,-116.7419016119,-92.2213318812,-71.9512707888,-95.9550531811,-135.9536562213,-179.480939942,-133.9208999218,-126.1857690776,-120.40208829,-138.2432790743,-122.2941579029,-132.1209250598,-220.4973480702,-109.8995702653,-98.0774935714]}}