{"Tau":{"0":1000.0},"Kappa":{"0":10},"Positive hit":{"0":19},"Model0 ll":{"0":[-123.6687080126,-110.6645399107,-138.5354455145,-128.8037277629,-109.2027190027,-116.2440434506,-136.8595203035,-128.4974984255,-108.4106131166,-119.2894131877,-121.6966095454,-115.5751097446,-109.3391168123,-131.594963443,-124.1947804729,-118.1207956536,-130.280457519,-99.6560317423,-133.6057236755,-107.8838795396,-141.2559381026,-110.5381932638,-117.1063137679,-120.9754570131,-131.0307511039,-134.2511633673,-126.101599359,-117.943614198,-119.6667127587,-153.3779763662,-130.3976711203,-126.330959543,-114.0766651172,-127.8337713474,-118.579933011,-128.6219880051,-113.3341238043,-114.3849721365,-116.7922520168,-111.5826415797,-118.78086858,-132.385038869,-132.0621448807,-123.7143077804,-120.2800805138,-141.8516177859,-126.8018935067,-140.5250802692,-115.3339466029,-114.2947283621,-125.7180917952,-131.1655318599,-154.5013412257,-117.4315320724,-119.2885388053,-124.8367911564,-110.8737104836,-125.1025956124,-123.8169233814,-135.998290335,-115.5120107055,-124.3014006804,-125.5433342332,-134.5201247566,-123.843752474,-137.5278559004,-116.5438950444,-133.0804754852,-130.7846044061,-110.602414033,-126.9035744945,-129.1562447698,-126.990131239,-123.8757502878,-123.2901945279,-120.4842387573,-120.178344976,-128.4819690433,-109.0335352352,-126.2032307851,-110.2181135171,-117.5629861489,-124.7276339176,-117.6385440847,-135.2798712158,-124.8125849853,-129.7308704055,-130.5226334367,-121.7442791172,-124.9924877472,-111.7445806245,-117.8961569869,-112.7135985702,-130.344908369,-150.3162541724,-142.157833545,-133.8743952124,-123.5641948567,-115.1428665199,-128.3807031535]},"Model1 ll":{"0":[-123.8932372731,-110.664539857,-138.6815731769,-128.2653092815,-108.4521106839,-116.6255990513,-137.2129680816,-128.5008029626,-108.5144513857,-110.1579055319,-121.7987499274,-115.7007740765,-109.4510508328,-131.9738802748,-124.1947804175,-116.8377134537,-129.0065947671,-99.6634147887,-129.2519141595,-106.8193695247,-141.3241733369,-110.1920255963,-117.2228573574,-121.1391484119,-130.9107712336,-133.9583997178,-118.6486825536,-117.9622120618,-119.8675061952,-152.3945921055,-126.958374521,-119.6500175564,-114.1463067274,-127.1396791214,-117.5348793392,-128.9936391793,-113.3741436668,-113.0285519835,-116.8792789247,-111.5890586874,-117.5998588972,-131.5001709985,-132.1732252126,-120.3018029312,-116.8201494198,-141.898561595,-126.8019115664,-141.0767530854,-114.5095152245,-114.2947298681,-121.2203921638,-129.7187607914,-139.3656310265,-117.4315333663,-119.6127643326,-119.6160398434,-105.1986822611,-124.98103848,-121.9742113299,-135.8173292229,-115.371651667,-124.2526564231,-125.5433352422,-130.9565315216,-120.2068331344,-137.5612968422,-116.5469108969,-133.39346667,-121.9747651667,-107.7512973383,-126.5847415034,-129.3636384027,-127.3166214307,-123.8299445306,-123.2945924593,-120.4319777572,-116.558859055,-128.6844048053,-109.0335811973,-124.208125611,-110.3572329422,-117.4131596218,-123.0343839302,-117.6385458644,-135.279872967,-124.5605984566,-130.1617854463,-131.0457825105,-121.1182190691,-123.5740657009,-111.6498237311,-111.7099068948,-112.7163252349,-130.4015655507,-150.5905205653,-128.5700987074,-133.8743987327,-123.6080291719,-115.3101256135,-128.3539312851]}}