{"Tau":{"0":50.1187233627},"Kappa":{"0":10},"Positive hit":{"0":27},"Model0 ll":{"0":[-154.046936866,-115.0777276545,-109.0262909275,-129.1930672788,-117.2758492639,-117.6996267239,-134.0982129278,-134.5552350455,-108.8436068034,-121.3513778444,-127.6361611999,-116.1622279331,-118.713075366,-112.2642934643,-117.5898094913,-124.7659381286,-113.1505857322,-142.0223671102,-124.565838729,-128.0941889387,-129.3896164923,-112.7085915241,-133.4909313199,-142.9236605772,-122.4986647878,-112.9514340586,-126.607502293,-130.9747004971,-120.5884303742,-131.028723694,-128.2564455088,-121.1016432179,-162.4179256339,-118.6907599545,-122.8994050732,-118.1182318614,-118.8705904893,-111.7153096672,-138.3187074236,-114.7635802333,-115.561785377,-121.1298257134,-110.7182011956,-130.4684621176,-113.5367927726,-124.0208450516,-127.7548124276,-114.3709430729,-119.5689202301,-117.9381670726,-114.7827096866,-115.256804577,-126.2116516652,-130.9021459467,-136.8819886091,-120.1270722328,-126.3957336984,-130.097068601,-135.9284067697,-128.5816963709,-128.3247256059,-129.4343794527,-145.9350664742,-135.5992169703,-146.3204748296,-108.8725628554,-138.2351889305,-155.4395555211,-133.0238092416,-135.8583855446,-131.8647061911,-115.7203583107,-130.837015764,-110.8137753595,-114.3175438528,-134.702941549,-122.269387401,-120.9806865636,-119.3776033567,-107.7478222093,-131.9510769625,-131.2314021544,-116.4199042053,-122.6506772618,-130.2948536342,-122.8575656137,-123.5645962972,-121.4894691111,-129.9712084674,-125.5130483846,-109.0575000779,-130.1222579647,-134.7984962906,-148.6629120597,-116.0442563372,-117.0780324258,-114.7450070198,-130.5627068868,-123.8720127787,-121.6534418517]},"Model1 ll":{"0":[-154.0469417558,-112.4191660531,-109.1173759939,-121.3237169765,-111.1344254254,-117.8389824284,-132.5449119091,-135.0432258206,-106.995910552,-121.7096383595,-128.0034501267,-116.4486060085,-117.3528324154,-112.2642944064,-117.2764552984,-124.8612451018,-113.0889519981,-142.0223749753,-121.9253632331,-122.3862903579,-127.2962337337,-110.849616841,-119.855992628,-143.2318523748,-117.3021440774,-110.3368143878,-126.6075050602,-130.7543589551,-120.0110561476,-131.0271609563,-127.4066812553,-119.9788721354,-148.0172748631,-118.6907599549,-122.8994058826,-117.8619551393,-109.9815724747,-111.6924397142,-138.551704559,-113.487194128,-115.6812035148,-121.4887092666,-108.1767066596,-127.0373220819,-112.8930107378,-114.8147450188,-125.7517117354,-114.3709430728,-119.5040331575,-116.8007161086,-112.7902959737,-115.2017602317,-126.0268734596,-130.56735879,-136.8819916822,-118.4243206427,-125.062206852,-129.759642858,-134.7959332562,-128.310351075,-128.3247257172,-128.8182607268,-141.2318902449,-134.6991577538,-146.5752444056,-108.8880446689,-138.4647464248,-133.1111029494,-133.2602174365,-130.810295617,-132.1681934461,-115.2570116664,-130.9271022707,-110.9663384265,-114.4567102081,-134.7215876766,-119.3187654289,-121.1441238348,-119.4973129479,-106.9393236168,-124.6386908614,-128.0860040225,-112.6282759513,-122.8812895552,-130.4174367317,-115.1203289933,-123.7475749928,-121.8814019442,-126.2533306107,-110.3188342869,-109.0575000843,-130.3478291259,-135.0474838294,-144.4280126882,-115.8899704289,-117.2161513926,-114.6728737682,-130.5711691223,-124.0875687204,-119.7756470219]}}