{"Tau":{"0":0.0063095734},"Kappa":{"0":10},"Positive hit":{"0":80},"Model0 ll":{"0":[-132.2324121879,-142.2476937344,-172.9885152631,-140.217727185,-278.6121322544,-138.2722798919,-134.4091067488,-130.4884887032,-225.8057938399,-184.19924877,-130.5518929916,-211.9525876033,-164.1860359128,-136.3523040864,-150.5705038388,-177.0683374894,-135.9092484129,-148.9151956778,-140.1391353291,-126.8668704704,-133.0864624857,-170.6803140543,-149.7546132301,-167.1040587875,-176.8675682052,-152.1729660326,-120.5311705056,-163.8549188702,-142.1450931065,-151.4610233718,-175.360532362,-164.6027139562,-135.0554276939,-118.7628016493,-165.1587901013,-209.2300789399,-131.1543387215,-130.4612106231,-119.5114681791,-132.471004361,-139.5951335447,-131.1348942091,-208.910572938,-288.6104005492,-154.8018829606,-134.2830168749,-175.202299905,-200.7058430246,-174.769494517,-156.8928347429,-175.2635268281,-124.6375818749,-145.9958141587,-155.2765491719,-145.8967012259,-161.6533337742,-128.064766168,-163.7227291077,-126.0993615946,-139.6875717435,-133.6577942935,-383.3840405708,-134.9451805089,-156.4869989105,-159.1053771681,-135.5903451324,-133.7351499659,-208.4764401509,-144.2317072387,-124.9044203797,-143.1972054826,-168.1196479209,-188.16539213,-200.1858908321,-171.7464267708,-231.8414449937,-381.7452301147,-143.7314060846,-123.0136253017,-127.4418819026,-138.0427935935,-235.8398214541,-146.1626757247,-131.8073683116,-183.6895665779,-253.6721453388,-151.3209599891,-180.0967997281,-139.1974527791,-132.957217688,-135.4341412737,-136.5254813427,-193.3614892747,-143.3055135821,-150.9216813922,-145.8134841373,-133.6028713306,-137.9741914947,-144.5075603574,-158.5853994873]},"Model1 ll":{"0":[-132.3328767863,-130.8927615177,-128.9822238523,-126.6581466781,-119.1510058652,-137.6830777746,-120.5706003279,-127.2887142278,-158.0973596201,-126.1825989986,-130.7371131256,-122.6842539636,-135.1090626249,-133.7254147921,-132.4927968643,-129.3083838092,-123.260725702,-129.5569975707,-140.2588168714,-117.0641816137,-128.1118068305,-122.2682741119,-128.3100982242,-141.9777925542,-140.7964625084,-130.0470678803,-120.182231612,-129.0301921236,-132.4303106447,-125.7901919572,-125.2472382086,-135.481009301,-135.1465927734,-118.7628016495,-126.0232191701,-120.7440411896,-127.653524963,-127.8555332152,-119.2835876643,-132.1604356435,-136.4950745971,-127.8273413355,-123.6524697146,-128.750285129,-116.0580433337,-134.2895857492,-126.2789326497,-118.7765277303,-120.914882132,-130.7055485454,-155.2883995283,-124.842490699,-123.6568766595,-130.6255390395,-120.7709354962,-150.0592617448,-128.4408229969,-143.3754338993,-126.2032325269,-132.8046245895,-133.5043689376,-130.4524628882,-125.8174093834,-120.8700002085,-119.1879922735,-128.5974921219,-127.3432694107,-135.590557068,-127.4648615005,-123.9332138819,-125.9985422872,-129.0142463442,-159.1537151754,-151.8707097607,-117.1075349563,-135.4223875981,-110.1661986762,-131.4570983234,-120.6679236348,-125.6789198459,-134.378544022,-128.4165225491,-136.5019022717,-131.3503326917,-142.9142958775,-130.6461609853,-142.5133694757,-134.0259957899,-139.1974550209,-128.3194368653,-135.715088662,-136.7760823683,-124.5809727173,-130.1120801278,-121.9555009085,-134.2657186063,-127.4590360752,-122.3852837705,-128.8037930485,-131.7326757761]}}