{"Tau":{"0":6.3095734448},"Kappa":{"0":10},"Positive hit":{"0":78},"Model0 ll":{"0":[-75.4125623236,-50.6931278045,-41.3996049263,-59.8281781541,-49.4599795431,-99.7863481206,-54.6420920522,-41.9600351348,-75.2475231212,-101.7699257238,-38.5624681808,-65.6991385642,-35.1038951008,-88.5889385786,-49.9946221807,-51.4570543661,-68.5959816949,-39.4407854836,-62.2654754096,-76.4400346496,-125.4429179144,-95.993480279,-56.4161033128,-77.4452207811,-213.6119414857,-54.8193613315,-39.4763886825,-88.2969175003,-38.7790312978,-124.8659902094,-102.2486440709,-56.7960324622,-65.2695505865,-52.8379949979,-74.3884193229,-35.711041582,-122.1496666857,-27.4953957063,-54.9423864666,-141.8277627883,-62.7241210752,-57.7291712358,-120.8247509503,-77.9267658264,-103.4103862556,-90.1999094575,-43.3463817037,-60.0845801003,-97.5294059617,-83.8787910416,-70.2314527761,-43.4321693087,-28.6657823023,-38.6586074789,-36.2774362512,-32.7409312968,-22.6491842247,-86.4897917336,-48.5265381785,-39.0908509002,-51.3328602365,-147.0161265083,-66.1555170323,-79.9206800479,-58.6427197361,-76.0469446817,-49.1302456596,-69.438374721,-35.2498350744,-123.6200983583,-53.5087129913,-117.5912742839,-78.6286512438,-52.3407962913,-40.9704769086,-54.3317080195,-116.9245521705,-34.3198761376,-92.1258066547,-49.9884745872,-112.8771621973,-28.8376600577,-52.5195957816,-106.1068386676,-111.3890733992,-50.4832717039,-89.2488612754,-57.1632072906,-54.0493035551,-177.317652861,-44.23976695,-82.7433405013,-54.493041721,-57.1070873917,-46.5716940896,-116.3792841144,-89.985055582,-75.437112288,-83.8126584404,-48.4563453746]},"Model1 ll":{"0":[-73.1369085767,-46.9969884547,-40.7234290606,-56.2894096405,-45.5617331338,-77.427715158,-52.7529686397,-38.9014858155,-57.2246700652,-66.5242305138,-37.5687748637,-61.8892054329,-33.8838185315,-60.9691329954,-49.9959904163,-45.6950703101,-56.1768474847,-39.1670002192,-60.0157050964,-65.0474964659,-89.3074960165,-82.8156850462,-50.1846076002,-71.3116634616,-159.4424686401,-48.2283022769,-36.7671921932,-69.405002687,-38.7790313047,-113.4194410159,-77.1448041872,-48.949923933,-53.8287267787,-50.8254697736,-56.5716477531,-34.6868289655,-81.7778408204,-27.4953979786,-48.8334690402,-119.8329859248,-51.123786284,-51.0934990629,-87.2373862769,-67.3813278921,-76.7201627382,-58.3076560344,-39.1952078331,-52.4119562067,-72.6378709758,-67.6025022726,-56.1989874665,-41.8954601546,-28.6666337003,-38.4059478194,-35.2594218906,-32.6962066915,-22.433423,-75.9211037804,-43.6443177684,-38.3020284889,-41.4663860434,-130.1120922948,-59.6752105517,-59.9399932795,-54.1266754537,-56.9943984431,-43.0372449594,-63.7846533401,-32.6703028991,-96.4143698222,-47.5120750986,-93.9111554651,-61.3168132698,-44.0057132932,-40.9682393554,-48.7095104542,-106.0091089315,-33.9255827036,-69.6538768526,-41.131023787,-79.027211699,-28.837660099,-45.7034652536,-94.1714071181,-86.7219946716,-47.3172729664,-78.2787499046,-56.6445332248,-48.430152405,-143.8150514073,-41.8431629215,-72.0073703308,-54.2891245869,-53.1647787751,-46.5670068076,-81.6700267161,-72.2526099319,-59.0909456124,-59.9311506986,-44.7965075395]}}