{"Tau":{"0":79.4328234724},"Kappa":{"0":10},"Positive hit":{"0":28},"Model0 ll":{"0":[-127.4486991042,-111.9322537519,-114.8449887043,-114.8438520214,-129.8720811053,-134.1862826686,-118.5840439899,-124.5478818001,-111.5642281849,-114.2240729665,-114.778089014,-121.3108863134,-136.8969311051,-139.8856514129,-125.533254427,-120.9499920511,-106.8431002826,-110.6309198113,-117.0893422565,-143.751639695,-117.8382151519,-125.5677120951,-115.80978774,-121.4032683666,-131.8463103612,-116.5173451366,-116.9145716888,-132.478568629,-111.8915979858,-134.0055244011,-126.6899982862,-137.1560293344,-149.0194892964,-138.4479289688,-129.5945845861,-136.1630646501,-106.5289724658,-124.9332279818,-119.8640560199,-115.1720547757,-117.7911258037,-124.9873443081,-127.9801668039,-127.2366456973,-128.6470411476,-118.4004670295,-120.8516644479,-123.4915593425,-107.8653442898,-121.960995155,-144.4250981627,-138.35670727,-133.5915727549,-126.9193089049,-134.3947649546,-133.6495975602,-143.4793355606,-123.7063866529,-122.8289792717,-122.2836136992,-131.1407381746,-132.2814765091,-146.7906112409,-148.3892379552,-143.5944578742,-123.9605944815,-121.9259221769,-140.4816926832,-109.6452213009,-140.6374213095,-123.8207085883,-112.9178617825,-124.6640884069,-118.5488965231,-139.6989803599,-136.758118886,-135.8136117415,-109.4443401633,-123.0722923563,-137.2013210521,-123.3150488299,-123.6832532429,-124.86036929,-126.4562038704,-110.0747749446,-126.4455562443,-121.901610447,-108.8912706579,-129.6152073039,-121.1843539192,-122.556556816,-125.3138711307,-129.8867034634,-127.494529827,-159.2632782756,-111.699161838,-122.5467269407,-116.6857311025,-113.0336972784,-107.4570529278]},"Model1 ll":{"0":[-127.4487011135,-112.032375364,-112.8224858842,-114.8445819027,-124.8491039372,-134.1896960751,-118.5840465867,-124.7335042164,-111.8652146193,-114.2240750468,-114.7780890141,-119.8824109182,-129.1405517345,-140.1321397211,-125.7168724401,-115.8794803335,-105.9778531218,-110.0148891296,-114.9156198026,-136.4249767672,-118.0296326545,-125.5711394418,-115.4739491502,-121.4384106282,-112.0227944894,-116.5107597207,-116.0833574092,-132.5904183941,-112.0983502453,-122.7846443351,-122.6104873548,-119.2745834537,-145.1944639694,-138.4643606129,-129.5945846235,-136.514426338,-104.3433393199,-121.7052111211,-119.8640579418,-115.2014445032,-117.213997768,-124.9873461961,-128.0436210835,-116.5570970931,-128.6470446466,-118.4653033227,-120.952954294,-123.2217474304,-107.8840445243,-122.0132860736,-144.2800140792,-138.2313802256,-129.3776074812,-126.0256312927,-134.3947675388,-133.7162928652,-143.479341022,-121.1256372954,-122.9367798284,-122.4763100814,-128.940112691,-132.2814783024,-146.7979463563,-148.60566689,-143.6773984384,-123.9616053596,-120.928374304,-111.2435394317,-109.7028189369,-140.9881803024,-121.2927934626,-112.3601656847,-123.1306790231,-118.6307219414,-114.0206212915,-134.9611784175,-135.271537888,-109.350462964,-123.1406120985,-135.4971525565,-116.3426043161,-123.1480580893,-124.7606889836,-120.9628578468,-109.7976844868,-124.4010377468,-121.7803115785,-109.0517287471,-116.4121670519,-121.1843547356,-122.4368313157,-125.2184852635,-114.9033675873,-125.7637558631,-123.0613652754,-107.7919590652,-113.0326325333,-116.534093393,-113.2108432118,-107.5410313043]}}