{"Tau":{"0":0.0001},"Kappa":{"0":10},"Positive hit":{"0":19},"Model0 ll":{"0":[-129.7094932322,-132.1478385773,-139.6055586055,-130.9223324118,-124.4877135997,-124.9829794937,-127.0147879701,-147.5853978577,-154.9259536307,-128.1913537022,-115.6941386771,-147.5386169747,-131.4013092953,-141.9251759336,-145.6841361094,-146.1580356555,-141.953333081,-161.2825567373,-135.0458150664,-129.8117508769,-172.405888259,-126.7409518506,-146.7905035951,-125.0469273897,-123.7181448963,-131.5025553298,-136.057800661,-121.7603476198,-125.428112097,-124.6644010168,-124.4093179474,-128.8430375661,-134.8761719112,-128.9693639005,-125.7585642481,-130.3985635009,-133.4437272651,-128.3965924293,-138.7011790009,-126.6900318848,-132.037099651,-131.6152303688,-139.6573873527,-130.3398308221,-132.8810618506,-137.012301176,-134.5229195881,-119.4775644141,-157.5881342782,-150.451605709,-126.0937423636,-154.5909451844,-161.7379137962,-138.8108853569,-114.5694342433,-125.256583645,-137.4271142595,-138.0024157483,-140.8961877468,-134.5006468482,-137.0278497979,-113.3064570916,-131.8840900593,-124.3487238528,-132.6201798106,-148.9050327707,-127.8155276362,-130.3691616393,-154.4131692972,-127.6082430155,-131.411317833,-126.453102718,-151.1745361225,-126.519063508,-122.7768253793,-143.4249943156,-123.5596775862,-140.6282374907,-123.7393945209,-145.7149067097,-143.8809920671,-134.5636170821,-128.2635738667,-151.8607561986,-134.1023004741,-126.6867073154,-134.6003047358,-142.07985769,-136.0453475772,-122.5676067922,-124.3348388046,-166.8998604615,-131.4892741454,-130.444490202,-125.7763928216,-132.4461960168,-121.689408836,-139.2978763183,-141.8265414228,-126.7917552794]},"Model1 ll":{"0":[-129.9010650409,-132.6794498717,-134.183541897,-131.0098127866,-122.9142365746,-124.982979355,-127.0920951948,-147.9440737692,-154.9259557038,-126.5209927721,-115.8116872808,-148.1204335306,-131.6084227135,-140.9674272885,-145.6841361096,-135.9308700162,-142.0635829219,-156.4520653196,-127.2174802199,-126.775535246,-133.1699062091,-125.08918707,-142.7195545837,-125.3314423315,-123.3823030828,-131.8283141109,-136.2225028943,-122.133349014,-124.0611028579,-125.0739970255,-124.7044133887,-128.843038655,-134.5560504832,-119.4823367325,-125.6807420078,-130.3985635009,-128.1764429205,-127.6865863101,-138.8759690278,-121.5597735479,-132.1976010459,-131.8478688257,-139.657390625,-128.6332075202,-132.9805328138,-121.8722726581,-134.5501526679,-118.2697351093,-157.6999579748,-150.4516125216,-126.1382922785,-154.59094473,-144.1611417879,-139.3778472016,-113.2325131722,-123.8320961966,-136.8242688277,-138.0024157483,-140.8961877473,-134.8426669073,-136.4852007936,-113.1965809957,-131.659993618,-123.5559192672,-133.425311268,-149.5168576192,-128.1552956804,-130.338747141,-149.9104314633,-126.847884744,-131.6606191702,-124.4565250549,-151.6519513566,-126.6211187507,-122.8067533211,-143.3403356584,-121.6508239514,-136.0178633466,-124.1735748129,-144.6280627066,-124.2259585086,-134.9667411286,-124.8493150325,-151.8627868652,-134.3041911654,-127.1033998102,-135.1813623062,-140.1701952431,-135.8293473086,-122.2358235386,-124.3348376412,-167.6194539865,-120.4052735988,-130.5168165032,-125.5159867722,-131.8070142697,-118.6416273661,-137.5518370528,-142.0584686349,-127.1813774222]}}