{"Tau":{"0":199.5262314969},"Kappa":{"0":10},"Positive hit":{"0":27},"Model0 ll":{"0":[-132.3762849685,-130.6761965219,-157.4279458363,-124.0373343951,-133.5887381245,-133.5273967922,-128.0572426795,-123.0132485616,-124.0716009847,-118.1807295429,-119.9553612279,-119.681887831,-108.6251397852,-109.0462592028,-117.5738236799,-133.7607589188,-120.9856103177,-115.6953432226,-107.4290669205,-120.1315526121,-114.8235140084,-113.7203641002,-130.9550461427,-157.9887570027,-115.4047795409,-131.7065182558,-125.4505904342,-127.7549829198,-121.1110822638,-118.720936109,-112.6118582356,-129.1365388889,-127.9073718395,-118.5279326572,-116.7515203607,-130.8054130848,-137.2040606764,-124.7911225241,-115.6449462156,-171.7935663712,-128.4218417491,-121.5465862009,-114.2696961439,-107.8530276915,-116.2526071968,-138.188343882,-131.7027226977,-131.0116909229,-121.9227065371,-143.2748506503,-115.1214832457,-109.1715987555,-145.0830560474,-146.9287111156,-130.3502478014,-109.9168858922,-122.8506995104,-138.8496399914,-115.7057673645,-117.8697745771,-134.2718040567,-115.7580532628,-108.6601803816,-131.9852503971,-129.3005395302,-141.2498442945,-120.0496303329,-125.3098848819,-117.8348879638,-137.7708133163,-113.2269253353,-118.9291903029,-132.9701748478,-126.4979582437,-137.0049115517,-120.0484622521,-120.1912793604,-129.2328284227,-134.3506128068,-159.951389966,-127.3262234705,-124.8364308862,-131.6169882585,-141.0825454418,-139.5846099071,-115.8139766525,-122.3487097518,-123.9013678543,-155.08978711,-115.6189225254,-115.6596514133,-132.7763798064,-138.9437267411,-117.9485354705,-139.6268092944,-125.4653908321,-141.7008385881,-121.4718363954,-113.4610611626,-136.8470255249]},"Model1 ll":{"0":[-132.6244555334,-130.6761967851,-157.4279467312,-119.6650878925,-133.6360837662,-132.2925861242,-116.955166333,-120.0764810722,-124.3279755161,-113.5136105852,-120.1004803509,-119.6818903008,-108.4479116714,-109.0466292762,-116.4266047011,-133.1950324506,-116.9723120194,-115.6953432227,-105.2160006856,-111.4563158851,-112.7403992342,-112.3954648721,-130.9731714832,-150.7061148089,-115.5693814089,-131.742426364,-121.3350603709,-126.467335329,-119.8707166159,-116.4580870133,-112.7961927184,-120.6895983063,-127.9073730712,-118.6539975336,-111.7276757846,-128.6009469915,-136.9365439042,-125.2602956033,-115.6449960741,-122.53855,-128.4223910709,-121.576131135,-114.2699865139,-105.6375865409,-106.1134534378,-138.3930984455,-131.8159033927,-130.1916093983,-121.2012928032,-128.5650878451,-115.1216281282,-109.2878375011,-144.4025093991,-145.1963202313,-130.350251119,-108.0206203969,-115.1155574824,-133.6031482317,-115.2560293253,-116.2999913158,-134.2718069487,-116.1015630729,-108.6601803815,-132.0598464959,-128.9734977143,-141.4155832975,-120.3009654887,-125.3316185535,-116.2364351578,-137.7708129134,-112.1319847852,-113.2656944104,-132.9701755306,-126.5111153499,-137.2387345818,-114.467113214,-120.3391089631,-129.2328315586,-134.36216762,-129.0057316405,-127.7516017925,-125.0220483302,-131.0116295013,-136.8083593227,-139.5846121705,-115.8139793084,-122.3159739512,-123.2816237756,-147.0618094055,-115.7776067624,-115.7034724608,-132.8124786062,-123.2129583789,-117.850476833,-139.3770377591,-125.4653904273,-131.5911667761,-121.4718373571,-113.6208768292,-136.9285246051]}}