Tau,Kappa,Positive hit,Model0 ll,Model1 ll
1.0,10,10,"[-1069.2416197107123, -968.7719296364226, -830.1350994153587, -869.2981000112142, -858.6581215038894, -1009.720687098533, -1205.2473596070683, -903.4826195442212, -1033.566433594825, -872.9285318400047]","[-197.1410392957249, -179.1639628661511, -185.3151044974977, -189.38377988815785, -112.84430732522469, -119.24218535724492, -305.1287319684546, -150.90991074363114, -207.84119652617238, -174.58733820059058]"
