{"Tau":{"0":0.2511886432},"Kappa":{"0":10},"Positive hit":{"0":100},"Model0 ll":{"0":[-128.00701951,-118.5000180344,-155.0327145856,-151.296337293,-151.3172948682,-147.1517910587,-184.6940396996,-105.8854358882,-144.4656991336,-115.362688011,-134.5848267724,-144.9636678513,-96.086210255,-294.550069974,-205.107943257,-99.1895618013,-126.6831069399,-131.5680723058,-127.5322841928,-113.0580448683,-203.0457814105,-164.6935346162,-196.0797634956,-122.9926353884,-138.4582302959,-118.5546738778,-177.4112815753,-156.3876793804,-146.3873792222,-78.1112399004,-112.7534582948,-109.3621099877,-138.6391869349,-195.0649331293,-137.0185332053,-156.3271911442,-143.8227355306,-88.908089076,-164.9780129928,-78.3864219295,-168.6636231135,-217.4129660392,-165.6179700297,-103.4094091142,-90.5003715726,-109.2197246099,-166.3115425183,-145.9003396382,-114.8174536428,-148.3063325587,-112.2958163614,-141.7206024549,-161.2139640677,-161.9302676207,-165.0748949944,-114.4470464817,-139.9925649406,-157.0755510798,-108.5286876315,-118.5109392328,-82.4243926416,-147.3098459432,-85.2859227389,-99.4158232709,-94.1145574868,-128.3445610932,-242.2344616878,-110.2072929828,-106.6376820861,-103.6567107177,-167.9728679592,-116.6935157579,-161.7996548544,-89.3163390806,-120.9271546185,-144.3524007738,-199.1581928789,-166.7441149281,-162.341404492,-124.089100067,-195.8027825098,-148.2256970312,-134.9701202415,-164.2648303533,-98.7638754379,-89.5078442891,-202.101856806,-137.6439008505,-172.6597605312,-111.4014304025,-128.6668474345,-149.6039845537,-83.3641253089,-115.5441707372,-117.7521285967,-102.9351982121,-151.8313796043,-120.7747906498,-110.0129418092,-94.4480939363]},"Model1 ll":{"0":[-103.5108406387,-97.7878926341,-121.6751963537,-93.5163405509,-95.6396288608,-107.9961753943,-123.2642154161,-79.6372359363,-81.3282159317,-75.938113689,-93.43228172,-120.0792182562,-77.2508733462,-184.5815987234,-150.9817705426,-87.804135146,-91.012930989,-90.6977450865,-92.314822646,-93.3157025275,-124.594113505,-104.6721808025,-133.3391705774,-106.7194471025,-107.9262261417,-91.9874086028,-117.3294405995,-101.2717120182,-99.2502293025,-60.8503868554,-78.2871200455,-77.8123718711,-91.1423400042,-128.8619996539,-116.7593625977,-98.5706185508,-102.6821169124,-76.0926371478,-109.3717766736,-61.1032994301,-112.7172311871,-122.2915984024,-110.4437417877,-78.8655180338,-76.9887776337,-89.1969859984,-142.1611487674,-91.8748034621,-84.9189571099,-97.8630654307,-93.1807058777,-98.2167700149,-97.2132745852,-112.3950571385,-118.8907866623,-82.7953053492,-98.785780358,-94.9019883888,-77.6713397389,-85.044466301,-72.1496583455,-100.7710619104,-69.7822000968,-73.1747016376,-78.5309633688,-77.5346800327,-141.20469031,-82.3747181323,-77.8910670691,-86.0022030783,-104.864126611,-76.8904144867,-109.0760528457,-75.5279658325,-85.4604987419,-89.8336917858,-125.3968544895,-106.0162476437,-116.1433451214,-91.633621859,-121.4510446812,-105.3214506051,-93.4207732866,-129.8768690286,-89.8714760502,-72.2220746762,-125.8561895559,-120.7130407205,-125.9322452829,-86.1053021707,-87.2691650356,-99.4850231438,-70.8256503722,-80.993078382,-87.9603034463,-82.2678352272,-101.2717737139,-81.4423408043,-93.8963174475,-81.2679397657]}}