{"Tau":{"0":5.0118723363},"Kappa":{"0":10},"Positive hit":{"0":100},"Model0 ll":{"0":[-9019.1648497682,-8933.8213563097,-10200.3776632498,-8867.203758943,-9754.7227891459,-8999.2038927213,-9212.7372857863,-9575.7773634355,-9025.2449636994,-8987.4287289179,-9450.9169350105,-9665.4366637224,-9693.2136434896,-9532.9580038855,-9327.026381989,-8454.3601321481,-8969.3917427851,-9454.3888464022,-9242.5778554099,-9517.2787306897,-8905.9770047882,-9085.0453434998,-9343.6178380469,-8747.9264443661,-9652.6923705386,-8890.7394027997,-10000.6113817051,-8704.5900034348,-9917.0185461021,-9332.1893512224,-9850.244396069,-9490.1066370683,-9142.8728382229,-9237.6657028899,-9671.2974620282,-8939.0861814074,-9588.6192719167,-9916.4653950493,-9698.8025061411,-8678.4806250624,-9835.4568395231,-9059.1000376563,-8959.4442900245,-8736.2285834851,-9248.4600812315,-8425.6221061997,-9276.2066615015,-9001.9393125234,-8697.9118457947,-8900.4662280776,-9490.3605162647,-8381.0113422636,-9377.7964652476,-8609.1676240813,-8654.6245656065,-10017.4067547315,-9367.4488832695,-9065.4266544856,-9305.7662496518,-8762.0038416472,-8465.4157152288,-9012.487352305,-9802.7888641168,-9784.8600840622,-9214.7788469112,-9460.2008738462,-9450.881162166,-9296.6534507818,-9903.1918387793,-9765.1751794766,-9221.2759020967,-8959.5979890317,-8767.7686810832,-9443.6235996618,-9047.8641350009,-8993.5345512583,-9088.8973473534,-9066.2696600623,-8916.2787248183,-9042.8283670012,-9194.4690738043,-9030.4336682035,-9703.0551763129,-9000.1114587636,-9425.2287531775,-9536.2789234684,-9365.7062708295,-9221.4147685259,-9253.6439754693,-9261.8925290209,-9482.2317829577,-8899.7136434857,-8834.5923615849,-9493.6754430551,-9292.4422853737,-9212.6529963021,-9233.366665922,-10094.9485820586,-9419.0682857074,-9938.2036527698]},"Model1 ll":{"0":[-162.2479203347,-129.4495774351,-223.5348052202,-184.5381544703,-134.3250713343,-181.114949569,-135.3575798128,-218.8127440011,-196.7953309511,-191.7085131356,-187.8990050849,-151.2826940261,-166.3248954099,-223.3027958502,-217.2457920484,-135.1597561353,-168.0948013003,-140.7332038219,-159.9435441335,-115.5920483729,-132.4835910915,-190.4957811,-204.7064834427,-170.7964308407,-176.2310800727,-169.1525973929,-177.4418176395,-200.8837646525,-244.9139595511,-184.7070595753,-185.6609277641,-201.0719063801,-157.3742285108,-171.4782761879,-206.2710451597,-161.4548364191,-146.2619815171,-154.0218581454,-154.9421005847,-125.3717373408,-229.7978253522,-151.1310368291,-179.7285559746,-199.2792354116,-133.9138261647,-174.2010141756,-183.7509313556,-182.6464746221,-172.6118580601,-254.0926812972,-193.3506480936,-244.6069050591,-218.7646392042,-224.4752885136,-178.4623183383,-175.3133584919,-203.1436009534,-162.4017090157,-149.147547126,-144.2010986481,-131.4046015758,-153.6422070464,-164.6994941784,-203.9005982861,-167.3080826842,-144.2064335297,-206.2288882197,-257.1022287971,-159.7414043743,-154.2828094315,-180.3254302281,-180.4656743539,-199.7511941572,-165.5895933597,-160.8556210154,-159.2274179568,-164.810834298,-196.8930622771,-169.9396466397,-161.7831276898,-140.5058632516,-168.2570497157,-163.4577233085,-150.2699173425,-187.0454110494,-172.0352488406,-197.8732895216,-161.8667730333,-140.9630084012,-121.9554803351,-167.8142457926,-153.6411576812,-316.1489747542,-168.4949615804,-149.7809150146,-124.0120849527,-177.8959709644,-308.6674573871,-202.57201022,-223.0857713369]}}