{"Tau":{"0":0.0001},"Kappa":{"0":10},"Positive hit":{"0":5},"Model0 ll":{"0":[-100.2546087237,-72.6045399198,-86.4645380247,-89.4432808594,-81.3440663089,-91.0070945767,-75.6313177442,-90.9526071974,-79.5636711755,-93.6605450821]},"Model1 ll":{"0":[-93.4896149055,-72.5978142888,-79.7551656214,-86.7690867432,-79.2878400485,-90.9692632662,-75.6608312628,-91.0849998926,-79.0582167413,-89.7806176928]}}