{"Tau":{"0":0.5011872336},"Kappa":{"0":10},"Positive hit":{"0":100},"Model0 ll":{"0":[-14632.9875462488,-14482.1342320412,-16036.0728769339,-15673.3840268259,-15117.9136942422,-14730.7426882738,-14270.5632851044,-15071.1260218211,-15732.9646009523,-15849.7750041546,-15263.8080729183,-14803.4913149576,-14694.3602059868,-15599.7905977252,-14388.8890574664,-15590.4747406012,-15773.4109624878,-15277.9102153411,-13381.7449941716,-16090.7133956854,-16205.0404392973,-16393.3339922915,-14744.8054523559,-15210.287417354,-14815.8166527259,-15294.3712309246,-14720.3256001238,-15877.8718559378,-15897.4987268838,-15823.103662072,-14747.1007530258,-15986.7439466073,-14703.6379556814,-15733.3145128635,-14863.1678854692,-15753.8564951893,-14907.816200985,-14486.5854046091,-14560.9228498968,-15086.0154262169,-15367.4310260639,-15472.3712812346,-13729.9969956521,-15025.0203054101,-15927.4859066233,-16355.8770776775,-14040.1789902523,-13516.8899303468,-14895.5478185849,-14053.5582277565,-16027.9093206915,-15740.8829792136,-15753.9125783272,-15263.8598076117,-15804.4234796943,-14061.5924091554,-15445.939001238,-14943.0968362698,-14260.9611981364,-16642.4263344143,-15127.6819586344,-14860.0542866376,-15849.1485069143,-14898.4763142198,-16307.6152619347,-14424.1751515336,-14097.0655663061,-14457.4184893378,-15058.8915511843,-14714.3584936237,-14864.6479230318,-15821.6077382178,-15380.9885793014,-15921.8371915889,-14223.0495015376,-14727.8649392206,-14557.2991715863,-15687.657677333,-14957.0298981419,-15414.8846344376,-14903.2248716979,-14471.8120387595,-14508.7879591659,-14694.473084048,-15060.301676493,-15303.3824441725,-14999.2842317443,-14420.7820179758,-14971.689527116,-16245.6283008747,-15507.1430208156,-14396.9949489618,-15890.3353350307,-15159.656141594,-14557.387587987,-14205.1246398743,-14737.2189638013,-14209.4501657181,-14712.3603749161,-14312.2010669183]},"Model1 ll":{"0":[-181.5428503168,-215.2903861285,-163.0241868208,-168.8329569638,-166.7285399565,-181.7980489563,-220.0446641331,-226.7498863897,-189.3018583119,-184.7019910905,-176.1648950712,-216.8707011906,-145.7406386845,-178.3677641096,-144.2359341313,-165.9814847461,-186.8587918784,-212.3204986989,-230.6327235993,-234.3651048354,-202.2812903377,-262.9501983481,-145.6602610937,-131.8393675031,-132.379750611,-164.6582819739,-126.8338527153,-131.1244517665,-171.399235533,-190.1766230073,-149.1822722635,-276.8946680628,-131.1231627655,-349.4495298404,-188.9986593805,-134.4685959943,-184.4070299406,-157.3674941872,-140.9617649165,-144.7221150631,-175.1809119956,-145.5860345279,-179.37174819,-238.355746694,-203.2309130447,-203.8853881006,-191.1030535532,-267.1245263748,-244.4008578852,-132.1188098436,-163.4260523496,-238.9272892035,-200.1348224873,-146.6908563287,-200.8902556369,-207.2764630615,-221.5288492198,-161.1727993871,-197.3214733255,-173.3033833209,-154.3055772235,-185.8487240096,-194.2228318344,-197.8047739686,-175.6876993891,-173.6801390146,-226.791339626,-153.9684395179,-206.1143172765,-257.95859462,-171.3888835607,-197.5467698836,-181.782349343,-182.4370805548,-128.8856504858,-230.2528517784,-201.1685028519,-223.0648169592,-126.8011430569,-206.5541657533,-154.0195589013,-196.9098723209,-220.7796890484,-202.7175971403,-126.7976883047,-197.656012893,-143.8408798707,-159.4169470314,-171.733748371,-213.0728219241,-180.9238519087,-194.628298888,-229.0740787461,-237.4156109876,-154.8229106907,-196.0025026021,-182.3432374272,-221.5282656068,-157.1554320184,-194.8866617554]}}