{"Tau":{"0":100.0},"Kappa":{"0":10},"Positive hit":{"0":28},"Model0 ll":{"0":[-137.8677156945,-114.9977881211,-108.7302890193,-115.8458762838,-125.6796139712,-136.4270027228,-109.1248117567,-127.8964183696,-133.7203750146,-134.3477554194,-116.0780607882,-114.3053542184,-126.9881217904,-134.3598920266,-123.2529017388,-111.441895181,-126.6947373709,-137.5810978382,-112.6143787911,-118.9947322777,-130.2946602671,-130.269917142,-135.9145779073,-139.2209965152,-114.7386693822,-120.2935392315,-146.0740024571,-120.2632716303,-145.6218841139,-121.059457755,-134.4911543863,-115.9681330769,-113.4346028602,-134.5387046036,-121.0059623444,-119.2463441766,-121.9557927182,-112.1326947119,-118.786767855,-130.4247543986,-110.5883950196,-132.417640185,-127.8161373728,-114.4626008324,-138.9892009012,-137.3834564253,-123.8112049957,-119.5444995871,-117.0035275893,-137.3776336581,-131.3422762758,-139.301364694,-112.6679020577,-114.1789877304,-151.6135492717,-115.8565715581,-123.9885096401,-128.7287639869,-115.8965039269,-134.6021708163,-107.0258668871,-134.1306262186,-118.1475923633,-151.3263168195,-131.9801801564,-124.8763868681,-117.4858279256,-129.0493323718,-143.3330038734,-121.1000833604,-112.640473175,-115.5262073331,-114.624741126,-131.5417805767,-116.4006061737,-117.7921948044,-122.9487217339,-131.7346570326,-141.2673541769,-141.3751355697,-123.5246541977,-124.2827127878,-146.1289708519,-118.5497998652,-119.5479679056,-125.7807773089,-123.2638457944,-130.0709037846,-142.570393498,-157.9558559789,-124.4238864891,-121.7206450195,-135.1313936744,-139.718266816,-114.6954610898,-116.3625444179,-118.8652580297,-123.0476294055,-115.949891034,-123.1947624284]},"Model1 ll":{"0":[-137.9339785842,-113.3523761532,-107.6257429695,-108.3839583315,-123.1110357459,-130.8402591932,-108.3365889005,-127.9425002663,-133.6264923242,-134.3646278237,-115.841620063,-114.3053555505,-124.6197618026,-134.1171140302,-123.2214364707,-110.5311894739,-126.696308548,-138.0880646601,-112.6572417733,-109.9099041732,-130.2946619212,-130.448516138,-136.3289599395,-139.681738047,-114.3550144695,-120.3114085487,-140.7111180097,-119.6544598749,-144.0385132742,-116.6080677135,-134.7552028984,-109.2813697998,-113.5935257913,-127.6050306379,-120.7833642141,-119.31935076,-121.991305763,-112.1321680975,-118.8374043171,-130.431806087,-110.5173853298,-132.6731568947,-128.1720795675,-114.4891064459,-138.9962583279,-137.0575913934,-107.3172004794,-119.5445530093,-117.0034984627,-137.3776365876,-131.5903704371,-118.8512297514,-112.7455108283,-114.1570453832,-132.7941650069,-116.1773260941,-124.3518328595,-123.2973381924,-115.9908520295,-134.8220485961,-106.4421621281,-133.3935078376,-118.1475932281,-147.9904907086,-112.7736270229,-124.8937451547,-110.4339347805,-128.1465020858,-143.3330064961,-112.3365683515,-112.8279733454,-115.6252108159,-114.8022463283,-121.943526156,-116.1712326951,-117.7764850297,-123.2040880127,-129.0402435889,-141.4904890917,-141.729362237,-115.8654648517,-110.4398891182,-142.0917110133,-118.6430011623,-119.7795105764,-125.703672196,-123.2638488729,-130.2255203903,-133.1023981218,-122.4997130593,-122.8273548466,-121.7237345113,-133.0284441596,-122.116496165,-113.4475704385,-114.0579955262,-116.9028578802,-121.8109371515,-114.7317912497,-123.1947624368]}}