{"Tau":{"0":3.9810717055},"Kappa":{"0":10},"Positive hit":{"0":100},"Model0 ll":{"0":[-5703.4607755397,-4962.9540432136,-4654.0727970843,-5080.7616487748,-5349.5917561508,-5198.3449831381,-5661.2656402273,-5040.7224711286,-5383.6819975979,-4674.3680609974,-5211.4179100561,-4917.2523910669,-5031.7017317574,-4782.8662575831,-5334.9261287888,-4792.0744627985,-4481.7423950432,-4750.1214262452,-5370.4876092085,-5185.0906673735,-5672.5799176367,-4479.2005978452,-4846.0516432394,-4898.6424905919,-5671.8581460247,-5305.2509794106,-5076.6204656706,-4930.2283359517,-5367.0205297387,-5586.9473263962,-5786.589733535,-4664.1312148233,-4841.9193545984,-4991.324456415,-5060.1816089059,-5399.044351559,-4725.6761769227,-4484.5278391055,-5322.5864446246,-5035.2730068425,-4893.4240827692,-5257.6029707688,-5312.551535752,-4861.9679458447,-5176.4942319966,-5155.7102529924,-4827.915286042,-5233.7072011621,-5489.315421635,-5136.2906783976,-5269.8471056137,-4810.523779956,-4996.9911589069,-5298.7451351932,-5239.1179457474,-4721.3553632943,-5043.8459137466,-5325.8723505319,-5508.3414076342,-5055.0333290032,-4515.6825400857,-5460.1701878113,-4699.3261875362,-4476.4923473831,-4756.4687253734,-4833.403049284,-5165.9935618587,-4987.082164928,-4949.3723112228,-5616.3104413433,-4830.8935657753,-4733.0204347852,-5269.2050429835,-4735.0564833752,-5189.8408990754,-5115.7878918898,-4529.2746406895,-5459.4511510019,-5204.8866035088,-4706.697255983,-5338.06542234,-5444.1883015788,-4584.8461211264,-5326.7404374091,-4484.5528155035,-5153.4660610756,-4805.2022792279,-5238.7046584557,-4677.4014397413,-5052.6181163127,-5228.5543220768,-4788.9935004019,-5087.8653008597,-5217.3896385512,-4759.3906452059,-5015.0151046621,-4844.8308440744,-4685.6860107457,-5632.2868269944,-5150.0966416516]},"Model1 ll":{"0":[-155.0290707937,-164.3355608347,-156.2877784168,-178.6093447999,-252.6715965726,-158.4691021065,-241.2700656903,-193.3351100252,-179.4407652928,-162.6548775043,-158.3019657491,-171.5377553141,-228.1998894514,-212.0508032561,-235.4005186375,-181.1428301594,-131.7219206351,-192.4482395151,-184.3723170575,-178.7486184638,-250.3411321837,-181.1720137708,-163.9438026739,-139.4084368186,-213.0552023562,-161.986879476,-185.2459112545,-175.1862608667,-220.434366893,-210.6360026465,-197.0611057738,-122.3133414624,-245.4775351017,-155.6893482342,-204.2762498968,-152.1013494833,-261.1560972956,-144.2494691649,-209.599482726,-141.9958412265,-184.1553631349,-139.1793287074,-229.3284630515,-218.6555614744,-229.5571132611,-219.6203530496,-205.6176987457,-198.3043436307,-138.044455189,-180.3139538898,-178.0859996194,-193.7084563693,-171.5583156624,-197.3387513271,-158.870373092,-266.1299107312,-113.8393228642,-131.5692072646,-123.10854477,-163.0224680426,-139.3575006862,-200.0370008066,-165.4562515703,-168.3766842101,-187.9854343844,-222.7782574302,-142.5956543661,-252.0474886827,-212.2259169336,-260.7065195529,-159.2363325208,-213.7975006586,-157.0335120781,-150.7418062749,-163.9353251609,-207.3572416497,-108.4799262202,-222.0462623069,-199.874479442,-153.8654606491,-185.9550573709,-163.1635021819,-208.5796450769,-176.9260979291,-137.0706206299,-209.9211126871,-185.6015696432,-199.7390512537,-163.6668078354,-132.2256043098,-156.269480513,-218.9007705611,-227.1919976054,-222.952554054,-212.8171381776,-202.8739183191,-146.6341428276,-135.3761249135,-146.7483201852,-152.7551222139]}}