{"Tau":{"0":10.0},"Kappa":{"0":10},"Positive hit":{"0":40},"Model0 ll":{"0":[-34.9029293014,-39.0301680882,-68.5443942233,-43.9858450948,-32.3359031213,-51.8852946889,-40.925464932,-34.0354498424,-54.0512233615,-41.0118720205,-40.7946646907,-35.4111306061,-47.9306266195,-57.1112180203,-38.3279156354,-42.0699141737,-31.337546385,-60.7347311885,-38.8441749979,-80.0632436684,-60.5525500738,-57.6012624228,-35.2502281298,-41.0863004805,-49.9804860925,-32.6356345346,-39.9394726081,-56.5392876633,-37.9722526583,-39.8394317426,-44.7900781123,-35.8700815456,-48.5488798434,-44.4838204299,-32.1178411253,-42.656596539,-37.606497039,-43.8223194981,-56.8003053661,-33.7422153795,-60.6783884101,-40.5996138745,-45.7691046093,-23.9003403348,-47.413689508,-37.9891005696,-31.893380442,-40.9031484792,-61.4717408947,-30.9703950384,-39.3965974994,-88.5916503139,-47.0684288035,-34.6050088862,-32.1739919213,-32.4179341106,-42.7765130073,-59.591675497,-44.9310734237,-47.1357682535,-37.3446076256,-56.1043023194,-73.1131708491,-43.9036055556,-44.9597799446,-41.3658861819,-72.5828496212,-56.4238744931,-42.5999780807,-39.1472528469,-54.8809623035,-55.6592620082,-35.5523080362,-31.3138760553,-47.5703217334,-25.2467504048,-34.871669499,-52.5284986664,-40.276260381,-32.9272414688,-52.9223929434,-35.1016297955,-52.3153378096,-39.4386607542,-41.7570078269,-37.4801467314,-28.832809004,-42.8605871512,-38.9290285237,-50.1713447471,-44.9904205865,-42.762591916,-53.2462247083,-48.9921276703,-32.1272448886,-49.4151206713,-44.6448022291,-47.0717316238,-42.2904788045,-39.329537378]},"Model1 ll":{"0":[-34.9029642913,-35.5800839028,-58.5458463952,-42.379548191,-32.2229810369,-43.6103257973,-40.7313789179,-32.79941762,-54.0512352005,-37.6847489577,-39.9493167161,-35.0116406377,-47.3834244314,-46.4962357889,-38.1154467583,-37.6456413022,-31.337546385,-54.1402356829,-38.1138435483,-68.2055468098,-57.3806615299,-46.6914983924,-35.2502398129,-40.2538365389,-49.9708564034,-32.6356346008,-39.7083902419,-56.2879356709,-35.0831199201,-39.8417332021,-40.0598476421,-34.9678998944,-45.8697272439,-44.4543770862,-32.1043163282,-38.3502896588,-37.1704673525,-42.8080052199,-48.6490692687,-33.6181591516,-58.1072792331,-39.7834012715,-43.3008113527,-23.5471390947,-46.2073598814,-37.398762028,-29.3387440315,-40.9031500007,-59.1994579098,-30.9169728446,-36.1317862024,-66.6846465737,-44.1804410718,-34.6050088981,-32.0243560594,-32.0736592892,-42.1596068979,-50.7272460719,-38.4288073957,-44.2606488697,-37.3452379776,-51.7652587192,-53.0528465281,-40.8115566917,-44.4132436043,-41.3659325167,-58.1091253772,-55.1456075994,-38.6192392707,-38.1592194433,-54.8758686763,-53.5704968443,-34.1734095884,-28.9049220888,-46.3017535915,-22.3095878569,-34.72657484,-50.2623068136,-39.1256708411,-32.9239053053,-49.4509436623,-35.1016302614,-51.0683772849,-37.0765871752,-41.7589609982,-36.9081125496,-27.8444101851,-42.8605871512,-38.8955354587,-48.0947984808,-44.9902959512,-42.7628422936,-39.3277906704,-48.6474721585,-31.2816490909,-46.5358813765,-43.4992726089,-42.3001352336,-40.705776701,-38.7231289305]}}