{"Tau":{"0":1584.8931924611},"Kappa":{"0":10},"Positive hit":{"0":24},"Model0 ll":{"0":[-122.734264241,-128.816305784,-117.1125520451,-143.4448324184,-143.4565732148,-142.5918706718,-132.8696163125,-126.2970209827,-123.5645550369,-123.5860326541,-127.109777928,-121.1589110609,-141.915820328,-130.0000948883,-115.2293164585,-146.4473851399,-132.3577311539,-146.3266713117,-114.8210189443,-133.6694853672,-124.1804542976,-130.905683033,-131.6351833899,-114.7431633503,-125.6315521492,-121.9368840697,-117.5100869375,-117.7131707636,-124.0403398333,-126.2446027779,-122.5476332198,-123.332963907,-118.1965568358,-108.9126845919,-121.3010358091,-117.7423079537,-147.7743782463,-112.0507456511,-111.7040353005,-130.7739122906,-134.6294374733,-111.5557997542,-125.1358401023,-128.3030492841,-121.221654459,-133.8364340987,-114.2044895248,-132.7461081901,-121.51414049,-116.4502827218,-140.8282820369,-128.4500802972,-118.1014868391,-121.7702300188,-135.5397778761,-135.4277102089,-111.9646417851,-135.3848223892,-139.2988953089,-111.9389521356,-119.5512129458,-115.0535661027,-113.5709771214,-140.1687581835,-130.6104000359,-129.7680679048,-123.7838470591,-119.5590548485,-128.6070473847,-142.0866408393,-119.2601261711,-126.9824485708,-145.3900712763,-134.6690655218,-120.4562666286,-106.4910934678,-129.6292050556,-130.4385084786,-111.3957925051,-134.0518497761,-134.9004276483,-114.5962008483,-117.6286734668,-125.6013162146,-135.6007317065,-149.5194348453,-154.6752944899,-129.3616979231,-125.9276066806,-122.7024191462,-123.6005797403,-123.2573422684,-114.5276693697,-104.7068703603,-126.199338855,-127.385774422,-123.2944443365,-117.6737330234,-115.0078829507,-122.5029428418]},"Model1 ll":{"0":[-122.6391281735,-126.4885306594,-117.1394974575,-143.5418994724,-143.4565776219,-132.0429302734,-133.0305742469,-126.2867636543,-123.6056457643,-120.976958195,-127.109781122,-121.1591903291,-117.0740434774,-130.1420613181,-115.4449758888,-137.2242272733,-129.2709377168,-131.4518528725,-115.0310346227,-133.8994102068,-122.3779401509,-122.2700719553,-131.7067987258,-114.9549949262,-125.8783207021,-122.1217112576,-117.7432127478,-117.3433562388,-124.2041637344,-126.137356688,-122.5476341974,-122.6262408992,-118.1936866552,-108.780387802,-121.3010388515,-117.7239054859,-148.0340265634,-110.3923205655,-111.7040364427,-131.0450225815,-133.8801251846,-111.4047751397,-125.3406191094,-128.303048615,-118.8966145318,-133.8364345583,-114.4880125488,-133.0318930975,-121.6334523628,-115.4391292835,-133.3926181393,-128.7061102497,-118.2522023426,-122.0203457974,-119.6470585495,-127.7040811885,-112.0906975187,-131.299532414,-138.3348688426,-111.9389532343,-114.7299174499,-112.8105773695,-111.7438449177,-114.3219681314,-130.489724509,-118.1900277778,-123.9804510516,-118.9397384851,-128.6972113652,-142.0992194469,-117.8555069026,-123.165148864,-145.3785367243,-134.5684934924,-109.3949742244,-106.381702086,-127.8116735319,-130.5294898691,-110.8830804349,-134.0518529827,-134.6139430842,-109.8088940408,-117.658004217,-125.733611789,-135.6688585773,-149.8744417493,-146.880346414,-124.0390931449,-126.293638259,-121.587165168,-123.7842577944,-123.4628581805,-114.5276714584,-103.9159403878,-126.1993424258,-127.6865972828,-120.8206646098,-117.6869426164,-105.8501609888,-122.744276297]}}