{"Tau":{"0":19.9526231497},"Kappa":{"0":10},"Positive hit":{"0":26},"Model0 ll":{"0":[-115.1727286681,-109.7297915416,-127.2824023977,-111.2216813359,-110.5942444655,-123.6411443781,-95.69695894,-126.6626736954,-95.9550615038,-113.2830762096,-134.677939177,-97.8134024785,-108.7224344416,-104.1687211102,-96.7747072243,-93.1591684902,-105.8009093959,-122.7529480939,-122.1298633501,-104.4380797487,-110.9616526658,-98.1958524646,-120.4701262271,-97.4511631854,-114.0279932177,-118.281248888,-100.1900800967,-97.07874937,-96.2450998353,-107.9403236147,-125.5894789972,-107.8848386828,-135.4920956018,-133.8826663074,-95.9382379199,-108.1412296551,-108.3727117384,-107.9074148135,-111.2665416117,-113.2406730009,-105.995625305,-105.1276041472,-107.4723689225,-104.2087753202,-117.9285816679,-134.2752929059,-100.0410645747,-123.1763694981,-109.0849592248,-119.0590346069,-109.9870560486,-105.4583653916,-111.0505627544,-105.3218236908,-102.8480064976,-112.924953864,-107.7833859525,-104.0389603792,-107.475474089,-105.7559644287,-98.0103985931,-112.5281475087,-113.0616144632,-110.6607236495,-101.0996871884,-135.5413771355,-118.153819168,-123.3864294724,-123.296837823,-116.5307242376,-106.5763098965,-106.0929020175,-113.927046976,-110.9221153944,-108.015316878,-111.6104989904,-124.8905492017,-111.0252283406,-124.2672904943,-125.7290958168,-125.0674656921,-115.1005169632,-112.0123858874,-103.4694024626,-129.1447171447,-111.1028429714,-112.1687285563,-100.3955947482,-92.8954982557,-98.3495561329,-105.3269889698,-139.1042847494,-116.7736730671,-105.1035361901,-123.5421771203,-115.0378828165,-93.602916189,-113.4567498384,-116.0398293462,-106.6730401345]},"Model1 ll":{"0":[-115.172729276,-109.751732596,-126.8955500042,-108.3258788211,-110.0535262593,-123.6440679237,-93.0083877604,-120.4628001866,-96.0812022952,-113.2830762097,-134.7467966773,-97.6216855823,-108.8211742796,-104.1894861829,-96.5494133389,-93.1427462238,-105.8361369402,-122.7529482751,-120.6485409416,-103.2862973275,-110.9616537768,-96.052789507,-120.4701267261,-97.6641702761,-114.1257600245,-118.3993755576,-96.5118087441,-97.1153460016,-96.1656975396,-107.9141903518,-125.5894814198,-107.9071215694,-120.0542963481,-133.8826673943,-95.9721368574,-108.1412295089,-94.2570432502,-107.0692078494,-111.2665416117,-108.8462472282,-104.9606657781,-105.1434244013,-106.8745088428,-104.1954318379,-117.9285825978,-132.8590547286,-100.059052139,-116.9495553486,-105.3047811485,-103.8277380672,-110.0166294861,-104.7341539106,-98.317354918,-102.2215157731,-102.1230671513,-113.1253820995,-107.7833871388,-99.2237776196,-101.0456015538,-105.749407398,-98.1256462277,-112.6229022256,-113.0616154518,-108.7490399191,-99.6045347985,-132.1205891924,-118.2389485413,-121.2917997944,-123.5393965529,-110.1681053104,-100.3876031097,-99.6721816224,-112.518956332,-110.8857865782,-99.850130238,-111.6104989904,-93.9830193949,-108.0235488079,-120.6175489496,-125.7290958398,-125.0674663574,-114.5267358817,-112.0546678439,-103.5241226445,-128.246702622,-111.1567882041,-112.3652784423,-99.1301375245,-91.6006263711,-98.3714205106,-104.2200219333,-139.1386468676,-116.2383752022,-105.1035375042,-123.6438858143,-107.9761605132,-93.2122006875,-104.561619018,-116.1516942255,-106.673040131]}}