{"Tau":{"0":0.3981071706},"Kappa":{"0":10},"Positive hit":{"0":100},"Model0 ll":{"0":[-13735.7276192623,-14456.5799074311,-13776.6585573156,-11950.0379772032,-12810.7202660785,-13859.9749192834,-12634.580605688,-12661.7375992806,-13019.2728105936,-11636.2092868348,-12235.4681185268,-13973.8811470882,-12348.0677679008,-13408.0207724493,-13691.4389565474,-12951.2568719067,-12903.3188901569,-13721.9770843702,-12856.667749872,-13436.0923846006,-12851.265214688,-12740.4100276129,-12466.7980975152,-13971.9530063929,-12415.3180496597,-12617.5141186446,-14010.876924322,-12230.8828700398,-13881.9457612059,-13551.3644623337,-12884.712831091,-12722.7861243299,-12946.5466497035,-13360.6463222368,-12863.3999918864,-13433.9960857914,-13062.6855439858,-13534.7563511465,-13262.6116844203,-12009.0460841243,-13010.3263332496,-12487.5403690177,-13224.9745424448,-13546.1358848198,-12244.8899598818,-13637.4141960266,-12831.9143715891,-11764.3282980068,-13091.0244103732,-13364.1657575942,-13611.6341327032,-13309.6466510993,-14014.9474839019,-13668.4151221586,-13791.9205641254,-11577.2622195284,-13131.915774182,-13304.9580412859,-13343.679689269,-12560.9511390785,-12547.3780657146,-12418.1658989177,-13405.235557702,-12660.1490732529,-12558.938971724,-12654.3318567004,-12893.9659552352,-12916.3311769749,-13651.6046561369,-12832.8968462236,-13687.6151763638,-12690.9395541858,-13223.9988508083,-12121.5283013671,-13210.9699488195,-12052.7155251743,-12885.6940609986,-12864.1204475099,-12509.0685850686,-12555.3721748478,-13331.7567341544,-13526.5494592516,-12891.8921295917,-13203.9565143985,-12515.7224528493,-12981.5317279299,-12562.9868265219,-11589.5817484571,-13649.8643272702,-12828.1622720493,-13646.8003341401,-13022.6814678625,-12344.0929087533,-12366.5440687623,-13604.438626028,-12596.0041763944,-13481.5975041871,-12427.467340612,-12819.3024325227,-12516.1611180453]},"Model1 ll":{"0":[-155.6330679099,-174.0130116157,-136.3120746239,-161.2496093109,-172.362710146,-173.1547956169,-162.0932390805,-172.1935496587,-133.1777245281,-200.1292422079,-198.2021191412,-154.5127418324,-170.7250625662,-177.8808526779,-177.4607929728,-150.1045739903,-221.9477756158,-216.1412822739,-160.0586662783,-175.1370463964,-198.3209058267,-132.5584837553,-131.4373276268,-169.4052722921,-183.1898469522,-184.5207374226,-169.0868405916,-145.5712434841,-130.5244719231,-184.6989042611,-174.8046395901,-161.5914878553,-196.8716094264,-174.978712015,-170.6661773396,-193.5773920113,-138.2164939664,-209.466645381,-186.0271755187,-160.9228221436,-149.484125137,-128.5899774548,-152.792718455,-202.2557642596,-176.2985347219,-160.4713335014,-170.2100472592,-132.1362424092,-127.8838599737,-147.3083422955,-194.0428439267,-135.9220289648,-209.5852184244,-158.9745472191,-197.4611524279,-146.2521571904,-181.9933001633,-133.4827552891,-159.6517392419,-127.7102292033,-183.8065205037,-176.6984365226,-174.2866840197,-168.088637969,-192.6767385922,-120.2336762823,-147.0691216461,-147.9278651786,-144.9734633698,-178.4326908513,-135.9405839143,-199.5129271652,-135.9411963525,-156.5603316762,-145.8929440912,-240.0711571789,-181.3394970998,-152.7180351174,-149.9415204073,-139.5936275349,-173.173544829,-137.7906402805,-153.108300822,-142.3777814795,-165.0279976795,-163.455236403,-166.8249413593,-202.1165648052,-152.1598627558,-141.1182721356,-156.6311335313,-135.2007313352,-153.1724636855,-173.4199463023,-147.6720614236,-126.3023412587,-164.3843155578,-173.7012449782,-154.3110576225,-207.5032502585]}}