{"Tau":{"0":10.0},"Kappa":{"0":10},"Positive hit":{"0":1},"Model0 ll":{"0":[-66.9915762987,-57.705447982]},"Model1 ll":{"0":[-58.8775079675,-56.8542265211]},"SNPs":{"0":[241,302]}}