{"Tau":{"0":6309.573444802},"Kappa":{"0":10},"Positive hit":{"0":27},"Model0 ll":{"0":[-123.0680444657,-139.5632742447,-112.7929289298,-172.574368408,-120.5630569627,-115.1527351688,-111.49932826,-121.4072499537,-149.1951048726,-111.8566719152,-137.4561709984,-127.2098470999,-162.4931859763,-127.7634546155,-128.243251506,-149.5934203849,-123.4025329251,-123.1005390081,-136.4877034919,-173.730860142,-122.9070709487,-117.1055054856,-112.2484513845,-124.9211546677,-116.2394440949,-150.1511506036,-117.926212423,-131.6174750497,-119.359772104,-112.1265175889,-138.6206487334,-131.4569002205,-135.1065884335,-123.1689434473,-108.9183022736,-124.3097627463,-140.1937288538,-125.5144460546,-119.3700159266,-136.0307279419,-120.7444057331,-126.4958505288,-122.3864025869,-128.749095233,-143.5222701938,-119.8684342397,-125.9669788319,-119.1858486545,-115.0817981081,-135.6304562923,-119.3056145021,-129.8242036694,-134.1592082483,-132.4484479548,-128.5243458153,-121.6418550275,-134.1992844754,-115.7057428933,-122.3794219938,-163.5776350664,-149.2907364831,-119.5638685099,-117.2077015496,-123.0761734201,-134.1817684498,-121.2825808762,-123.0085757902,-119.2717649912,-127.5732349988,-130.8091794165,-122.1599474454,-118.4975718105,-121.4382291669,-165.7334240466,-128.2006473874,-144.5413055326,-118.8248924216,-111.0456501605,-123.4095742322,-137.0269888938,-117.5947980468,-115.2574111267,-121.3699300343,-161.5960021501,-118.8636979846,-116.9230731069,-118.7963642883,-133.1460330756,-133.0854722521,-130.0266442347,-110.3879760117,-111.212019346,-112.84068768,-190.058076465,-134.695222394,-121.7559386188,-117.1473576761,-129.4421782622,-130.561066089,-135.2241996722]},"Model1 ll":{"0":[-123.0825420665,-139.8876388445,-112.9441306246,-168.9738375738,-120.5630589468,-115.0364115115,-111.2742832845,-116.9316123585,-142.2765198084,-111.5901612727,-110.1096933989,-126.1533225636,-162.4931885815,-126.9185590788,-127.989855645,-149.6994707058,-123.1999190057,-121.1637490933,-136.8117612264,-173.1192842739,-123.2228608332,-117.2912302205,-112.2894899848,-124.9211557842,-112.9995710031,-148.1370553017,-117.8061562456,-131.8451782612,-119.4875435969,-112.1265179329,-138.7008464982,-131.6871128374,-135.1309005797,-120.1765952898,-108.7800682627,-124.5550042005,-140.1937327512,-125.8800956279,-115.1784200947,-136.2632707007,-120.3381559861,-126.0773546987,-115.569831828,-111.5842060471,-137.6557513878,-119.8684351975,-125.4331184678,-119.423843703,-114.3161203908,-136.0183010094,-113.4744335164,-129.971516308,-134.1906682195,-132.5074173402,-128.5405571779,-121.2257712685,-134.5616301843,-115.7059385216,-118.3239545334,-131.5689327655,-149.2907430958,-111.9332880509,-117.2077083691,-123.0772285018,-129.4243535755,-121.6469076839,-123.0316429012,-119.3703925251,-128.0051012662,-130.9705316078,-122.1599503319,-118.5482494337,-119.541612217,-164.5789706276,-127.9399662929,-130.039825023,-116.9665828201,-111.1505725259,-119.8945949305,-127.4684071947,-117.674881784,-115.3644272464,-121.5648258231,-158.2591027225,-118.8650749768,-116.6234522308,-118.8834706515,-129.1547695316,-133.2988159254,-122.2798996985,-110.5425210149,-109.9640191062,-112.4337945904,-145.0014039219,-125.2359979586,-120.6870001588,-117.2812687588,-117.8910848148,-130.8737786351,-120.2425400866]}}