{"Tau":{"0":31.6227766017},"Kappa":{"0":10},"Positive hit":{"0":27},"Model0 ll":{"0":[-134.6120056776,-117.5764597272,-130.7748529395,-113.8563231349,-137.9582221872,-128.9710547579,-121.9456980879,-121.5865527523,-114.1604738894,-126.8723806922,-145.7523669717,-158.755643087,-113.4125877246,-122.6531995033,-110.0109548405,-125.549605922,-144.4136087795,-133.6678165392,-124.0642048574,-145.464020526,-156.8633748624,-123.9748096174,-141.1270603869,-112.581182478,-113.7338678084,-140.1591013214,-129.6338571237,-114.856726254,-115.8447443791,-118.977484649,-137.4279756715,-119.9890980792,-115.0197481733,-126.1158634957,-108.0956591868,-133.4340465884,-111.5516473626,-145.0765326257,-119.3928266113,-135.2870921426,-111.6201760337,-107.760409757,-128.4792580778,-135.8362105098,-140.826126198,-108.5300305176,-120.7533100582,-127.8606096847,-121.4960489698,-133.600732886,-113.21385668,-133.2324122218,-131.7611111998,-119.3741446259,-110.8110053597,-122.8675698602,-114.1087688841,-129.0778010898,-115.7312543857,-129.0095173402,-108.667984178,-125.5449936264,-132.4755626835,-118.5401663063,-104.7447648485,-141.0536768878,-126.2397617054,-140.6851793179,-136.0978278403,-118.0964745163,-135.1102791866,-130.7202832368,-120.2018881342,-122.3781059064,-121.0181159939,-133.0646471713,-153.0204447598,-121.9882186966,-119.8481864895,-130.5210428662,-117.144835513,-133.4965301773,-116.13489321,-146.1756114164,-121.7128379743,-129.847887795,-109.4348950547,-114.8891131132,-124.934969715,-125.9561363219,-125.2621656294,-128.879544179,-116.1715506102,-129.4884863347,-119.9650746551,-146.1557696749,-118.6887449543,-104.342829307,-107.8751910817,-117.3603770171]},"Model1 ll":{"0":[-134.6102460395,-112.9859646139,-129.5223711446,-113.8563246621,-124.0297303129,-121.3274831711,-121.9456994559,-121.63455893,-113.7572241394,-118.5320295479,-143.0833434627,-137.762280055,-113.0122833354,-122.9054658355,-110.0735686366,-125.549609481,-142.5535767627,-133.2833339448,-124.0642063868,-145.8295274519,-156.863377845,-116.2238464239,-138.3786899635,-111.1386594911,-113.3529400618,-131.5073246721,-129.7107491629,-114.3392823493,-115.959691934,-118.9774869602,-135.295336855,-120.3058337258,-115.0982445234,-126.3033654149,-108.1946787177,-133.4340517165,-111.5516489169,-145.1333861406,-119.3934958633,-135.3128418454,-111.5710758309,-107.3566475001,-118.9794304326,-124.8433545151,-140.7471127474,-108.6554680165,-112.4692457739,-127.4748141887,-120.7999282525,-133.8608832819,-112.3574855247,-126.2741909862,-132.1682648585,-119.5953248921,-110.3203373034,-116.1310920577,-112.8005367749,-127.7339873615,-114.8665004053,-129.1215291967,-108.7426525599,-119.9378682409,-132.8134773727,-118.2573942396,-104.7473543582,-139.0210299912,-126.60647372,-124.4865321321,-136.1139483895,-118.2197610268,-132.1175024687,-127.8012250835,-120.3217962665,-119.320976786,-121.018117528,-112.0902592284,-150.0501374337,-121.8085843249,-119.4611482209,-130.6417074598,-116.2078941216,-133.6994305692,-116.3023275839,-144.9677078759,-120.105701576,-128.87814846,-109.553595308,-114.8778062256,-125.1246096935,-118.6882911671,-122.8395710948,-129.3560998122,-115.7578997701,-129.4884863373,-119.8981633225,-140.5806176223,-116.4240036597,-102.7741098344,-107.5388543586,-117.3624486506]}}