{"Tau":{"0":0.6309573445},"Kappa":{"0":10},"Positive hit":{"0":100},"Model0 ll":{"0":[-16856.1788159649,-17270.988649021,-16558.9115518874,-17202.1223096995,-18003.8584682717,-16069.8894333752,-17157.5353027562,-17599.1746137293,-16130.2667395138,-17569.9715341463,-16691.1161153932,-16603.3472424998,-16664.3039697439,-16948.2489276663,-17390.5551777696,-16432.4774884609,-16491.186245948,-17331.4715163399,-17402.3728697088,-17826.3199333036,-16269.9086934541,-17787.0114466868,-16972.1741497457,-18134.7020069644,-17320.7661381928,-17887.4169495468,-15698.2431925691,-17080.9252669687,-18205.055262532,-15949.2324173609,-17094.3797534705,-17585.7849689362,-16552.2842549162,-16525.8682649627,-17486.2780875121,-18064.2724268547,-16472.6006651242,-15759.3836696221,-16919.1681006993,-17300.626217392,-16740.4346582515,-17553.7994133602,-17079.5567824812,-17029.9385094329,-16176.6254483728,-16642.2051967391,-16512.0289487362,-16526.2996272019,-17478.0485943745,-16122.2158057207,-17563.1716345658,-15235.0073973628,-15926.4069584493,-16838.0637410321,-18539.7507682001,-17572.0958345083,-17029.1860263937,-17473.8590547798,-17171.2543268566,-16710.1426085368,-16565.2606714879,-17142.5152083298,-16133.1429888716,-17633.2071378119,-16801.6841324054,-18003.8051572444,-17459.3898143563,-17983.6592401592,-16613.6655982731,-17470.6521040877,-17228.7304811905,-16772.1500091672,-16377.1019363843,-16013.1726048533,-16786.0836712894,-17759.2246910788,-17360.5593087468,-17276.822971265,-17241.1214522866,-17261.1112254604,-17576.3266087519,-17129.7672545762,-17144.7214722686,-17939.5953253827,-17212.8695261007,-16633.4344244211,-17832.766881927,-17920.4257553946,-17178.79522787,-16338.1006265545,-16049.5295068445,-16523.7573999067,-17102.0928645556,-16793.3270170967,-17338.7964699258,-16480.3794250874,-17114.556945,-17782.9623781808,-17029.3915823374,-17004.9295760983]},"Model1 ll":{"0":[-216.9353163036,-165.3658674953,-153.1027547403,-181.6213860204,-246.8117891734,-159.7309371603,-196.4043478881,-161.4776837707,-246.8700213623,-197.6073623483,-235.3666178645,-238.3887794485,-193.1044639426,-224.5575657368,-174.269273138,-199.7249217377,-143.0263131181,-178.0665145729,-198.4639699452,-327.5387820545,-210.9464137941,-156.1372723698,-139.565259272,-250.8908325354,-187.7682977607,-227.6719119468,-240.7613888719,-130.0099101391,-184.9063390831,-156.2299094615,-189.5832964797,-194.0674280731,-148.6728773831,-179.6122289281,-146.3492392482,-219.1774738902,-202.1131654927,-212.7002253418,-151.5544530332,-228.5737486098,-186.5461632843,-173.735403488,-145.5355633498,-126.7856979971,-193.1509685695,-129.8852633946,-129.2743045249,-243.5167099047,-165.1346630195,-174.7890574223,-248.1901277523,-243.5527384506,-217.5540493141,-181.2950456729,-245.7500169301,-187.7129038994,-134.252321242,-141.0212982492,-153.3072313798,-230.5484708548,-151.1125035167,-219.6021688315,-164.9728400322,-229.8685346383,-179.4496785618,-160.975086865,-156.6581430097,-246.7019322674,-142.5940560414,-192.0310392349,-281.9675332661,-168.6022178517,-168.6037892771,-198.4631548317,-193.6669361069,-189.8182566771,-129.8871935403,-161.1820410238,-193.9494704542,-174.5017073922,-171.5652711065,-137.5061435868,-139.2399288768,-153.4326810624,-198.2940914282,-185.3426707809,-173.4059084512,-187.4894805881,-177.716215917,-176.0844953572,-187.0368008157,-191.4898171946,-149.7624371056,-134.4505586548,-238.9092477295,-213.2192027523,-193.2877296816,-191.6586652716,-157.1862530841,-192.6910323157]}}