{"Tau":{"0":2511.8864315096},"Kappa":{"0":10},"Positive hit":{"0":30},"Model0 ll":{"0":[-137.7103893644,-114.7438474394,-122.3188298978,-119.7637108253,-110.8485091328,-118.1907530157,-139.4537369589,-116.9982525428,-128.2796336795,-125.923172264,-121.0696130391,-146.2405148646,-136.8134035668,-130.5995606954,-104.3805252881,-121.1520362316,-125.7368352534,-134.7158189056,-136.3888961354,-156.021501951,-120.1125462552,-115.1090919144,-116.6364092279,-153.9422259234,-135.348456615,-135.3746303476,-120.5567062923,-182.7336519557,-121.6775242149,-135.9484299974,-114.8266941688,-128.1457880663,-116.2632435363,-130.0794400321,-142.362384934,-124.7021200287,-136.0000890392,-118.285955577,-125.0972107619,-137.475230292,-111.9036604973,-116.4980499924,-127.3623043971,-115.4679775922,-112.5776911446,-123.003432223,-120.8069355729,-120.1645359124,-108.8067353945,-138.2691676336,-116.7354351173,-140.2569939391,-139.8998166663,-112.4648957627,-123.1532028634,-136.6615981884,-129.328278806,-117.5671442964,-132.5663593161,-115.089938827,-117.8649190141,-118.882390752,-136.6533306847,-131.5387254152,-133.6360553813,-135.7062806849,-121.4253558507,-129.60644001,-113.330926383,-200.2904231873,-135.4173600563,-121.0483629374,-121.488812315,-144.1980563056,-122.2115528849,-119.5780285489,-122.2624384657,-113.7405958958,-140.5205872745,-119.6937490207,-122.5747221567,-115.8166276429,-123.6363174629,-112.0312202914,-141.7174837635,-140.79235923,-112.4771261752,-123.2284112446,-118.5813086529,-123.8486456918,-172.9761359486,-129.7525922143,-129.7151371314,-125.4231835401,-133.068213725,-109.8333092609,-114.8238304658,-115.4050507717,-129.7582802914,-130.2270043737]},"Model1 ll":{"0":[-137.7130824852,-110.0706269469,-122.6832006157,-119.5375070226,-107.6138730651,-118.4098109361,-139.5720637002,-116.9322939224,-125.6598651518,-125.9710225274,-121.123599377,-146.1569658178,-136.8285685594,-125.9921775417,-104.4225776005,-121.1520391553,-121.3039338411,-134.1550909914,-135.7100041549,-136.8009628516,-120.115801364,-115.158607494,-116.8088248774,-153.8481817182,-135.6047793189,-134.9065179091,-120.3666035276,-183.3268402983,-121.6775268416,-129.556170831,-114.2923927799,-128.4012833891,-116.2248208291,-116.2034254501,-129.570610471,-116.3780940245,-136.0000916507,-118.4794550265,-108.1746485993,-137.9703229117,-106.1599591202,-116.5971331388,-126.5888210488,-115.4679796197,-110.6697331248,-123.00343191,-121.0331903561,-117.2170838959,-106.6938711085,-133.0173024141,-116.2027241458,-140.2264016529,-139.9611792234,-112.4902323411,-120.0184884122,-117.1312766938,-129.7279666434,-117.004157505,-127.4277769099,-111.5242149656,-112.5169813364,-118.993938133,-136.4604475694,-126.7430317858,-133.636059903,-135.0048276058,-121.2043732478,-129.7385830391,-109.9551962658,-126.9070750076,-130.3245785969,-121.0489722825,-121.4502554044,-116.566178467,-122.2387952826,-119.2409210004,-122.1166013835,-112.8212497886,-129.4840121504,-118.4622740633,-120.5585383398,-115.9196840343,-123.5244561011,-110.891861271,-135.7193897151,-140.6297180591,-112.7223233918,-122.3291637822,-118.7217025217,-123.9940337651,-172.9761361558,-129.7525924463,-129.7351954764,-116.743836368,-132.9285578461,-109.9152082278,-114.9008133906,-115.270607909,-129.4900004986,-124.6959582934]}}