{"Tau":{"0":794.3282347243},"Kappa":{"0":10},"Positive hit":{"0":27},"Model0 ll":{"0":[-117.1458654532,-122.1723250515,-110.5575261462,-118.8919167523,-135.1480930265,-120.6867478375,-121.6796372515,-150.7949593959,-124.0232232718,-140.6824889932,-123.0002151306,-112.4502613287,-122.841903707,-118.4594426848,-135.9404134425,-115.4986869328,-117.7041604828,-133.6130162558,-122.8940317037,-129.5233553715,-125.0974867778,-115.5749978368,-115.2204306002,-134.3929310931,-152.2664469509,-114.246994216,-117.6259808311,-120.5978385283,-129.2181401483,-117.6120389143,-121.1087949776,-145.6987033148,-124.9330201012,-127.1468897691,-138.5938935621,-110.8014353378,-113.1519952293,-134.6158456463,-147.232396887,-129.2760903753,-148.3574062128,-119.6860442179,-125.0102265666,-116.0559632165,-114.1432467273,-118.3549829523,-116.4890479571,-138.7061445778,-124.8160220296,-133.0693338299,-165.9863337511,-137.3617873372,-115.7987543836,-112.5903252582,-119.7526000042,-136.1941564775,-115.2314328064,-132.9438686659,-112.0154854108,-119.652689116,-152.2716751537,-126.633802159,-125.4886749643,-113.4086291297,-118.6047985374,-127.8435833729,-127.9157737083,-118.2214807539,-120.3262163451,-120.2409459778,-119.077185855,-178.6531679184,-125.2742749416,-116.6351266841,-141.2664666729,-145.3526490101,-137.3123594868,-123.536133044,-132.5775193883,-122.7170206058,-128.916510222,-118.9434454882,-118.7617429393,-120.1823414537,-124.2705752792,-115.4020671906,-118.4272864897,-128.479210758,-123.1970524992,-136.8653120705,-126.4914656586,-126.7506925847,-117.0822887196,-119.7400635756,-108.4953977426,-150.8615685084,-120.7685073937,-135.210910935,-119.4061263405,-115.1215052834]},"Model1 ll":{"0":[-117.1458647868,-120.7859760412,-110.5737784763,-119.0469647613,-135.1480930265,-113.2565591027,-118.271550259,-150.7949593974,-121.9573328864,-140.9912100409,-123.00021683,-111.5322571591,-122.6620463942,-112.9896636412,-135.9610743531,-113.3121938879,-117.8143661439,-130.3746684998,-120.6585550492,-128.418910248,-125.0974894468,-114.0059842256,-110.4014206535,-128.8044815153,-147.7186916572,-114.420600291,-116.129503183,-119.8927955911,-129.4221435682,-117.6950501462,-121.4432438635,-136.6686564149,-124.933021928,-127.2671882125,-138.0972211934,-110.8014353331,-111.9782061416,-128.5065173157,-147.8279727215,-129.3603441576,-148.5463188601,-116.6820179853,-115.3402579792,-110.0021822659,-113.3393868613,-118.1382076229,-116.4890494347,-138.7596749593,-124.9762689064,-133.1959883612,-165.9863349756,-116.2627908139,-115.7755813653,-112.6951766697,-119.6900369231,-136.2750616203,-114.9682701516,-132.5723844722,-112.2624831295,-119.6252392123,-120.0212334881,-114.4406646197,-125.6575363067,-112.6272368059,-118.6460974743,-127.8481928344,-128.0719709125,-118.4786690771,-120.3380040874,-111.6181900315,-119.0771855002,-129.658244832,-125.3525592066,-116.6847254369,-141.6130682424,-135.0874121291,-117.5940685949,-123.5361362264,-132.5775218128,-118.4374675679,-129.0044122101,-118.9434515878,-118.9878202932,-120.0133798695,-123.6404726903,-115.4085309212,-104.2738723078,-128.5046738543,-123.3319272059,-120.0623946623,-126.5355015662,-123.9163702784,-116.9823828172,-119.8215367118,-108.4953988742,-150.8621634311,-119.0033287299,-129.7997541141,-118.2691793571,-115.2732072312]}}