{"Tau":{"0":3162.2776601684},"Kappa":{"0":10},"Positive hit":{"0":28},"Model0 ll":{"0":[-125.9736208868,-126.480136751,-134.6606572623,-136.887530193,-153.9194207842,-121.8755510036,-146.3897898041,-118.707208262,-123.4108168947,-123.4778370429,-110.7912568978,-115.4882461456,-123.7039178911,-128.2882123299,-121.2253525996,-115.9073480111,-124.6815078082,-144.2417835486,-111.9245194516,-133.3716804082,-112.9027243925,-145.2686518081,-116.6848184164,-114.418133722,-131.5953029963,-120.5232208577,-150.5745225909,-124.3132925373,-140.7087382231,-118.9787325521,-110.3120071197,-132.0693108197,-144.8046830371,-129.3398787574,-107.9558731801,-107.0867370723,-125.5126175995,-116.6631983713,-117.7197620811,-134.5989154558,-128.7233062003,-130.2163010021,-117.6177237222,-114.27736805,-118.6244427108,-147.1660256145,-123.6793027583,-138.377319177,-148.0410446788,-124.6332152994,-115.2825251952,-131.1379006838,-121.9743363309,-111.7067454455,-117.2385449036,-158.2913079483,-123.2401700814,-118.5554801951,-118.8441851312,-128.1107331953,-110.0807354456,-120.1155947027,-122.2557872557,-114.6402757524,-124.0941567516,-135.1664168421,-121.6208706702,-112.1551771999,-131.6255595753,-118.1213122759,-130.3290760131,-120.7699258826,-111.6760368539,-126.2395003052,-128.6946213531,-117.6994723643,-115.5833317136,-127.7675068737,-129.2171130347,-118.0341709288,-110.7625916858,-142.8463441622,-117.0406873044,-133.4074905944,-135.3639586081,-117.5837149393,-122.1691626309,-106.8804977138,-118.3302381146,-107.9964774763,-142.5456484902,-113.6239312445,-133.3225723663,-121.1477652581,-116.6857414621,-131.5437111602,-106.0846941519,-112.826716348,-113.9733013736,-135.7622825164]},"Model1 ll":{"0":[-125.9736211411,-123.479098804,-130.0482332177,-122.0803048364,-154.0485267685,-120.4861856895,-146.5362509243,-117.5084682239,-123.410817935,-123.4778386105,-106.0849083585,-114.6169737078,-123.8313170806,-123.407611945,-115.3873350417,-115.2164098028,-124.8942873522,-143.5161505017,-111.7624526547,-133.3755215735,-112.254698258,-140.5731857938,-116.6907300004,-113.8256717347,-131.5947353756,-120.5158213192,-151.0321059674,-120.0745740934,-140.7087409453,-112.5478485425,-108.2782967003,-132.1141475394,-142.3154238255,-121.7101558872,-107.7386401135,-103.7459559751,-125.7190758887,-116.6589483834,-117.7197620815,-129.9403675187,-128.8866347045,-128.0324369814,-117.5832033786,-114.2177734897,-117.3117702035,-116.5678636859,-123.7957216088,-138.3773186043,-148.6638088147,-122.6555540827,-115.3843496336,-131.5297677172,-121.327881622,-111.8968560551,-114.3447989234,-122.6066860367,-123.3737204511,-118.8438536595,-116.1104931185,-119.4159978248,-110.0746590177,-119.8122370414,-122.6747258111,-114.2196563857,-124.0941583493,-135.3377545111,-120.5283250416,-112.1551786156,-127.005286078,-118.4252008006,-130.5384590344,-120.7494783899,-111.7520506455,-126.1814977497,-128.3459297299,-117.8300886213,-115.6790377289,-126.4280711613,-128.077532428,-117.8466743217,-110.9437887217,-137.954411191,-117.0406883259,-133.4074945755,-133.6662860133,-117.5085635305,-122.1845442288,-106.822658403,-118.3457727375,-106.3976349918,-126.0762135279,-110.6617903182,-113.2388697734,-121.2211054969,-114.4964527218,-127.2227318165,-106.0838283778,-112.814378872,-113.8931975439,-136.1400973221]}}