{"Tau":{"0":0.0001258925},"Kappa":{"0":10},"Positive hit":{"0":26},"Model0 ll":{"0":[-130.3006685492,-148.3759153689,-126.6776327253,-141.554974345,-124.0265512822,-138.2132263425,-127.0412063788,-139.640796411,-126.08275971,-155.3720583346,-135.2212612005,-140.9905101468,-123.7068202039,-162.947876397,-121.6447128984,-119.232972045,-117.2928099984,-129.8309136428,-159.3134463947,-131.6570156238,-126.275948537,-124.4907999157,-138.4654809724,-143.4522696853,-141.8333257162,-127.2372214963,-131.744811595,-116.8033213472,-129.4529862096,-136.5216275352,-135.399376683,-125.124884872,-125.2354902226,-138.1814912357,-144.871925683,-126.4640940391,-143.2574131822,-134.6845609503,-217.226466277,-147.8184072537,-133.9829533751,-134.9933582077,-133.2318030469,-125.9206241116,-139.8030863701,-136.475623416,-118.1123657492,-124.6469563091,-135.6474012831,-123.9001310791,-128.8188373789,-133.8542578006,-120.4271137696,-120.1562653137,-137.7431001376,-141.4747456586,-122.0427125543,-131.1569318799,-142.7175310597,-128.4092633004,-126.3106751236,-135.2931827303,-123.810373752,-132.3508011514,-132.0965648065,-163.221343605,-182.7007083249,-150.7294533454,-126.506699849,-143.719588547,-136.9976626368,-127.4397664774,-140.7323929777,-160.1208012729,-114.9341859282,-140.7492073081,-128.1034116565,-123.6970335767,-130.7465875173,-133.1347308386,-114.6643474701,-156.0537802033,-142.9694864726,-126.8069068594,-135.1707051308,-124.2166378445,-132.9853369904,-132.0871881403,-147.9623655424,-152.026530914,-130.5100460039,-140.5487728809,-132.2729522174,-140.93130392,-139.8270191746,-125.3394356091,-144.2999884336,-133.0369986452,-137.362805256,-130.7058005235]},"Model1 ll":{"0":[-130.3176508041,-132.3924286577,-126.7698158628,-125.7755416497,-124.0099012564,-138.2132266895,-126.3359127019,-132.8891444498,-125.6951654946,-142.7957059756,-128.4157281573,-141.2996508271,-123.6213112265,-135.1312220417,-120.6804268288,-116.2212691814,-117.1376960423,-129.5407508341,-159.5977204596,-131.6061638769,-126.3420367931,-124.4914397417,-138.4330324507,-114.662483064,-138.8007487545,-124.8904750322,-132.4193875518,-117.1520017373,-118.6518108714,-136.9394084501,-135.3999480909,-125.2869002389,-125.6592658905,-137.8027093152,-134.5331051366,-124.5930794171,-143.6144068611,-134.5100876681,-152.3108443588,-125.0923815341,-134.0929904723,-135.2990330514,-126.4607119358,-126.2107645374,-139.9708443851,-129.9039329462,-118.0967236048,-123.5370124514,-135.2310865496,-123.9000325765,-127.7199806798,-126.6552923718,-120.4693914844,-120.2158503643,-132.7577927105,-141.3633880127,-121.6933130549,-131.1569323181,-139.1116152787,-128.5356277689,-126.6123163026,-133.4902007496,-123.8761114723,-132.3786955057,-132.0965676918,-164.0865248635,-183.0397286618,-150.5120651055,-126.5181154888,-141.9102137635,-135.5514560764,-127.436360133,-140.832623167,-160.5237857383,-115.1171727408,-140.2706611632,-127.955209148,-123.6970358554,-130.8603016362,-133.1347328188,-114.0122906168,-140.0798237568,-143.4900097195,-126.9141667133,-135.7776310933,-124.2166379344,-127.201110265,-132.3523883395,-144.2603152865,-152.026535434,-130.1694096835,-123.3012414315,-131.1912316388,-141.2577279259,-140.329004572,-125.3069824876,-122.9496654425,-129.9337180379,-132.0424776535,-130.705804958]}}