{"Tau":{"0":0.0398107171},"Kappa":{"0":10},"Positive hit":{"0":100},"Model0 ll":{"0":[-566.092231725,-816.9673409872,-902.2922108587,-1244.271415332,-680.4602505022,-566.3324091163,-734.3295537027,-953.7206393155,-782.555675342,-859.1239704121,-802.7755352087,-887.0639059838,-910.5322974045,-1210.7852634462,-1046.7489603933,-1043.9540969651,-762.08697698,-753.5096078666,-1052.0837257507,-800.3511651852,-591.0417477186,-847.1931386961,-1502.3126823953,-819.0641895122,-783.1744745635,-833.7160942573,-588.4546854868,-1186.0014138591,-780.9625059574,-1238.2805811077,-793.801248772,-817.6187615841,-703.6244361227,-790.852058045,-665.9668906605,-490.8696529417,-544.2440553724,-874.4503206586,-860.5236995791,-793.9958898631,-753.3950592071,-683.5767387138,-891.2643553089,-1070.9359589871,-818.7550782977,-964.7493667202,-687.4993367943,-927.540058381,-606.4297668524,-523.4447219224,-650.7266537564,-816.4852850548,-674.2331181397,-902.1830899581,-1071.1582856708,-729.1228661953,-917.976116015,-643.5748011831,-594.6662041079,-713.9541315859,-781.7440651539,-775.2687055842,-944.9501843617,-586.0825148913,-477.9831062425,-1088.1588712885,-1032.3300556722,-1211.2988012743,-642.7129456359,-882.5655109816,-601.1081626778,-901.3758240993,-532.7031288515,-673.7797643684,-869.3095091996,-531.9274464615,-857.6132660778,-872.624301093,-832.0547406385,-684.9861755307,-771.7191269844,-604.3514733293,-1080.8981269679,-725.6309870204,-846.694568147,-807.8948612031,-722.7826241732,-799.6901904931,-753.2586383663,-812.6991891052,-721.79107438,-796.5974206824,-725.6242096444,-556.0706817645,-749.0724013996,-825.7848788553,-656.1184677586,-825.2386901596,-1229.8099093805,-1023.9522705085]},"Model1 ll":{"0":[-133.5615261089,-167.8169944532,-116.1041853151,-128.406891582,-133.5868032502,-138.5981949348,-146.2504052186,-134.0852131464,-147.564390763,-139.2948120942,-134.2851086025,-125.02778877,-123.0334638062,-155.5138072999,-143.2345879413,-148.3196373612,-135.974888637,-139.1692108738,-173.5087254172,-116.5215399632,-123.5336878952,-148.5887802133,-189.060727228,-125.6169981874,-139.9518898685,-126.8519846487,-122.6867194466,-149.0529529294,-136.94884468,-119.6624312887,-133.7874695504,-118.3229449796,-134.6478701963,-126.7526930673,-131.8690153377,-135.5487620738,-154.2571773727,-134.0939659232,-126.8979447105,-124.1844748231,-131.387441098,-120.0722767389,-129.4465630427,-127.1723888271,-128.9746347026,-130.9843118785,-114.445433316,-122.3289692288,-132.2059898899,-138.5294509218,-160.1926204007,-132.8476391726,-157.878137314,-145.88350671,-122.4486973174,-129.4532121211,-146.0390133937,-119.0318565478,-137.1147261394,-125.53255465,-133.000721268,-138.7917176013,-127.1923192343,-137.1643060645,-144.5516100014,-130.6262268605,-137.2684403763,-127.9013917656,-122.1104731025,-132.6131580325,-146.2550177572,-143.3362351877,-129.32656321,-143.7456867631,-143.0913310652,-126.4257879957,-126.6691479386,-135.2495002857,-139.5481631879,-146.0015165926,-154.1210376379,-123.1663826383,-145.8608181573,-151.0329417044,-150.4867860949,-149.6192321573,-126.91307435,-148.4834655243,-134.9134156987,-122.7651062081,-134.6217363418,-133.8919608387,-123.9462199656,-131.8661421871,-119.7030292465,-156.918215802,-148.4903777767,-134.594166786,-150.9906369842,-137.9053667705]}}