{"Tau":{"0":15.8489319246},"Kappa":{"0":10},"Positive hit":{"0":43},"Model0 ll":{"0":[-128.4741276479,-130.1933607405,-122.2013227651,-121.0422498876,-145.2573350936,-127.0897516307,-120.8235689989,-119.9738905662,-115.855998943,-123.4041172226,-122.5118219603,-110.7766283688,-127.0121543095,-136.8684721513,-134.2278836745,-123.8766254662,-117.9850082586,-121.0622419794,-126.8108337243,-153.9155583673,-146.2849369294,-131.7388097691,-126.4938300895,-135.5494099006,-142.0728692712,-119.6069641095,-128.3208410814,-125.0087005274,-151.3204665796,-129.8376791784,-115.7380131026,-124.9727770501,-118.031902172,-117.3980402482,-143.9975915222,-112.7971645182,-106.8165375493,-136.4528715687,-131.0259939346,-115.5979591912,-112.5056539684,-141.0581346176,-112.1807097202,-127.1555089007,-115.99811767,-133.1518959188,-124.63468482,-150.5704883961,-117.1706431252,-129.1489718812,-142.1222344578,-126.7644411234,-117.0333392767,-119.2648997113,-127.5209293202,-118.6594647635,-161.3308995626,-121.2078406363,-137.5651015144,-122.8809226529,-114.7020286616,-127.9265973835,-113.0462986989,-123.4096587482,-110.5267109361,-119.3771823683,-141.2350096983,-120.0120192387,-114.1520929967,-107.48012727,-132.3346825306,-125.700195903,-137.2139778166,-117.5794210156,-112.2017632638,-145.3290884679,-120.6324376256,-116.8055561114,-113.5634853409,-137.2863629339,-115.6419459856,-145.690238935,-136.2717324086,-120.2471801558,-124.4327264273,-140.5076478396,-140.0189108045,-115.8928754428,-121.9391456268,-128.3416310008,-110.4799871435,-135.0426778302,-135.2880841291,-154.4892083134,-113.5679004533,-144.7974648899,-124.1467335118,-119.7319683606,-127.6656555316,-132.4135096232]},"Model1 ll":{"0":[-128.4741276477,-126.6131793535,-118.7316373539,-121.0423044169,-130.2239758617,-122.2984713463,-113.8877725309,-119.9859503876,-111.6689721083,-113.6604488853,-111.0605271323,-110.7578537933,-117.0846604337,-127.6021551359,-134.2196952064,-118.9617352218,-118.1068758536,-116.5855135636,-126.8108349201,-122.649541305,-134.7689882857,-131.604530652,-122.4286147314,-124.6308683351,-139.1379857542,-118.4529559713,-128.4209995692,-112.8631410263,-150.8270051748,-123.1352735142,-110.3393011984,-124.9727785964,-118.0300391351,-115.0971196994,-143.6511655164,-112.7901352522,-106.3800201733,-136.5929368015,-129.8457153242,-115.6198952262,-112.5056541771,-141.1884582842,-112.3871148211,-127.2974139902,-115.4128172178,-126.8755956733,-124.822874752,-115.3181916653,-117.1905541124,-120.161478624,-140.4327815537,-125.6398947911,-117.1266496915,-118.3715168915,-127.1971642936,-118.6323415106,-159.2178497443,-121.4167829704,-126.7521807689,-116.2137994001,-112.8677748931,-123.8494350654,-113.1158827371,-123.6170438964,-110.125068399,-117.3620574087,-130.4494897909,-120.0656295786,-114.394774072,-106.5367982874,-123.1657839878,-124.4308728672,-137.2546793626,-117.5650943424,-112.2017643824,-142.1440664445,-120.0029334746,-115.895946554,-113.4235850139,-133.4177812891,-115.6419458962,-140.3733569994,-136.3023819778,-120.1528238745,-124.167083167,-115.975968006,-127.0123316267,-114.3573339886,-117.1470020832,-128.5894994578,-105.1834020726,-135.1059482223,-130.3104467829,-133.1878678023,-113.7999527126,-137.8986853206,-124.1209039694,-119.9157703465,-125.3499499304,-128.8494328984]}}