{"Tau":{"0":5.0118723363},"Kappa":{"0":10},"Positive hit":{"0":100},"Model0 ll":{"0":[-2287.8989755115,-2543.7672603327,-2509.135160532,-2541.037824897,-2528.7588928274,-2099.9692898535,-2498.4050953739,-2276.9358814175,-2161.1488389819,-2244.1180113077,-2328.0186324218,-2193.2428829299,-2654.6389170848,-2355.9156432908,-2258.6665455043,-2408.7055514054,-2016.6657305624,-2426.6469768911,-2031.7375247642,-2208.7630198655,-2335.802678251,-2324.2854858492,-2768.398565167,-2710.6667898239,-2520.6663195338,-2235.4879348277,-2380.930646026,-2901.2426349611,-2628.4721019625,-2361.90347629,-2629.5664161528,-2476.7898905098,-2229.2703884539,-2389.3929151838,-2176.1622530729,-2635.1429142973,-2543.5460617844,-2447.9105837604,-2231.4707159708,-2703.3007539073,-2517.1138401418,-2487.6200977158,-2467.273183535,-2603.6642671717,-2353.79774395,-2122.1321162054,-2708.0276024893,-2317.7472609222,-2586.2928865242,-2575.9675655951,-2518.0142107952,-2425.1404248866,-2364.7506772684,-2399.3982706038,-2354.110975842,-2331.9433391134,-2205.3842274652,-2398.5866500087,-2030.1504047949,-2319.1756727598,-2123.2982916849,-2648.711430184,-2327.0156100105,-2748.2317953675,-2590.8782868106,-2521.4071917327,-2912.6024741586,-2237.9149374087,-2535.1304969141,-2303.8266257949,-2116.1977815796,-2381.1078023979,-2564.0349972066,-2545.872324458,-2238.9255055784,-2116.9088533967,-2173.6064664499,-2551.5271146693,-2269.3276150371,-2437.0620830895,-2751.8069837659,-2370.3552902308,-2614.5044274527,-2218.4991780828,-2201.9853164388,-2152.2737956025,-2368.0901597041,-2345.9729723307,-2429.5063477256,-2823.5761293871,-2331.0617502426,-2450.8729913815,-2189.0588048904,-2503.8600393469,-2238.0810793748,-2650.786659504,-2261.7167831796,-2048.9139115607,-1930.3536238238,-2893.6513304632]},"Model1 ll":{"0":[-147.3481030208,-141.9537061704,-176.1886720257,-150.9742981312,-124.6338927272,-130.5654874802,-123.6300086941,-137.1280295449,-139.4208390413,-150.6272225405,-127.3087521266,-152.9298449181,-161.1787415573,-176.2192247955,-183.31085209,-140.8758843032,-114.7574635288,-147.9672624658,-157.4840083471,-161.3893005544,-151.969181218,-153.4044978467,-162.2119379016,-177.4527904881,-196.2719299754,-168.9920221511,-140.4643780802,-179.2938833437,-194.5424673592,-135.6320387947,-173.3751720873,-181.5896333135,-185.8356949983,-162.9491194934,-145.8124370856,-176.2300164753,-206.415334658,-188.3428181134,-147.5524933388,-173.1748208269,-172.5107128693,-135.3211227199,-194.1567818748,-173.2931401045,-133.9668105146,-126.7329559637,-204.7998380554,-151.8768033741,-172.5918083139,-159.1974753038,-192.8804976897,-156.5355327357,-147.8937635865,-148.7547626802,-172.2400121682,-127.4494195437,-123.874690856,-139.375644642,-125.1758480274,-168.3586083378,-175.3244256474,-220.6270102322,-133.2867325207,-173.6053022893,-138.4835096445,-132.1361547195,-154.5156517715,-234.617777668,-163.0290721849,-127.3616616218,-136.2643957762,-118.0181197426,-151.0990094143,-122.1314032217,-202.056506426,-196.3479248914,-188.9856503986,-177.5540508799,-116.2962625754,-163.9707262864,-188.8908412975,-170.4696937057,-282.9799727889,-147.7409824114,-118.1690917869,-165.8212627545,-168.6310520559,-188.2399823262,-172.6525306577,-109.8876584498,-198.5485410626,-147.7158866086,-187.1411253522,-166.0949785058,-167.780623994,-162.7451182449,-166.325786839,-141.3200400697,-130.2131755506,-145.8661262031]}}