{"Tau":{"0":0.0006309573},"Kappa":{"0":10},"Positive hit":{"0":36},"Model0 ll":{"0":[-141.8812785915,-160.5748385344,-115.5778286753,-135.882283344,-130.0618851439,-155.508671932,-147.4815040319,-144.7006968078,-139.7257423701,-125.6651640282,-125.660950105,-128.0487991366,-126.4561749249,-135.3334010116,-134.9566834693,-125.4876164407,-120.8529371696,-135.0332112135,-144.1702192586,-127.9319734574,-141.2383049735,-133.2138788427,-126.4602900369,-120.2184257188,-117.671955523,-137.30296733,-137.0716392378,-136.3549399952,-129.352036218,-139.2897438649,-131.8055573906,-133.9015250527,-145.2508245516,-128.0928325435,-126.7017501261,-113.1253911143,-151.1655515981,-139.8419960316,-123.1385028857,-141.2695746547,-131.9245033019,-129.8300156995,-132.3674830835,-160.1614053903,-140.3309893885,-319.8893211955,-126.0890196922,-180.6481880714,-158.1271937477,-127.6538880174,-140.2298555301,-131.0383917569,-169.5122726012,-125.0567225579,-119.1090050173,-138.0693158357,-121.1168254855,-147.872376367,-125.8475170699,-133.2666678079,-121.9339224248,-126.8607889117,-127.7670655355,-136.328115845,-137.3019617937,-138.176025002,-131.194958631,-132.9373812047,-136.1044184031,-127.9972377637,-132.8017833606,-122.9438092263,-148.1002001494,-149.7316417992,-151.3847739658,-121.3707566748,-117.2164700143,-130.3470543683,-146.3925687932,-128.5666388521,-163.7867622097,-136.087158329,-140.8721123988,-126.6396269494,-128.6188318501,-135.5349748319,-141.7570640564,-142.6975047682,-129.2717813168,-124.7658653665,-127.1921980865,-134.3322204121,-130.583858506,-141.2971320117,-148.5435286138,-120.6338826049,-118.7961403107,-158.6862865744,-151.3207969954,-120.2970881022]},"Model1 ll":{"0":[-142.0700218543,-160.5748427888,-115.7708291709,-127.3049803866,-128.4346472231,-137.8484845642,-131.7123420969,-133.767826774,-139.9087502201,-125.8461711111,-124.4303301048,-127.7167846395,-125.3751408444,-135.333406593,-135.4518958777,-125.8135288993,-120.8529403726,-135.3061178088,-138.6298077042,-126.3110427282,-141.7006667625,-133.505918238,-118.4135649858,-119.3435113474,-117.6732077747,-137.2675790398,-131.8152038799,-123.2497651384,-128.5518623262,-131.1363635521,-132.2134429506,-134.1626146443,-141.8068102427,-123.1148543956,-122.6662299312,-113.0601055708,-151.225689331,-130.4259003738,-123.138505102,-138.9828582954,-131.6464231016,-127.4068543717,-131.6179335994,-160.3142288938,-140.5165110118,-150.0719580625,-126.0139463113,-129.9726445904,-142.8875519936,-127.8164959626,-119.4074409231,-131.2583127662,-169.6221088631,-122.4574739645,-118.9200653692,-138.1208313686,-120.9253894219,-131.1459011816,-125.4571307265,-127.9140580569,-121.9339224281,-125.2163642568,-122.863193058,-135.9409419429,-136.6183302855,-122.4177195799,-128.8537961735,-133.3562622696,-135.623141505,-128.4407975974,-132.7825462216,-122.9437307914,-148.1002024352,-145.291100174,-151.4189062112,-121.5935674271,-117.248951311,-130.8795825711,-137.1933354266,-113.6205117329,-141.6319394126,-130.7829379326,-141.745801915,-126.6396320447,-121.5650015002,-132.6012805292,-141.7570675339,-142.6975073372,-129.4877190188,-124.1849162454,-127.1921987804,-128.3626183746,-128.904985989,-136.1155617672,-133.935705599,-117.6193211654,-118.2400043193,-159.2766549483,-151.4815243459,-120.4646138905]}}