{"Tau":{"0":12.5892541179},"Kappa":{"0":10},"Positive hit":{"0":87},"Model0 ll":{"0":[-158.9968967584,-130.8767450841,-119.2862719633,-158.2468132473,-127.0125555521,-116.9532657457,-137.1471437004,-139.2284683268,-157.1411672921,-143.6944975733,-165.4004608798,-155.1672235083,-166.6203339697,-156.8615035186,-133.6132634431,-159.3191591691,-125.4020878794,-127.3249905117,-116.6934216281,-146.2835720253,-121.2307448695,-117.3177545276,-135.7886565088,-131.4115976496,-121.9526614667,-182.3727751764,-179.2868219525,-172.0879496325,-129.294608506,-145.8771004129,-126.1130689928,-146.4938176097,-139.0090661766,-143.025223716,-126.1310576784,-136.1548142345,-119.4918071685,-114.9398637534,-121.7817465212,-125.6467619103,-135.0450151624,-130.608282695,-134.706973634,-139.7335439416,-148.7218356495,-121.5944441828,-134.6737834368,-144.4820687564,-147.7480818734,-121.1144422985,-129.7632542854,-135.7196610271,-132.3455564467,-196.8075334556,-142.6575857879,-135.4704073974,-145.4499262677,-139.4633010988,-130.5857054245,-134.4900199899,-119.9741208562,-150.5940214689,-173.0288257578,-113.9437082178,-139.1106642786,-148.0285251092,-156.2177793873,-118.7226314434,-147.8435489731,-125.6072588487,-185.6361549184,-132.5602436796,-114.4326496634,-160.2271945101,-141.7894965043,-143.461385759,-155.6155741901,-130.2656306596,-154.9214656434,-129.7033289424,-133.3169667759,-121.0916218941,-122.0558845705,-157.617728105,-141.1077225889,-134.8288626805,-131.3959185342,-187.9459183527,-113.8527310256,-121.6945328238,-148.6543000562,-129.2520443422,-136.3888932973,-125.2210431505,-124.2065092638,-124.6214168454,-139.9797780716,-135.2425915043,-133.7599657419,-157.2267699368]},"Model1 ll":{"0":[-143.559573882,-128.5359495947,-115.8406896137,-151.1496116791,-119.675377371,-110.3347238687,-113.2172907292,-117.3165187363,-154.0017182647,-132.5304485408,-136.2066185021,-136.0116338638,-124.0934604936,-133.2458472469,-121.2420334137,-140.8684918345,-112.695681632,-116.0598841501,-113.9918875362,-116.5140348682,-121.2550689806,-115.571233388,-122.1179868858,-125.1433052624,-114.4555314146,-132.9502213707,-132.6010416558,-131.9886222816,-128.0558189169,-123.3228495405,-114.3576652327,-123.0182823692,-137.7222797209,-136.2646898428,-124.012201349,-125.463183395,-119.4851155876,-109.2510823369,-121.016312691,-116.0639104303,-114.9976259102,-126.5604135506,-126.5306527572,-121.7779523989,-132.5418740247,-121.6364174476,-122.503967964,-142.9298496896,-138.581413162,-116.8110176642,-118.9186429748,-127.8215693428,-115.7614127199,-141.4295554921,-116.1238513406,-128.3983629764,-142.4236647514,-125.5437949793,-130.3389031753,-121.2742216626,-117.5056150644,-118.1726775445,-133.1028085068,-110.5025492798,-117.4343707011,-122.4103681328,-130.6565702189,-113.2832139393,-133.4114380999,-114.8603761175,-128.9561909565,-111.477211906,-114.3147131551,-132.3067763036,-129.5437347403,-135.3543290623,-143.5362138243,-126.3189667203,-154.5893483484,-117.7841291584,-119.4598709372,-115.2872688633,-116.1472258597,-146.1247769228,-126.9137928265,-125.6184065355,-126.3566845757,-151.4388642947,-112.6782092689,-113.9763389756,-120.8063876926,-128.7605040189,-131.4412188299,-107.408381369,-115.7897892824,-120.3942902885,-126.9663892683,-131.1396592485,-122.7561190954,-130.3308105782]}}