{"Tau":{"0":398.1071705535},"Kappa":{"0":10},"Positive hit":{"0":30},"Model0 ll":{"0":[-114.9172658078,-119.0145595818,-114.8656443947,-117.3630975376,-135.1404708679,-126.341083094,-130.1701327665,-113.3905429961,-117.0200995869,-110.7739851135,-123.6998915685,-114.782607181,-122.1817358512,-134.5688142587,-122.9625470608,-136.8066221,-116.4631053625,-108.8306957551,-119.8908437492,-119.1437845339,-124.9059689053,-127.2863953388,-130.2205578784,-116.9689585061,-135.8566971307,-121.6826148611,-126.4956270684,-126.039336446,-138.4543680781,-121.1041520197,-127.509409638,-128.4680830573,-135.7396254769,-135.8063208408,-121.868577172,-147.3506399699,-124.1948319927,-132.6317465027,-121.5617106561,-124.7415928563,-123.8092625243,-138.8017389897,-121.2336914217,-122.4264303709,-120.5301954472,-113.8434225102,-124.6372319846,-129.1985285927,-127.3477360799,-128.191402583,-121.2599871118,-113.0695919225,-115.6610350368,-122.6550457197,-122.1343637444,-108.3444051517,-126.256492833,-136.0301935752,-125.9313334331,-149.2008809051,-117.0789370995,-131.4098352971,-124.4092550628,-122.4096974388,-114.1094841556,-112.1948936936,-131.496433317,-143.6898760637,-114.358456612,-116.8546472357,-120.8165593927,-129.2077228129,-116.4327285569,-117.7109377029,-146.5258148068,-118.6912561822,-109.3204431905,-133.4780327525,-122.0822229147,-130.0185797553,-112.9935560756,-132.275408366,-122.9265715601,-118.9448334029,-123.5483478517,-125.7964072581,-117.6536685967,-115.0868231304,-119.463528744,-147.5993522674,-115.7107760917,-124.8919965084,-114.7275814746,-113.871080517,-114.4959045323,-119.6914845312,-115.5577333024,-113.0317696543,-143.431229374,-136.4071609842]},"Model1 ll":{"0":[-115.1620717572,-116.6813440129,-115.0262496681,-115.848278416,-133.1851680971,-126.5672764302,-125.248764467,-113.5111041523,-117.0272093032,-109.4604412741,-121.3992097769,-114.6494360696,-122.1403975447,-131.20507471,-122.9134633121,-135.66194138,-116.3509532055,-109.0198510439,-116.2008334689,-114.6094075264,-124.9079787031,-127.5013738729,-129.9875091806,-114.8548030283,-114.4112517193,-116.1612398096,-126.9012012371,-125.6273015321,-138.5505131064,-115.3283224488,-127.5028508985,-128.4680839186,-135.8574099109,-125.1056877429,-121.6421067571,-146.008036482,-124.2552197871,-119.6628712313,-116.186262502,-124.9472494193,-120.417848076,-138.8168374422,-120.4908689937,-122.4494461543,-119.8694634823,-113.843552992,-124.6372339872,-129.566955045,-122.6874276023,-122.5120399316,-121.4797938293,-112.9663854469,-114.2884297032,-122.8729565507,-121.1859341546,-108.3635589359,-123.8128388699,-131.6341828405,-123.6149238713,-149.2628211056,-117.2068609791,-128.5051512957,-124.4805399476,-122.3822060595,-114.4185250362,-112.3350201199,-131.8891960219,-143.6355064188,-114.3584566956,-117.061340303,-120.9329900583,-129.207722813,-110.535928727,-117.6269291733,-143.7088719446,-115.3992152528,-109.4641823486,-123.8386675676,-122.0822234861,-130.3588700713,-113.0123802943,-132.3408807303,-122.7508331806,-117.3666593443,-117.1993151738,-123.0521293233,-117.7652139136,-114.174417804,-119.7302970433,-131.4813168175,-113.0297252363,-124.891971886,-114.622694523,-114.1073396435,-113.9750912889,-119.9223094223,-115.1537571069,-108.2365026543,-143.7977283185,-135.3848309074]}}