Tau,Kappa,Positive hit,Model0 ll,Model1 ll
1.0,10,3,"[-7437.844531807659, -7783.260405686249, -7505.864823963251]","[-161.7172528378578, -162.14189574496777, -279.30057164977734]"
