{"Tau":{"0":10.0},"Kappa":{"0":10},"Positive hit":{"0":100},"Model0 ll":{"0":[-135.2710385941,-172.57233025,-134.3201686957,-173.7262715965,-126.4017049539,-176.88067932,-142.2642510829,-149.9773480686,-149.6886694867,-157.3836669069,-149.7018372961,-133.4838666167,-129.2415862032,-150.3645647436,-170.0295115799,-119.4354012918,-138.4585860712,-161.3459220326,-162.3243213311,-147.1561241649,-136.76017755,-120.2039963958,-108.6394340365,-129.8708759646,-180.8333409099,-122.9761989941,-180.4660808116,-158.1728723956,-128.9147105607,-119.5374371723,-149.0414202923,-141.2918106294,-160.5060963938,-127.0552305632,-112.32842232,-123.9540530294,-143.167674773,-201.4420698651,-139.5578515734,-157.6037346429,-187.3510721507,-167.472631351,-107.8399858895,-105.5618646191,-128.9773017806,-151.6117687376,-140.0766828814,-116.0584404766,-139.6339550148,-135.035697508,-125.818170418,-129.6179104077,-164.7243884765,-167.3918300797,-158.4071929197,-144.616097169,-149.5063483471,-117.9042827308,-118.7679802452,-156.9063459474,-178.1560655239,-151.5620449226,-129.9324218204,-137.8208097731,-158.1739897776,-128.1454663292,-132.9811790577,-154.071271367,-120.8635045243,-128.9928533506,-145.7078248604,-144.0696889377,-161.6906777705,-118.0713425614,-145.0532938912,-130.5594236295,-135.6014106613,-161.8412316547,-119.3525266835,-151.5521107318,-125.9092434943,-138.1519631191,-134.4776856941,-170.4109971852,-145.7207111455,-123.6953510755,-138.0822837321,-203.155699119,-171.4654787809,-161.8513660626,-138.8041658757,-132.2153102652,-117.5318787853,-108.2150648302,-123.9588486618,-136.2429810878,-150.6581182622,-131.3194643103,-143.4693892524,-161.5751865577]},"Model1 ll":{"0":[-119.3801144119,-108.2020318754,-124.3905358346,-112.686682587,-116.6773051987,-117.2314331316,-111.8269685962,-114.6393580304,-96.7805854702,-129.9182310431,-119.7323346649,-106.7348746796,-97.8571484682,-111.0764739213,-120.6818350762,-103.7618031737,-131.9803764334,-119.4021241113,-111.8164876967,-115.5080590321,-106.6769307623,-105.905087902,-96.6530257762,-98.6508832689,-117.0675589686,-109.6193384503,-130.4376086253,-123.8830189029,-101.321371727,-109.4254718742,-125.0368203292,-119.6127307697,-110.7173539682,-111.658589731,-98.7991570208,-106.9073150976,-107.6103102719,-132.0257840702,-108.3539241951,-140.4491738839,-135.6723856357,-130.5089025913,-100.7046098466,-94.9798435363,-111.6124094471,-122.0812396958,-114.1706399157,-101.3474446112,-119.6511898595,-121.8755125623,-101.7378141384,-113.3005141041,-118.2766830993,-124.7613323307,-110.7899748662,-117.8232531896,-133.8616781341,-111.9861865723,-101.8283487103,-127.4791314952,-155.3835497745,-127.1190501731,-125.5798703815,-102.3813602437,-126.0899975125,-119.9603939063,-120.0315659866,-122.9352761162,-103.0068509116,-126.2131249387,-115.3204057133,-109.1971233221,-125.4981211313,-113.8318600668,-108.2226488495,-103.4497569081,-124.3051927678,-102.94810003,-105.8557190353,-122.500964837,-104.4683127476,-108.2755767223,-106.3675081386,-118.5228141577,-112.9452652641,-115.9792044277,-106.3137647515,-123.0262493415,-126.5509676986,-129.9105281134,-116.2350522875,-110.0822136404,-105.9158582621,-92.7095359065,-103.7816943591,-117.3559358354,-131.8187215597,-104.9104905564,-110.5092619407,-131.8418355264]}}