{"Tau":{"0":0.1995262315},"Kappa":{"0":10},"Positive hit":{"0":100},"Model0 ll":{"0":[-6888.0571189453,-8174.958028463,-6505.7987605606,-6272.9990766797,-6240.6282353423,-6966.8389687299,-6798.699663649,-7175.8800841351,-7842.2706679424,-7231.9478077584,-7052.5310049625,-6366.4860339273,-6343.0983085832,-6774.5878200367,-6974.1052240046,-7384.0807464332,-6742.1140737888,-6452.1897517671,-6862.1026151446,-7460.328609992,-7161.1821518302,-6732.1737085447,-7288.3086829482,-7201.6333118786,-6108.1659959168,-6619.8688040198,-6458.8830855329,-5599.5656874271,-8075.1027666782,-6221.4495302824,-6699.027487369,-6656.9257340768,-7850.5049098182,-6088.4175526475,-5906.5527570477,-6609.834213961,-6484.0879923673,-6403.9574395405,-6857.8348731201,-6767.5854655317,-6257.3410828635,-6747.8988100347,-6573.3067526597,-6429.3643046633,-6532.8650335635,-7257.6648058067,-7050.3792978585,-6386.3223299,-6067.6678510502,-7036.1615747698,-6587.216386691,-7167.9560267994,-7644.7304128157,-6216.6535837857,-6801.7307496503,-5922.6383591926,-7321.9935434851,-6200.8167126616,-5840.998799813,-6864.8547623359,-6846.5811918375,-6839.115525495,-7192.8741277223,-6303.3841376933,-7933.0671845911,-6759.4601437978,-6342.6017753875,-7225.5359283224,-6308.7504202006,-7895.6261309684,-6751.4737274785,-6602.0238445084,-6409.0663706339,-6801.9041233893,-6753.345746691,-7687.1321727267,-6236.2209302686,-6795.9234180094,-6949.5616360902,-6451.3454402979,-7223.0341701801,-6179.8896258352,-6949.6944008088,-6692.7312535651,-6699.7915257871,-7530.7282793889,-7925.4344112629,-6756.5415649775,-7263.9957253093,-6562.0315656994,-5986.4930715528,-6429.7666607282,-6180.5069928152,-6952.1515521322,-6709.3612298612,-6988.6557159726,-6914.9929736309,-6565.0735886419,-6206.2585992614,-7063.0981006765]},"Model1 ll":{"0":[-168.2742372357,-227.0586911221,-154.3669347337,-153.3267093324,-191.0211002506,-165.6434709066,-146.4423641748,-149.8104248852,-158.7553637435,-134.3198108284,-159.4034180966,-147.3300497506,-142.1705126888,-153.9788433316,-142.2174601247,-138.3144969542,-121.8282790867,-172.6434088909,-147.4012977128,-186.4323569917,-140.1093555084,-164.3578726142,-121.9796599834,-146.5184355672,-149.7662363125,-146.8233999218,-165.0364800721,-159.9173516673,-207.3736712691,-214.5206815716,-192.9953422699,-149.7716993005,-175.7264069201,-170.1045034335,-166.5521333765,-140.3109626339,-155.2459168019,-166.6131610014,-149.5161286875,-124.3761159924,-142.4530273303,-222.3568900485,-139.9043164142,-119.7458625073,-130.0004641826,-178.5554999459,-157.8215208324,-135.2274568274,-143.5694327266,-151.4373365884,-136.2807737847,-157.6043977144,-138.8378108173,-133.2683026461,-136.6766892419,-164.8772145606,-135.1353869612,-182.8472947565,-133.0085221168,-143.6783748197,-151.3980244734,-137.6382815258,-176.2613084695,-150.6442626412,-186.452117241,-156.2649326743,-183.6385926354,-161.1154220796,-156.7741744675,-186.4104020601,-169.8314792797,-150.3020204113,-173.4130672311,-149.4803228758,-175.7271626903,-126.9890474837,-135.6254236577,-189.6231054235,-129.2204496325,-144.1789382729,-153.9665004492,-141.8360631329,-146.5281759813,-135.3944558069,-125.586059205,-136.0962889911,-189.0298482156,-145.4658540311,-154.4338762301,-144.1784953576,-131.3047475735,-122.733292071,-173.7320617812,-131.0691613641,-132.8338532613,-158.2423684138,-179.7372812423,-133.9438081989,-154.9455730273,-142.4989659733]}}