{"Tau":{"0":158.4893192461},"Kappa":{"0":10},"Positive hit":{"0":27},"Model0 ll":{"0":[-124.7653604713,-133.2320512919,-113.0909554122,-119.6892230441,-121.53998533,-121.6904553915,-120.9164846202,-117.1888434381,-124.625201431,-114.9176932146,-128.7485765383,-166.3493094418,-126.2566714121,-110.7860780164,-150.7833160871,-127.5684103918,-107.1731173786,-121.2843570326,-111.1330915935,-133.0980301797,-121.3299528746,-139.3997084727,-111.1921819042,-147.6109383387,-119.9242225544,-112.4420708503,-120.7007843496,-112.5130109686,-109.3949438181,-140.890082049,-124.5959228177,-118.4500601072,-113.6585255101,-122.0067505972,-121.1189558642,-117.514182996,-117.9125147438,-121.8419211444,-121.8341419085,-107.3782769517,-123.1939682978,-141.2999028311,-119.7865202905,-127.4469236825,-143.7664736354,-117.3619956131,-119.2725931501,-119.6110098191,-167.5130736933,-112.189961593,-119.0993075206,-116.602427963,-110.6165949336,-130.8551321417,-110.9548777687,-117.353517537,-121.4605729511,-125.5188852143,-120.9566821296,-115.7495956082,-144.4526718645,-143.0781528139,-121.645846378,-116.696755823,-130.2491045333,-139.7919738603,-109.038345145,-129.310645781,-112.0577834651,-125.0508317706,-141.8129529704,-111.6450845292,-159.3406084984,-114.619289908,-127.6320684252,-126.9655125826,-118.0443512617,-115.3560891478,-124.9985432886,-143.9246679876,-108.1231205951,-121.836261143,-140.2374363364,-112.7165974709,-112.7409984435,-117.4764905205,-110.3803870378,-112.2411829179,-122.8433256535,-121.4986371367,-119.5516226272,-138.4322647652,-126.0970731486,-123.7380908216,-123.9674457674,-129.8766703138,-127.5935505431,-120.7896233626,-112.0879277005,-131.1603481502]},"Model1 ll":{"0":[-125.1336568711,-131.148398461,-111.1728807957,-119.1985874964,-121.069121761,-121.8019997413,-121.1993004641,-117.4732176091,-124.6224637844,-115.2506935774,-124.114198035,-124.1652233785,-122.4900592167,-110.767102412,-140.0439445878,-108.7006362249,-106.1839087946,-121.2843570325,-111.0963781425,-129.6604468342,-121.7090751675,-138.1810259227,-111.164931203,-132.7618135241,-116.3247313591,-112.4877709771,-120.3316487313,-112.593362526,-109.4267192543,-130.7862238611,-124.7547115975,-112.2263356794,-112.4826612139,-119.2345787725,-119.2626428271,-107.1363202891,-115.592412159,-121.5875879345,-120.0325215527,-106.7315877613,-123.3930029043,-141.5452510354,-119.78652183,-127.4469348559,-136.3825596464,-117.0475927122,-118.8511707934,-117.3647781162,-165.6355834469,-112.2674501933,-111.3813977885,-113.0011089388,-110.6711292025,-130.8551321418,-111.2030624486,-117.4909399899,-121.7311527458,-125.8323713061,-120.6378351071,-115.9255818533,-141.0379594744,-143.1778637733,-121.8240726051,-116.7211152199,-130.4981103496,-138.2993519696,-109.0344653131,-129.3111822574,-112.3094525732,-125.1840097142,-137.5111373567,-111.8956468025,-159.3406194962,-114.6325351624,-127.8304658349,-126.2092584663,-115.8853978628,-115.3853005129,-121.3183514968,-143.9246713265,-108.1019556111,-119.2002623495,-130.359333145,-111.2368442414,-112.8497592821,-116.9551039157,-108.0652697314,-110.7867289573,-122.8980107998,-121.8431918998,-119.5516234926,-138.4322688969,-126.0749419364,-123.8693178771,-116.6813814385,-126.4450492344,-127.5935514016,-120.9724661958,-111.6712074066,-131.1603502525]}}