{"Tau":{"0":0.0251188643},"Kappa":{"0":10},"Positive hit":{"0":100},"Model0 ll":{"0":[-291.5104160533,-600.5890141754,-312.3189952346,-553.2463554163,-575.4842615827,-557.54764886,-406.720233757,-313.692303123,-392.8749070361,-471.1056506806,-482.1588335567,-303.8750967994,-343.0536293715,-243.2365721075,-386.2886948849,-423.3059582184,-328.9237482287,-397.9091194422,-397.1318243409,-238.8075811048,-400.8304616591,-395.2290549349,-645.5766839998,-337.0929726165,-777.7526405872,-288.7651786881,-651.3121258976,-549.6001357551,-467.9077784263,-392.5607041048,-318.0282768642,-490.9506139941,-300.0158067198,-462.4043514306,-594.2325386524,-310.1128539317,-387.1217623962,-386.2425648906,-336.119267825,-255.5820128145,-674.4990834636,-457.1763000585,-290.0501743327,-407.1860129983,-367.8563858328,-501.0661115677,-581.9513281532,-475.0201729364,-518.641838382,-306.6452951751,-397.0411467698,-312.0880004403,-294.2947567914,-491.3348810132,-328.0301172167,-541.2744634678,-457.8819244915,-482.9429693575,-611.0946490614,-376.7110521875,-435.0923866157,-492.4811258801,-276.988895679,-478.2897988213,-310.5895617137,-446.3531492673,-779.3683108218,-507.1856767674,-223.9383156701,-517.7842925536,-556.6285229063,-1022.3686204868,-518.5690056787,-306.1216632847,-476.8630139173,-294.0894463195,-200.0603641336,-666.7320245236,-444.9622501275,-620.6884516046,-370.1999679928,-452.9481121203,-394.4208862273,-411.859860056,-478.9949044309,-279.7791233284,-644.7572677511,-278.143821293,-298.0292674373,-271.4480277014,-382.8245316346,-381.4314957399,-569.8546122248,-466.8299880438,-446.909187846,-447.6286883601,-534.1724625686,-350.66767679,-408.5720384222,-420.8709453914]},"Model1 ll":{"0":[-121.6052306178,-139.8493740512,-127.8461031559,-148.2727967347,-127.9387377222,-148.0774394916,-119.762855318,-159.808193384,-126.5385300749,-125.8168046705,-145.5560251378,-122.2531567228,-133.6841588247,-144.0021254393,-137.4499126131,-170.6877548732,-120.8625347558,-139.8856542499,-129.4878853112,-124.0609131034,-136.7489076131,-136.9606966167,-132.9588785294,-147.7661282233,-123.0558045917,-116.150533776,-149.1588914559,-145.4294095463,-125.4765927036,-145.8981690874,-134.2459215181,-136.7530165019,-123.6492688773,-123.2588775755,-137.0490995243,-128.546617358,-131.458112521,-121.0099667726,-119.9675140269,-148.8270413897,-157.1507092953,-121.9417241525,-128.3216351324,-124.8177860622,-121.8675033279,-147.6280254211,-122.7591617542,-126.6113823191,-122.5086212052,-125.2013038057,-131.4547159227,-123.1898203781,-116.7748912343,-118.7476715918,-156.3459615145,-132.3549466147,-132.7084171729,-128.0020706623,-137.4585441117,-122.6052232918,-151.6352723738,-145.8166096922,-126.1728232007,-123.4756365012,-131.0927185397,-157.479312795,-138.5452440452,-114.9134219935,-128.8743511443,-144.146614004,-142.339543958,-141.5191177124,-153.8338933643,-118.598015947,-151.6958915058,-123.7932120528,-132.6360772138,-133.942523689,-127.6865241501,-136.8803623076,-135.3377622298,-136.2703410522,-137.0814185578,-124.0036038966,-127.5550413752,-122.6715552086,-119.7954618464,-139.2997193682,-134.1507533692,-130.014944985,-144.3688725154,-136.0482344804,-137.595679129,-117.517452141,-117.7461779901,-125.9772600688,-135.8145522839,-128.9212450554,-132.6613365437,-137.5548565024]}}