{"Tau":{"0":0.0025118864},"Kappa":{"0":10},"Positive hit":{"0":45},"Model0 ll":{"0":[-136.9983093018,-120.7749063685,-122.9995625408,-134.3018123612,-135.0649692054,-128.3659819518,-123.9557745427,-138.689324282,-124.4401019061,-146.5440581828,-124.039504262,-157.6958750049,-134.8507170549,-128.5024439595,-137.9016084416,-134.4449484817,-137.2869016212,-127.300414256,-127.0590832022,-121.7212066544,-144.131856857,-138.1710587034,-155.2332657337,-171.0563754845,-131.381132722,-127.7622571638,-133.2652200403,-128.4624628873,-129.9809472799,-125.1141499712,-112.2898063421,-125.1495471476,-154.1641824505,-124.0829924552,-137.3607804188,-154.7306235766,-142.1633564938,-136.8546912006,-120.8188335429,-342.6232046411,-130.0803165301,-143.1191225011,-128.873434834,-150.244925361,-163.6147140101,-172.032148873,-128.9809691518,-123.4131763174,-151.9233582252,-139.2523245055,-127.1837368753,-125.0853946086,-122.7492156392,-130.0437665793,-153.5648838763,-140.7093697234,-120.4614784285,-129.5370179563,-133.7235713723,-175.8182005976,-138.4807744138,-168.7795538813,-151.4008649487,-131.035017986,-141.8466219012,-145.2092856045,-142.2423283379,-132.7429156361,-189.9885448459,-126.5508184183,-130.6319951854,-120.4842454827,-131.8020305956,-139.73485351,-126.489092895,-129.9351094789,-142.3122687484,-143.4002391977,-136.9624596336,-123.7102775337,-136.5610501587,-130.5994597301,-124.9405593655,-135.7863663099,-124.7534313093,-122.0210981251,-122.1409079036,-140.3236007528,-358.9865968461,-166.7025014146,-249.4197130556,-143.1809911377,-149.2563283972,-132.8679565679,-125.1892670167,-135.6475407886,-133.3662835765,-130.4846723051,-121.5635796006,-177.1965030147]},"Model1 ll":{"0":[-131.7807585345,-120.995355794,-122.9124208125,-126.3113377144,-134.2557097999,-128.4013899887,-123.9557745428,-139.2797092229,-121.3518712192,-146.9676053591,-124.0600508475,-131.9449574038,-135.1205453323,-117.8754226464,-138.0795569117,-127.6937192288,-136.6663535121,-121.8163386034,-127.1871789376,-121.72763496,-138.6948911007,-138.9188040123,-154.6446986217,-127.857004341,-120.0504772075,-127.7622591697,-133.6154605838,-128.849234675,-129.9807928971,-125.3458759104,-111.8304381843,-124.5190280362,-132.4971419318,-123.8601261642,-137.9252490613,-134.5049019685,-124.9133770572,-136.8546915635,-121.2194849286,-287.1066986358,-130.1978965567,-143.0094268604,-128.9739124089,-141.3259201911,-144.700709264,-126.2064218962,-128.9614784018,-123.4250694939,-128.3780441036,-124.1530896088,-124.1467927751,-123.7179568942,-122.7492188307,-128.3284536657,-130.3946602734,-140.9305339674,-119.5203695001,-129.8862129886,-120.9168684665,-147.3907151029,-135.6784738227,-126.4391503882,-130.5546911886,-131.1199749813,-141.0035782854,-129.9833818478,-120.5408195359,-130.2128813842,-124.5555059161,-125.7248110469,-130.7351934278,-120.8843376784,-129.1597708436,-139.8432371166,-126.7489378685,-129.4120545179,-139.1305018944,-143.6452007201,-135.8075127402,-123.7418843113,-134.6056561068,-125.1316651774,-124.7561661025,-135.2046043861,-117.7751698439,-113.4814798788,-122.0360781354,-132.8030635481,-154.2014989223,-167.3229306994,-140.5617154355,-143.1815530269,-132.8521160284,-127.6413399149,-122.749550018,-135.892783336,-132.1032478396,-126.5997518351,-118.8361838232,-148.5913611089]}}