{"Tau":{"0":0.0630957344},"Kappa":{"0":10},"Positive hit":{"0":100},"Model0 ll":{"0":[-1989.0637655606,-2044.6135604868,-1678.8975346777,-2112.9776323295,-1111.5890130135,-1300.4046765658,-1424.0063184749,-2159.4465492876,-1319.9506518642,-1349.9802664914,-1847.1551508676,-1498.0329933922,-1792.927271006,-1409.9079756698,-2077.9363363494,-1380.0121575303,-1780.6681940062,-1915.4273433714,-1199.8407290245,-1691.8650572853,-1611.8408231892,-1578.5402704616,-1705.9045850834,-2279.4416333596,-1318.1475183191,-1628.2194203567,-1413.79231938,-1729.7395769675,-2487.1671593502,-1462.8933977075,-1227.1616581366,-1543.1413812422,-1588.9560586744,-1642.3345067096,-1086.8026621898,-1514.0470673336,-1726.2714126129,-1902.507106908,-1663.8313040267,-1336.5817086182,-1262.5578973795,-1299.8038668283,-1450.3859886245,-1669.2258128527,-1413.6745246535,-1672.397504593,-1660.3713106732,-1111.5795097092,-1617.1925915755,-1693.8375537239,-2022.6582393008,-1813.755173453,-1731.4909357403,-1708.8834160517,-2224.5146604981,-1387.978976413,-1648.0875414742,-1104.4229887788,-1565.6727284836,-1059.1973184612,-1256.1846432664,-2026.4696829958,-1638.4687908798,-1209.0734257078,-1458.9300323811,-1360.2649691647,-2029.4695675007,-1468.5113134768,-1379.6544607049,-1601.7687068957,-1241.8106237167,-1658.9572144625,-1522.6734764239,-1902.980567142,-1686.1876137411,-1970.2742604783,-1693.5802224201,-1482.8591562349,-1614.4842300051,-1464.3111515132,-1615.0219553283,-1417.2426409644,-1426.6648122094,-1684.2893133616,-1201.6278787603,-1422.0364529546,-1928.0453687469,-1733.7036074174,-1503.0033744918,-1466.9142922922,-1083.442787371,-1362.2132477354,-1914.5859127847,-1382.6280749249,-1461.3991784267,-1661.4378712104,-1253.686174942,-1295.6785299066,-1261.7274604791,-1700.527899918]},"Model1 ll":{"0":[-130.0092613158,-148.0371633633,-131.3690402034,-132.5435866119,-120.8117357916,-117.559711603,-149.1939630264,-125.2479137038,-126.9170538921,-165.6696189511,-131.3274661459,-144.5768120812,-170.8458741534,-125.0632708898,-132.2913135578,-136.7876078437,-131.7764487921,-154.3899508156,-136.6583707529,-143.1032523628,-136.7233945041,-135.2359542603,-155.4219197563,-128.6702813786,-119.0312994912,-133.3248874145,-127.1138606141,-167.2959752155,-126.4636027339,-144.7157754882,-150.2709228476,-149.9964640498,-172.104700228,-123.8828221704,-126.8943753402,-181.9719374828,-115.2029219405,-138.1602595905,-156.5349560805,-123.8089979934,-150.0953718628,-135.365980092,-153.3483305321,-119.4002120033,-115.6802717649,-147.4981980133,-127.0233100427,-118.07105188,-134.0962020012,-148.2713136814,-128.3847606749,-161.8648064811,-121.5650840545,-146.3964763082,-143.8603824059,-128.6587751369,-161.2889837085,-138.052630168,-135.0913307606,-147.80925473,-129.9756097895,-149.2211004304,-136.5773050893,-130.5452111175,-116.6446025745,-134.3349873863,-180.8829651203,-140.3619379724,-130.4278782437,-131.6703240083,-131.1363149004,-131.2852460375,-155.8930143339,-186.3503252351,-173.2823278501,-134.7689869744,-127.0847020569,-146.2269472842,-133.2804850362,-133.0799821726,-138.4404070519,-137.0246280044,-134.7476520607,-149.5228437748,-140.1990382043,-162.2957790076,-145.6237687373,-134.0462195987,-132.4671786946,-140.7726163659,-151.9617209656,-136.0238641742,-136.701043557,-129.8550228358,-138.6142322745,-127.9687390131,-125.9590392273,-147.3695137741,-141.5185862671,-116.1762451572]}}