{"Tau":{"0":630.9573444802},"Kappa":{"0":10},"Positive hit":{"0":28},"Model0 ll":{"0":[-125.498944363,-131.46764403,-113.8176917299,-117.8689922295,-143.0659655667,-128.9637509833,-125.1868557267,-133.0185451122,-129.8386020868,-114.0545996068,-139.6072881901,-142.6569072715,-126.6231251974,-135.5586964608,-117.1053082599,-116.3920359534,-148.8821842183,-141.6147717528,-121.2536803776,-129.6567211194,-126.781983623,-123.9872646613,-116.8429382064,-120.9205941411,-123.6458499962,-113.1251573174,-110.8947600277,-150.4494040322,-124.5939418225,-119.8485257868,-106.1399191017,-123.3287099294,-138.3244581046,-123.590783866,-109.9793694095,-118.8775336726,-119.9447804567,-121.3498087181,-115.8503272926,-125.2606752944,-117.6403815963,-116.7640069702,-120.6767140872,-131.9514644422,-117.8727761799,-125.9812051254,-128.2779679459,-127.8599107126,-154.3227600657,-109.6215378756,-125.1370641373,-128.3388675477,-129.4585663221,-138.8788969214,-120.8573547767,-118.2302189485,-125.0034627081,-135.4858107634,-130.4904099732,-112.4955129188,-124.7900343805,-115.9580696829,-139.7207264687,-124.8473102741,-118.5962023504,-132.0229466113,-129.0534488738,-140.1288075135,-106.5863137413,-129.0802303662,-131.980244217,-113.1778479291,-121.1431082061,-107.3969391796,-125.9232141819,-136.8778156784,-120.1530150549,-128.0307555687,-126.4809244118,-130.4611159736,-123.8729852222,-124.4717751186,-129.3956071232,-125.353535522,-122.8743742538,-131.352417632,-111.8521284807,-114.6843342416,-114.3918490764,-134.5207392847,-131.2574105221,-119.9268642421,-119.6653913971,-116.3392735069,-135.7013626302,-136.2520444958,-132.4333328999,-116.9717734591,-141.0929182323,-126.3174130109]},"Model1 ll":{"0":[-125.6157924401,-131.3849168336,-107.5135971714,-117.9383905643,-143.1577937768,-129.1274631025,-123.2442075462,-117.1465839332,-116.3869908901,-107.5302300723,-139.7893151683,-142.6569097841,-123.8226130018,-132.0023266875,-117.258783112,-113.9176328976,-113.3071912775,-141.9818390943,-121.2546233949,-129.9097361583,-123.0270985482,-124.0349005765,-115.7420544005,-120.920594156,-123.7324813,-113.1664527129,-110.572849022,-137.4952556586,-124.1663151019,-119.8485282614,-106.2426442237,-117.5551916224,-138.0455995057,-123.4768753856,-109.7390216058,-116.9737518643,-120.1907836495,-121.5579227057,-115.8503279326,-125.2606756644,-118.0035970088,-105.3659465822,-120.6767151897,-132.0835789605,-116.4930319495,-112.373184518,-128.3449313215,-128.2750550232,-154.7932715315,-108.0448039069,-121.8249134546,-118.513803352,-129.5368639325,-132.9467762959,-121.0831891663,-111.9452860203,-122.0514569007,-128.6329990796,-130.4904119026,-112.1496237726,-124.7900384976,-113.8066036333,-139.0801949987,-122.2721888755,-118.8429465794,-132.0229502951,-129.0534483419,-140.1288101776,-106.6349859381,-129.18034697,-132.3132625881,-113.1778477256,-115.9903854592,-107.5834942985,-116.4046804616,-135.9916985194,-118.5075333568,-128.3659825877,-126.4809270619,-130.4593333365,-117.1505266614,-124.6633116737,-117.4950456314,-124.779450871,-123.0535206325,-131.7474788895,-111.9525830735,-113.0738186551,-114.5877522456,-134.5413094528,-130.9890724663,-120.0703599573,-119.7708161301,-114.6251458559,-135.7609970965,-135.1093389566,-132.4978106145,-117.1783573463,-133.8262517387,-122.1951731679]}}