{"Tau":{"0":0.0251188643},"Kappa":{"0":10},"Positive hit":{"0":54},"Model0 ll":{"0":[-98.9524061724,-102.9757224073,-80.4593098429,-74.6921774951,-112.8509870127,-71.9295000871,-92.0622848356,-78.2830250214,-87.8813479977,-78.0120540694,-148.0595616622,-74.7316312682,-84.595415281,-81.9941071769,-63.7254442696,-76.0826717799,-94.1762550399,-70.8823113184,-82.842703886,-67.0695599376,-68.1744750635,-83.9633884963,-95.2014584456,-64.2902940495,-75.752999817,-114.9795459177,-85.5093394892,-77.7067671418,-68.2921073606,-87.8999441936,-86.9448376993,-110.0296344672,-86.4628976575,-69.0852025358,-78.3360164781,-71.6067850886,-92.5467252006,-78.1424090037,-104.1512128531,-81.9991775268,-83.6320494528,-78.8197877171,-70.7247627041,-91.5924503206,-85.9153411967,-87.4580023373,-107.5838237078,-71.8011453572,-64.9442201376,-77.0704006982,-74.1138392918,-91.4087667032,-77.2056016244,-65.4466519298,-74.1825858985,-79.4583165635,-82.4445906452,-104.5048962122,-88.8193565509,-68.8929988776,-98.8830980444,-69.3761547386,-72.0420306697,-102.7475945969,-73.7938930833,-78.4717263834,-84.1090414941,-85.569378982,-129.2317307476,-88.6048225543,-67.596212215,-73.5154424862,-108.5245764892,-107.4335533832,-78.7042586087,-98.4339767327,-70.5954884699,-74.091002071,-90.1044448355,-97.9355779045,-81.131624491,-98.0363604218,-92.679114619,-65.3265638824,-73.9498402952,-81.5878595274,-112.1920010263,-80.8623207745,-117.4243764128,-74.4179130148,-82.1373677165,-96.4665552927,-94.5912868998,-72.1639284633,-64.2696727879,-79.7458210751,-79.2559606248,-67.4139765082,-112.7558668731,-80.347677975]},"Model1 ll":{"0":[-97.7330146942,-102.4881434448,-80.4593106758,-74.1729271215,-86.2556140863,-68.921035578,-92.0622850984,-69.9224423648,-87.187826276,-77.9805426984,-116.7318677458,-73.3342315739,-77.0714269339,-78.2016011141,-63.325161088,-76.0826553257,-84.6142564967,-70.5295426205,-82.2876579445,-67.0852436811,-65.9940507575,-77.0699284218,-89.0828666588,-61.9811903129,-73.5308325581,-109.0406092308,-85.5229724936,-73.9834075395,-66.2685997069,-81.691655643,-83.1869015539,-75.8134591845,-73.5020424202,-68.2640691151,-78.335914149,-69.8328373482,-92.5467253933,-72.7107933742,-102.9090113255,-81.9991775271,-82.0023449235,-75.5560343385,-70.5172796992,-90.6079425781,-69.2654093803,-77.8768410187,-104.9003596877,-67.4788220874,-64.9442201391,-77.0704009727,-65.8527796129,-77.9416180865,-70.7855656901,-62.8921303006,-73.8244008077,-77.9065310953,-79.8076482515,-103.0106242754,-88.7590763158,-66.2394089616,-82.2939462732,-65.8389896937,-70.2903353877,-102.0781918117,-70.9363870059,-77.1336027001,-82.7324082034,-83.3122749169,-104.768186551,-83.5437234312,-67.3405641828,-73.32954205,-103.8032877528,-95.4119539775,-78.5982009879,-94.6042625594,-67.5131438417,-70.7468028614,-88.5611330477,-94.9430855407,-81.1348349251,-89.6699895225,-88.9295787217,-65.3265638823,-73.6792394441,-75.9054806072,-94.1784691329,-68.8897252819,-109.1652889006,-74.3660120823,-79.6931394717,-71.6680779393,-94.5912872675,-71.6367326838,-64.2736104816,-77.3008939808,-78.9409557979,-64.9048563754,-96.6258544507,-79.7169060547]}}