{"Tau":{"0":316.2277660168},"Kappa":{"0":10},"Positive hit":{"0":25},"Model0 ll":{"0":[-136.6656483563,-117.1943110113,-125.7832930397,-115.7941232442,-142.0318175531,-118.7605743274,-124.1394382539,-172.3377178023,-124.3043952823,-122.4282340496,-123.3310646352,-117.7213912195,-113.5229118417,-121.2721949617,-117.6306310908,-130.7925449585,-170.7091895811,-128.6187367313,-111.9468866169,-116.7839371413,-129.5355145453,-122.1956974238,-136.0907711328,-102.7327982022,-128.5620517256,-108.2017820622,-126.7334826716,-131.3866072772,-134.8633123241,-122.6530116231,-108.8909305163,-127.8927433038,-127.754733095,-117.5597576756,-113.9202406764,-121.8143173925,-131.7438100051,-123.8686167259,-126.4912901848,-122.6415851138,-113.1597445945,-132.6328322437,-126.5658595041,-110.175393796,-125.1942709664,-113.7724111,-117.8269995916,-123.6071758839,-123.2144718729,-115.0452315832,-113.6158504,-126.1452570938,-146.4674004553,-153.0807196823,-129.9899931627,-142.0931779241,-122.2737244393,-127.2119846873,-114.4397398639,-119.5837233095,-114.7264503488,-129.6344233479,-121.4246730431,-112.8119533296,-131.2228621191,-126.0236195677,-112.5479781252,-126.6525492342,-147.4217666222,-117.797241213,-113.3233029541,-119.186569263,-124.5773009441,-132.4191210354,-136.5987985985,-124.9371431243,-128.4413880646,-106.6252802957,-111.2778338283,-124.37550751,-123.0580262226,-111.9826401162,-124.3828445817,-144.7048375602,-116.4208174563,-117.985912491,-108.5765943724,-132.0752426324,-154.5483755931,-118.1404243841,-135.8777047733,-126.7736002563,-126.7155043477,-117.6546089238,-120.1580086012,-111.413842382,-110.8535017873,-106.425216838,-124.0419634811,-132.9935381421]},"Model1 ll":{"0":[-133.9757533649,-116.5320475831,-125.7832953659,-114.7362323239,-142.4252589914,-117.9436019423,-124.1759223682,-172.3377224886,-120.0072622776,-122.42823557,-122.0256995548,-117.8704978301,-113.5967835828,-121.2721955438,-117.4186046118,-130.0226995112,-159.3053232755,-128.8302653497,-112.0892706187,-116.7839369974,-129.5357213366,-122.1956976427,-126.3270841648,-101.4550576984,-125.8708807699,-107.9890865975,-126.733485226,-131.3832567354,-128.5652234815,-120.9178305798,-108.9906926588,-127.8975819988,-127.839575685,-112.1199019921,-113.920240892,-115.8907383895,-127.0355848954,-120.5309057581,-126.484656215,-117.5013603709,-113.3224455578,-133.0885843066,-126.9372119357,-110.4288926377,-125.2507136285,-113.8434386511,-117.8484109642,-121.3403052595,-118.9208140615,-115.2126049547,-113.6813642873,-125.0719706774,-131.6042724846,-153.6352382253,-130.0865982535,-113.5390697181,-122.2737256247,-118.6900762524,-114.4570996454,-118.463803485,-111.5894958575,-129.9297904558,-111.2162657218,-112.4517525938,-130.9479003321,-126.0602762402,-112.321362498,-126.2249773044,-128.8875595677,-118.0098456197,-112.1099794735,-119.1865699118,-124.6523872722,-132.2613957531,-131.235122051,-122.6718865066,-128.592847291,-106.6252808306,-111.2912515312,-124.365402307,-121.6484140135,-112.0759493765,-120.9803500625,-143.9921481926,-116.3379202974,-112.3697527479,-108.099435682,-128.1693716222,-131.3707824324,-118.1404252976,-134.4726898123,-126.7983726275,-126.6405284979,-116.8608369923,-120.1521600753,-111.1904286223,-110.7891338886,-106.4223801594,-124.2495714132,-133.3649504476]}}