{"Tau":{"0":0.0050118723},"Kappa":{"0":10},"Positive hit":{"0":73},"Model0 ll":{"0":[-131.8878201387,-128.1664297878,-171.8334111669,-145.3936681975,-156.8852808439,-139.5336752972,-181.3167355566,-175.7962641707,-118.9880095688,-146.5996206536,-202.7612045944,-118.4770697448,-135.6587777017,-149.4540088037,-152.7556873191,-132.366474817,-139.8466999747,-204.7140628783,-141.9924694995,-129.6868844006,-144.4457497874,-186.0073028842,-139.4129387126,-136.9911746679,-129.4676877151,-140.1101758343,-162.3455340147,-137.6339564081,-169.2980494418,-157.6521584733,-261.138019285,-129.0528553407,-128.877444166,-131.5251041963,-152.8852365459,-127.0950277245,-189.7054574144,-135.7592125074,-163.7951155311,-123.9330743736,-145.7933118923,-123.5550400886,-158.540327263,-130.2748945185,-147.4132682282,-138.285429401,-116.5963184672,-148.9060277186,-207.3485538965,-161.8122464228,-134.9169592185,-123.9359362007,-155.0248491857,-177.0810461269,-178.2844121321,-176.3562224778,-166.2383994856,-141.362616733,-163.1505965871,-145.6096177293,-130.3370282556,-143.1714838009,-160.3030911465,-128.5627152218,-131.9125689273,-127.4760406993,-230.1223099209,-131.7680744843,-169.042247634,-142.6470484454,-167.8764581041,-123.9898972042,-127.1094084241,-115.2428884685,-129.866584187,-147.9139454672,-197.4959839753,-258.7195002016,-158.803402246,-284.2059277504,-128.0393040906,-133.006947005,-192.2865409976,-137.0896849995,-122.1985099979,-140.6835864934,-135.3443018327,-142.5124468262,-131.4391054588,-130.9472760032,-158.2340120093,-167.8973636135,-151.9870039977,-122.4275101656,-138.9364417336,-123.1620150797,-187.0531249515,-182.328523733,-124.6608250801,-146.4864788214]},"Model1 ll":{"0":[-124.1533220684,-120.8555899149,-133.5337132002,-145.2899398675,-127.7171781636,-139.788750054,-140.8942671987,-141.4213574175,-119.1729184448,-143.4112738283,-126.3992901642,-118.5819981944,-129.8405252768,-127.6478770285,-146.0710353465,-132.8078043658,-125.6862167149,-156.650306101,-126.5511604158,-128.9884523997,-134.8421192567,-131.0295086371,-137.3597099806,-128.6110222322,-124.750371614,-120.0086842757,-123.9331804368,-121.0172074741,-123.8552381446,-141.4238161275,-126.9790955409,-113.797268925,-129.3003190813,-126.3816489745,-120.3965557394,-127.145108517,-154.5825989862,-135.8545435282,-129.902334493,-123.9835815401,-124.2740751663,-120.5483282894,-115.1237054078,-121.1057952603,-123.8660641141,-122.4897274192,-115.7268174236,-144.8315878643,-144.6360729227,-151.9188114377,-121.6288362261,-122.2671601811,-129.0692545196,-119.0919606329,-144.2635959199,-137.0073917868,-141.7722541354,-135.4036608726,-142.6180246746,-117.8142243488,-124.9385374211,-143.345623083,-117.7169403019,-128.5221665174,-127.4124182611,-117.5263322641,-139.106940242,-125.7390324629,-163.6148127175,-143.601868179,-137.4230264626,-124.0107535356,-127.1177657481,-115.491253529,-130.1239862587,-121.4726634127,-155.5464711566,-126.4153649309,-141.3027388579,-148.5530390136,-127.1905321212,-133.170578015,-124.5878686476,-116.7263672969,-122.1273995521,-139.6089590706,-135.551047487,-135.2663773547,-129.643108218,-122.5563992769,-155.2273599467,-142.6457071287,-132.5082414437,-115.6623605117,-138.93644649,-121.8885684523,-118.6718426864,-128.7941003442,-119.3093030064,-131.006165351]}}