{"Tau":{"0":0.0002511886},"Kappa":{"0":10},"Positive hit":{"0":27},"Model0 ll":{"0":[-124.3160733969,-171.7777983842,-124.6248719831,-138.2925172415,-150.3547456056,-153.0974093798,-130.2773372518,-139.3464956411,-128.7316577617,-124.8497278731,-148.1906261025,-123.1582320809,-132.0039441738,-130.1030846378,-166.5172732045,-130.7270914956,-139.1908167884,-147.1826057972,-127.7288307098,-123.383139251,-197.988617169,-142.4358761779,-133.2413746199,-126.6770425028,-135.4343345817,-116.6451264928,-136.0222152244,-138.6933660241,-123.1220613219,-134.2976439733,-122.8921140734,-131.6596856748,-141.8750592475,-132.8749726087,-141.3862468339,-146.790691112,-115.5986693898,-131.7443731094,-142.0089362782,-133.1520070866,-133.3614966437,-163.1736341006,-125.9515189351,-177.339708319,-132.049252757,-119.2102980011,-119.6272319028,-127.2988820213,-134.4706220877,-131.3649414371,-143.8080590796,-138.2485967203,-130.7334196024,-139.645671477,-130.344422781,-122.9643343077,-144.8257694692,-123.0166939633,-123.7099235745,-141.5002825209,-140.7371820091,-139.2985037189,-152.6317234495,-145.9138674385,-129.1839647055,-153.1449590716,-141.7770193829,-142.6872811693,-134.0886632183,-133.4151681669,-137.7603406978,-125.2226115481,-119.7889105521,-122.8498629434,-135.7085652488,-134.3443249847,-128.4467376893,-154.1215346969,-133.5176890146,-134.1932873467,-239.4898812514,-131.9136304863,-126.3943481172,-150.269474182,-121.7787717352,-142.5219318713,-156.7959628257,-122.4063981221,-127.7906766318,-117.297807607,-174.7973766146,-121.7682474422,-134.8193270133,-140.8710188167,-127.6679917528,-134.7701136533,-140.7576342125,-117.3720602466,-132.5576545774,-129.7409763352]},"Model1 ll":{"0":[-124.4859782961,-172.6678962114,-123.2763798363,-138.717809754,-150.332725407,-153.4870551872,-127.7575627337,-134.8424127089,-128.5447039632,-125.3286342362,-148.1906293329,-123.1501090544,-131.3292824186,-128.6375367943,-144.9610079449,-130.8281733783,-138.9316347473,-147.8106003106,-128.0522351012,-122.6995012179,-132.1778240975,-141.4885332452,-125.2891414011,-125.6926882577,-135.5383567098,-116.2037673057,-136.0222152405,-132.2139648209,-120.4084856955,-126.2934480585,-122.8498225078,-131.6596884772,-137.5117273968,-133.0413895048,-141.5546157936,-145.3914370493,-115.6481646046,-130.5445450316,-142.4472008555,-132.4185462217,-125.7515368967,-145.8771699581,-124.2508701697,-129.0828626516,-132.6209839932,-117.9525746572,-115.3885141923,-127.6149491763,-134.9510916051,-131.3414548673,-143.8080596583,-137.2548426043,-130.7664473553,-139.645679221,-130.8151906999,-122.7176620745,-141.4421499753,-122.4349196793,-123.858281066,-135.4366662961,-141.2857605793,-139.2985061864,-147.0842839096,-139.7546347608,-129.2534415456,-153.6003856099,-141.9649059351,-141.2121387721,-134.1227062053,-133.4680268386,-137.5905447348,-125.4431300607,-119.605023771,-120.3671132006,-135.5963711601,-134.167949907,-128.2820883664,-115.8646956934,-133.6235518835,-119.8300387699,-138.4318134011,-131.7427003031,-122.0886190295,-149.0884639511,-121.7787736979,-143.2260929099,-146.7012507645,-122.5938666664,-127.1238371479,-117.166135875,-121.0757866331,-121.7933346815,-128.0429336227,-136.6136763112,-127.8561427912,-134.8526753553,-121.9351025754,-117.7222361418,-132.5374367952,-130.1162822546]}}