{"Tau":{"0":39.8107170554},"Kappa":{"0":10},"Positive hit":{"0":25},"Model0 ll":{"0":[-135.1902750053,-143.5150668215,-126.1792456268,-119.8451182806,-118.047653293,-131.8788296689,-131.8042839065,-109.0754834328,-114.9147703155,-119.3387293974,-153.0657878043,-126.2563873868,-114.8901873412,-109.3376795611,-127.197416237,-150.2390878093,-141.5855021906,-154.22666159,-117.2714879107,-141.5708111407,-140.5333455984,-133.1606902433,-115.3666764567,-130.9155848336,-146.9879855644,-117.9077149076,-133.4688401922,-114.5249462263,-130.0421440848,-115.4546226287,-120.4603628639,-121.3671985392,-115.5425987951,-140.5038434422,-125.7401005694,-117.2324629668,-135.6269550567,-137.3432343259,-117.7843366277,-113.5187034683,-116.5488653862,-126.5409050878,-124.9773073078,-132.5816322418,-142.7714101034,-113.0140697622,-128.2087022972,-120.2210103376,-128.1637228562,-126.578704605,-137.530662837,-122.3793692434,-126.7154447506,-114.4619690763,-143.2016797508,-142.9525180669,-117.6944741346,-127.8766887136,-127.6640860109,-124.7724758655,-119.1492917513,-124.9131967465,-116.4704221248,-112.4086879289,-116.777319666,-131.6189821289,-144.8539861431,-132.9841648685,-109.8504007215,-128.7700560944,-146.9707320165,-125.7920118954,-111.579948369,-112.1877471719,-114.4484824164,-124.7860743906,-120.3330119124,-124.1393715729,-136.1416606278,-111.9325200718,-125.176018387,-123.5175963886,-113.40250415,-129.3249373901,-136.6314406675,-137.6082830398,-144.806230768,-114.1266305837,-122.7875986905,-133.605994519,-116.7174571072,-110.7264777176,-139.4468282843,-133.4262962775,-129.3442250143,-119.0607977163,-140.0964405541,-123.1881528902,-104.4896187334,-110.6153236388]},"Model1 ll":{"0":[-135.543660467,-143.7302648015,-126.2104460826,-119.9797615424,-115.7496002317,-122.2757316612,-131.8542811311,-109.2566325996,-114.9922629206,-118.5558328262,-116.9110431392,-123.7877336831,-114.8901881529,-109.7174432199,-127.4090903239,-109.303424438,-141.6148628154,-154.226665831,-116.8340543748,-132.8327368623,-136.5048193327,-130.2798812433,-115.5619165486,-130.4445483598,-145.8302591519,-117.9077149688,-132.808122419,-114.6607657662,-130.0426519947,-114.3546029841,-120.4603642992,-121.3706778941,-115.7157899432,-119.1082644853,-125.2679545214,-115.9491164024,-135.609018152,-137.4031769032,-117.7977329035,-111.7814609978,-114.6166765799,-123.3762878572,-125.1081045286,-131.622220638,-133.8834562958,-113.3285748144,-123.3007381228,-120.3933457808,-128.5547862739,-125.2363897082,-137.6803325904,-122.6197711026,-127.0942568391,-113.8994554889,-132.7715689241,-143.2265469341,-117.7096732211,-127.8691878924,-127.4723917211,-124.6780165195,-119.1499661276,-120.2325425036,-112.6411121427,-112.4515660492,-116.3177042466,-131.864190324,-139.6996112847,-115.9489552979,-109.8572298797,-126.458226063,-147.3292016638,-125.804776285,-111.5718572241,-112.2151502043,-114.5049996461,-124.7860756506,-114.9430689847,-124.1393732435,-136.1416641859,-112.1684850703,-123.1672252885,-123.9825305953,-113.4027163516,-129.4646953444,-136.692586234,-137.8908923547,-144.936571771,-114.0441279319,-118.8361116108,-133.6059982033,-116.7174950804,-108.0937411749,-117.4900948138,-132.5555013788,-129.2474674993,-119.0583408632,-140.0964425832,-115.7435145529,-104.5187526549,-110.6545272213]}}