{"Tau":{"0":7.9432823472},"Kappa":{"0":10},"Positive hit":{"0":100},"Model0 ll":{"0":[-280.7285001151,-327.3508174716,-303.1536041835,-316.6471579087,-287.2310675493,-284.7910041647,-284.43382365,-300.6933749599,-300.1326936101,-215.402437619,-300.1236647228,-242.7024108997,-279.3037266894,-232.8438431953,-265.9071846125,-341.0489354672,-307.5587711339,-325.6971306241,-345.9354311503,-305.9508486437,-244.1348585912,-228.157607221,-252.9607655314,-249.4781237419,-329.9348971911,-388.4971129868,-320.0955639678,-240.7278105849,-361.2518686601,-307.7708918407,-264.489483216,-263.8093170291,-282.9127211368,-227.6603261011,-337.5886204159,-341.5567046194,-250.5532074738,-211.5963388373,-264.6511624113,-327.8319894874,-277.0721989709,-301.9177407596,-345.8135383056,-410.3669514095,-410.3114895179,-297.9700114881,-310.9616293428,-197.3717453967,-211.3379842449,-319.7284309122,-292.7331111343,-250.9147834337,-365.4730904913,-263.0284416138,-294.2787070009,-237.4889125404,-319.1545479651,-281.3943944407,-301.0924308056,-336.9345299296,-343.6880461282,-342.9431983099,-370.2985665233,-292.0863968596,-299.3754727472,-323.2207191748,-326.3004716438,-397.5522892127,-362.1977876516,-211.6932674815,-265.0709419194,-355.9071161104,-389.052478307,-305.914976744,-303.4507759968,-375.1077486668,-402.5371025892,-263.7566925476,-266.4440285502,-257.5998150522,-299.5989304693,-281.1354994003,-330.3467373418,-291.2350964477,-353.507315715,-305.9382215227,-547.6606780538,-279.8377666185,-345.4787456209,-327.4387179512,-283.1355871152,-317.4700066026,-284.8736987698,-366.0735702443,-346.8151917459,-293.3039914074,-358.6860901585,-242.833772791,-338.4195007994,-284.1418072085]},"Model1 ll":{"0":[-143.0539277244,-141.2079609514,-142.4985264729,-123.3406334274,-138.3639043021,-115.6199266993,-100.051761486,-148.5237824414,-124.3682539649,-116.3888908766,-128.3011611855,-116.3043501543,-140.3950966995,-121.702530158,-116.5680739463,-119.8137218644,-108.9378659464,-149.11009455,-112.5499580359,-126.1524970771,-122.6571812074,-136.440233197,-115.9487171478,-114.4648257187,-129.8683706028,-141.1750328778,-113.6626981324,-147.2773619844,-117.3501902421,-112.0626956783,-111.9137847655,-124.8110162514,-129.5081098898,-106.6007421444,-112.7814613496,-127.3278892533,-119.8909323875,-107.4253267408,-107.6220935669,-146.0253961953,-124.386300251,-122.3155204446,-141.3158864037,-155.371074327,-195.8153223459,-118.4377307309,-120.8851284905,-127.9043759513,-131.3816030543,-162.8867486592,-124.2459079648,-107.232216474,-124.5492038963,-106.2422561585,-139.5284510728,-117.1243228991,-131.2898579298,-125.5670457418,-130.0216560861,-108.3775406235,-102.8002561407,-144.3406401176,-151.6341398948,-146.7511866172,-135.1355484895,-131.4019273738,-146.6786468249,-162.4322070661,-181.9732160755,-110.0630512381,-133.1423636757,-168.3750207753,-134.2627832164,-130.6060805864,-143.7546142048,-115.7092653891,-179.2766483365,-134.2113592585,-129.5116469243,-106.5847450127,-111.2518506432,-113.2058833074,-124.8856544397,-132.1955631532,-121.6480914633,-129.6342408297,-153.5223636532,-128.6760271141,-126.6528820531,-161.8290714826,-118.2660051919,-137.3468560514,-182.6845097632,-110.5702518378,-137.0391280905,-114.2115461054,-119.696345643,-102.0344003207,-140.200455628,-116.1670869985]}}