{"Tau":{"0":0.0063095734},"Kappa":{"0":10},"Positive hit":{"0":28},"Model0 ll":{"0":[-85.4089443643,-75.4806461662,-70.3206022004,-69.2850874764,-80.4289547495,-90.4647523885,-74.3320210281,-67.6564008146,-76.7933036338,-66.9038752216,-82.5607282873,-93.6091959061,-80.7384590309,-72.9547770515,-79.2945276513,-73.9557728573,-97.2113333993,-65.4096382322,-76.4602017423,-92.5463276538,-76.6734415377,-88.6789508535,-98.0135579427,-74.449822531,-80.6742839847,-73.4999348349,-79.8277025762,-81.3516956146,-74.4291936483,-68.604922135,-88.8997445829,-92.7733042796,-77.7822347859,-77.6069407136,-77.0077903112,-73.0082608354,-69.3730045569,-110.0140011434,-86.0012015155,-82.7056331901,-64.3702490399,-80.10255139,-67.2301584669,-91.2915380521,-84.415555932,-73.2655140293,-83.0055542826,-72.8872562372,-69.4639017164,-85.0260344018,-79.9047730796,-66.6631885594,-73.8239474944,-67.0656448247,-78.8436546932,-68.5457054165,-69.2957569729,-72.9121772954,-79.0714664477,-68.2186917758,-103.625507923,-88.2270445558,-88.8397649373,-82.9664635635,-88.181124229,-70.6858587757,-68.7279361129,-68.5196769197,-75.6168968851,-63.7706356594,-74.2348085892,-85.3015024964,-81.4948800247,-83.1469233291,-80.0437056277,-83.5378622023,-83.6433190923,-69.7778919906,-81.8726226571,-69.3315593169,-80.3275634367,-68.7939739361,-68.6610061783,-66.2292492205,-75.6261582116,-86.3611699718,-79.9787402071,-70.2402406967,-80.5182049562,-71.9915326779,-67.8516157294,-63.36924618,-85.1679242786,-77.1270808249,-67.208803662,-101.8524302062,-78.718291636,-68.6051760707,-71.6448869623,-77.331608925]},"Model1 ll":{"0":[-80.3506264472,-74.4963313598,-69.8539235195,-69.2850943973,-79.6340640634,-90.3776929335,-74.17242805,-67.6353955401,-74.1764635688,-66.9038893047,-76.6085857373,-80.9651150919,-80.6104299016,-66.8183230443,-79.2945276513,-73.9557730719,-89.6007582178,-65.4205405943,-74.942674753,-86.8510806804,-75.932642324,-87.6377986978,-98.0313029404,-74.4498227055,-80.6743320397,-73.3610089733,-74.9648260675,-81.3516956146,-71.5579842585,-67.8911520316,-88.6161953685,-81.7955102572,-76.5747884554,-76.4709655371,-77.0284740631,-73.010751962,-64.3437062108,-106.6263627615,-86.0012017608,-79.1955300966,-64.3702930624,-75.7133871677,-64.2338416643,-89.1547257505,-84.241574532,-73.0387686096,-81.4042880377,-72.8872563965,-69.4636049817,-84.425378775,-79.9047912983,-66.6724067729,-70.2417798057,-67.0889100142,-77.4578657419,-64.8003239141,-69.2992384934,-72.6143854147,-78.8547539746,-67.9835678723,-90.3431436508,-87.344821886,-87.1055071816,-82.1146025972,-85.1762173834,-69.9092848984,-68.5244719535,-68.5306167798,-75.4873910732,-63.7706358733,-74.256823184,-85.2666223718,-78.3603425808,-82.2629778186,-80.0498854957,-63.6978576826,-83.6462354036,-69.0801201296,-81.5855317883,-69.1230264295,-78.441135517,-68.809401784,-68.1888535958,-66.2468752483,-75.6261582116,-85.4410860876,-78.8980391755,-70.2402406991,-75.9208340922,-71.9915678824,-67.8615470892,-62.2663643747,-78.0468159895,-66.2233774001,-67.087157964,-91.6602699166,-72.8338531455,-67.193168477,-68.3015819827,-76.8287146883]}}