{"Tau":{"0":7943.282347243},"Kappa":{"0":10},"Positive hit":{"0":26},"Model0 ll":{"0":[-121.5358754661,-160.6741021419,-114.1132465109,-112.8068704237,-121.4357230782,-124.5546026714,-120.4304503328,-118.8455338655,-122.8426569716,-114.4801532405,-108.0670562006,-119.6664334596,-142.2831852374,-127.8389484738,-144.677061951,-124.1271933316,-110.5674097192,-110.7215249739,-190.8904178989,-126.5804929703,-117.387870961,-113.7942925977,-130.2107101598,-141.0585769881,-133.606608298,-148.8187798276,-120.0429186806,-124.0088753351,-120.9996962783,-113.2993511464,-123.1664368691,-134.1791018523,-117.1972591139,-142.7993976045,-115.7458712664,-127.1723361867,-107.806602027,-111.6942601505,-116.4965430767,-119.8540254799,-144.186041052,-129.5575860685,-109.1780423461,-108.8291596849,-115.8070929195,-128.552603189,-127.4181192998,-112.9606186751,-119.1860519622,-123.1043084285,-130.1767579715,-133.3848010897,-137.1921829337,-151.8981738866,-123.5791212382,-132.7903535381,-148.7605424138,-114.9553203699,-122.1281091208,-115.1468749713,-129.9828530601,-121.520185371,-113.1568224799,-144.2071921902,-127.6338074067,-147.2909905312,-136.5819413039,-131.6950478626,-136.4742573955,-134.7301127601,-122.6507446372,-109.064145083,-143.9173892385,-120.1397825677,-128.1406793729,-121.7064075371,-104.4918463202,-112.7601153321,-110.9835031992,-134.3217679236,-124.8261662888,-127.726162663,-106.7604635653,-114.6167914555,-122.0254296608,-126.2380055132,-121.9212665528,-121.6410026376,-128.0376625743,-118.542129013,-113.0331571852,-125.8807733914,-120.7049768908,-138.9199985578,-118.0845457787,-134.2544084231,-121.0836581958,-124.5439226765,-129.1676351998,-111.9336241975]},"Model1 ll":{"0":[-117.0152287081,-155.9621428209,-110.8670301472,-112.8414772426,-121.7106607958,-124.7800842495,-118.8606569874,-118.6710029799,-122.2734213885,-114.5564996977,-108.1817920847,-114.3358680449,-142.3046402698,-118.4505903233,-144.6770619511,-123.7181365026,-105.7348177785,-110.9738659763,-119.9564808528,-125.4394465178,-114.8344582029,-113.6454773599,-130.4445359692,-141.1569909575,-131.6045042374,-148.7834907062,-120.0435168821,-122.3987422299,-121.3799468345,-111.470289651,-122.016273413,-134.2663790025,-117.1352350908,-142.971730361,-115.9318048469,-125.5050124322,-107.8158299982,-111.8033611949,-116.7931071146,-120.0763633571,-144.2138546302,-116.4036282972,-106.4924897223,-106.9273633338,-115.8070940626,-127.5908885708,-125.0864817608,-105.0933305621,-117.5760787505,-122.3852260367,-130.1767610277,-133.5013620373,-126.6072439334,-136.7961321875,-122.2581800262,-125.4618628622,-148.7605469189,-114.9552498101,-122.1281099172,-114.8465410934,-129.9810481875,-121.7236987684,-113.1568229305,-144.2071934032,-127.6338086583,-147.2909905311,-136.9325318381,-129.7336815662,-136.6485361777,-124.7651016757,-122.7928229029,-109.0641455299,-142.690049381,-120.3924109176,-124.6088901354,-121.8705208785,-104.49184147,-112.2095532727,-107.8941982108,-125.4925906052,-124.826167241,-121.3938724631,-106.7604647191,-114.618542884,-122.0254329943,-124.9668210386,-121.9045620028,-121.6410026376,-121.6715108798,-118.6449298328,-109.8960222513,-118.1450949898,-121.1015056832,-138.7237610575,-116.948528124,-134.3586337574,-117.4365249722,-122.9235037418,-129.0904099657,-111.9336265222]}}