{"Tau":{"0":0.0039810717},"Kappa":{"0":10},"Positive hit":{"0":69},"Model0 ll":{"0":[-174.2092561732,-121.6136734407,-122.3951563276,-137.3783455078,-121.9742523151,-119.1677535159,-139.4348123792,-123.0954138632,-114.4079006138,-160.2311965499,-142.9961873263,-165.8186532982,-126.1612308091,-151.2013730248,-125.12264114,-129.7144763281,-166.7925585429,-165.6888838653,-146.9149305349,-131.3148994,-116.6513620712,-162.255843685,-140.0480054338,-124.0372760439,-160.6068627013,-142.3387295975,-124.7674989391,-172.4247948651,-149.5016017257,-139.3066795454,-151.2127943633,-158.7906155841,-139.6091010066,-130.1364860627,-160.311883258,-143.6175117747,-135.2659919972,-131.7364410619,-147.2567688619,-227.8693879807,-123.9998308181,-163.8345125758,-124.5843448179,-137.0361497027,-123.6545495167,-128.558600059,-149.8557056944,-497.8421487201,-163.4406235476,-131.9466089619,-373.5416104479,-126.1090485241,-131.3097854166,-194.4865734209,-131.8139926951,-144.6350376738,-157.2046127875,-144.2610883696,-186.5301494357,-151.7414939233,-125.7081134278,-135.3054170715,-143.052138526,-130.2424949673,-130.6455369976,-118.7100475108,-148.370916004,-153.1585069025,-123.1213459009,-121.9073975328,-121.940651233,-165.0035642115,-138.7865582804,-141.814102057,-121.9077722924,-152.6645986751,-126.1586089432,-138.9214648359,-384.9491777452,-150.494963192,-146.0091756321,-154.8530495585,-127.9744463208,-127.4634013594,-151.5633981408,-140.2244276607,-187.039687434,-135.9650095362,-127.8419172932,-139.3698373856,-139.764944994,-145.2138234105,-138.8554611829,-133.8498036088,-145.4978291835,-380.3988399178,-124.8769630452,-119.8422693853,-136.4364681997,-156.9885583609]},"Model1 ll":{"0":[-120.1391963112,-121.6138132819,-120.3273479243,-129.2338572186,-118.0342610785,-118.2202874079,-138.9941794287,-119.9275889709,-112.3694411193,-128.779539368,-124.5314889648,-130.6265938361,-123.7958729629,-139.1072729263,-123.9715183318,-123.7456392579,-126.4122823181,-165.6888851093,-124.8875609614,-130.7544741006,-115.3196718497,-141.0249564092,-127.5087262052,-124.2079552949,-125.9605923543,-142.4213883958,-117.1584704553,-139.8477758363,-141.4873145634,-139.8231001056,-134.4252305727,-140.7540867251,-139.6091010065,-129.9437997472,-140.2611259543,-124.6804637231,-135.2659943308,-129.3141212831,-146.9770918215,-140.977754904,-123.9610923249,-164.431188072,-124.7027120473,-117.1211151523,-123.1340145903,-123.5244232002,-132.421130239,-140.799458761,-131.1681626266,-127.9649021154,-162.6808580993,-119.3496791024,-127.9424302386,-122.3542057842,-117.1163947899,-131.1108304243,-144.2000550168,-137.0902966384,-149.5516329253,-119.887424245,-121.8400147369,-130.3593651901,-126.4082942241,-119.9610863494,-130.6455371197,-114.2597425369,-133.0989608856,-125.8954616307,-123.2042005451,-120.3338222061,-122.0603719477,-127.5307078069,-119.7488008465,-141.8141082402,-121.5089133519,-145.0026351156,-126.1816997705,-134.223152087,-155.8952815178,-123.1635287743,-137.9065693392,-128.8111507683,-126.4825059326,-127.1582551803,-133.9095584558,-126.4960506943,-152.1853558435,-127.2243898265,-125.4713939949,-130.1065625806,-139.3754657968,-145.2080117101,-115.1264875296,-127.7941071433,-121.3176204764,-121.776887123,-124.8769646747,-118.0703145448,-132.9498881385,-129.5965381312]}}