{"Tau":{"0":251.188643151},"Kappa":{"0":10},"Positive hit":{"0":29},"Model0 ll":{"0":[-111.3971240815,-114.5996997062,-112.7807662119,-131.7258651908,-128.3149191261,-112.4078994007,-125.0571922578,-114.3496967457,-132.1291654314,-126.6037590943,-112.009347133,-134.2532854747,-138.549104867,-110.1112109363,-112.2110517642,-117.2055486665,-117.6931100602,-144.9849038601,-125.5044398858,-117.477208304,-138.0801205075,-134.8045929349,-144.881176763,-129.8238506603,-115.2301367903,-128.2126626708,-114.5236004622,-118.4737909603,-126.434717741,-126.2741624429,-122.0165612277,-133.0400265631,-120.6388178348,-110.0402493045,-127.2928067808,-130.6039203819,-128.9542260933,-142.7782431679,-124.4589920009,-116.2265467194,-139.7796172846,-194.9856495346,-124.289342121,-121.1357882128,-113.1831450938,-142.0283427575,-106.5267952654,-117.8613536082,-112.4823851703,-125.8678488767,-120.5304747608,-111.8514355556,-124.4156705341,-108.4211714219,-132.7424765944,-114.9738935034,-119.1796598307,-121.9326597976,-144.5211729867,-145.6350462816,-124.869953362,-127.0456112983,-112.8628082057,-149.1447772234,-125.5725156997,-119.9299267348,-113.9118480551,-127.0402468996,-151.2147272585,-116.2640959983,-129.1493594238,-119.0763068784,-136.1863611728,-133.8372782652,-115.0717037541,-141.395412743,-145.1619569406,-160.7133665656,-130.0286456872,-117.7314580825,-130.4660483632,-112.3218701464,-118.6666901383,-125.2034879598,-129.7174613735,-127.4857373614,-130.1427894626,-107.4982517356,-123.9540632938,-125.5848885224,-145.2737332292,-116.1433895006,-130.6625892921,-120.2719196209,-123.0909585967,-124.5228821943,-110.5896136149,-127.2187633485,-114.9034880914,-113.9295283251]},"Model1 ll":{"0":[-110.3917344535,-110.9890705131,-111.5192729042,-129.1997231166,-128.67987715,-112.6134355896,-125.2202734636,-114.4655769594,-132.1291683123,-125.1574347204,-105.5017654945,-134.2532890735,-116.6013087343,-108.4255838164,-111.6558235336,-117.4219865554,-117.8709194643,-129.1647738597,-125.501153,-115.2062525892,-135.9816291943,-134.8145247951,-144.9104123617,-130.2066486322,-114.0307633568,-128.3165151008,-114.0129760094,-118.4419096886,-115.8351104791,-125.9817861095,-117.1313104204,-131.0515875366,-120.6402259513,-110.0072906873,-127.678000275,-128.8404834766,-128.9476139777,-142.7829430617,-121.9527325115,-112.4670095873,-139.7997216201,-140.5264245383,-123.4299300439,-121.1814703165,-108.9260431791,-106.472556805,-105.7647953321,-117.8587542316,-112.5140525895,-126.1158224903,-117.2787290859,-112.0667449261,-118.099645244,-108.4237048327,-131.9256334701,-113.7301331508,-116.1114489572,-106.6563584779,-115.7338245217,-145.2455589256,-122.6826518021,-124.8744114006,-113.0159136515,-149.4597937722,-125.4402071371,-119.6093472453,-113.756558685,-126.4069510099,-150.666606083,-115.3433790751,-129.1493624035,-119.1955388171,-136.7619755253,-133.8372794174,-115.0096729529,-125.2989437709,-107.7960294855,-145.6270149934,-122.0468726922,-117.5390342602,-124.8901899071,-112.2894707397,-118.5856790408,-123.2927679521,-128.3616487036,-127.7278973947,-130.1427904013,-107.5292639606,-123.9488149931,-124.3884126597,-143.8556516523,-114.6950508859,-129.6312558963,-120.6207317936,-123.1469035936,-121.0509012468,-110.7948406827,-118.139002997,-114.9638192376,-113.9295298017]}}