{"Tau":{"0":0.0630957344},"Kappa":{"0":10},"Positive hit":{"0":74},"Model0 ll":{"0":[-102.7105293868,-95.5541760568,-80.5634120427,-98.6556726206,-73.8990133491,-66.2164229458,-71.789350577,-74.6638302946,-107.6441673867,-84.9943757337,-85.8564249186,-72.2183491599,-96.4169217258,-70.9107134505,-88.4733188268,-68.2909292009,-104.7730064555,-114.5442773945,-81.0534533421,-82.5405260364,-143.4610302793,-107.1187995128,-93.143670991,-87.7410642282,-75.1822702987,-95.4627223604,-114.3706335783,-98.8542699361,-90.3986747738,-83.0804320459,-67.0966917945,-79.7545249983,-94.0133303076,-81.7695526718,-81.5671060913,-88.0192069889,-84.1708271255,-98.6426860131,-80.9160950521,-93.4318377205,-116.4769243402,-166.0883906541,-96.4861218676,-87.7051920674,-70.3795042463,-104.4620667889,-103.1682853241,-75.2970598621,-82.7413862336,-89.996340616,-88.5162917291,-105.0620823469,-72.2193027611,-71.6860291933,-72.0715049667,-71.8485007422,-94.1887168026,-65.86467593,-76.9083525599,-80.2950194281,-110.8263273397,-68.9704442175,-80.0085427026,-87.633821102,-71.1259109167,-75.8768665414,-84.4366484487,-85.3367775328,-88.4855792147,-80.7654394645,-82.2682827112,-70.2084659772,-98.5076488422,-77.87717267,-112.411376341,-100.2251626187,-71.6175906516,-72.7769273311,-92.1874557342,-104.076185472,-81.1391508651,-81.2172311985,-76.6672537607,-82.0355432819,-86.8006742653,-75.5150132786,-80.1330876635,-94.1620128106,-126.3227459619,-66.27671357,-93.9985683514,-71.0393777714,-89.2282050131,-75.9893476053,-68.0630201822,-86.3980072971,-76.7707828105,-91.1782980748,-86.202465057,-86.0369836444]},"Model1 ll":{"0":[-71.5557855614,-88.3077081598,-76.128407299,-82.3028752018,-72.1440311831,-65.1069815165,-68.6211829484,-74.6638382907,-100.6691413384,-84.5473561347,-74.1934109947,-72.2371317004,-80.3918654617,-70.8152474236,-82.0646144103,-68.2938536462,-89.476761144,-91.5017554505,-75.9936417904,-73.7092768696,-119.6611178477,-90.4424923324,-87.6352030934,-81.4733757112,-74.3960610485,-90.1877596869,-98.3068175174,-91.0669699472,-72.8152872301,-78.5078228592,-63.1268116137,-79.234876066,-85.7592450668,-67.2936995835,-81.5687763254,-75.3157477482,-71.8097781902,-83.5232599939,-78.0854192035,-70.8166449901,-100.3697597012,-109.8800579937,-87.0234643034,-87.2395724477,-69.9908645119,-79.9824893669,-95.550404015,-75.2627932711,-64.8116757834,-81.700337972,-88.1618331272,-88.3079504739,-67.5526375349,-69.3721966063,-72.0715511917,-69.2494208759,-80.5113330408,-64.180719317,-76.8507167365,-77.8647295141,-89.4733404874,-67.6390629547,-74.969837871,-73.1307337895,-71.1380344918,-68.6838565348,-77.4129143397,-76.2983677512,-76.0000342556,-80.6307322357,-68.7504865346,-68.0933992346,-90.9413519963,-76.3580045617,-102.0214946818,-81.8196804952,-68.8459841334,-72.5851243299,-83.7977150698,-80.8736483075,-79.5652476489,-81.2168261808,-71.4309873585,-76.4484415048,-78.6013944065,-73.5095027404,-73.1321659216,-89.9216142147,-120.2682958576,-62.9938507927,-83.6758981012,-70.1658617518,-83.1276794735,-73.9790742517,-67.4966672337,-66.4411679119,-68.1519437642,-87.2051879583,-79.9208930161,-82.4994980862]}}