Tau	Kappa	Positive hit	Model0 ll	Model1 ll
1.0046157902783952	10	3	[-7208.148809219956, -7784.660959177194, -8048.938278198177]	[-279.890254728316, -156.49597587785502, -206.37967525346176]
