{"Tau":{"0":1.2589254118},"Kappa":{"0":10},"Positive hit":{"0":100},"Model0 ll":{"0":[-304.1893152602,-180.2134374288,-431.8341172974,-252.4712306294,-216.3098287416,-177.3907173572,-136.0354511026,-224.0303672595,-205.8014024782,-276.6721528659,-283.8836031309,-314.853939562,-228.1526048842,-239.7510353836,-142.4812124508,-328.9125049557,-291.8313310197,-153.5304077792,-233.7520649651,-261.7266087746,-195.4596807982,-187.0226749726,-263.5865453043,-189.0078458979,-280.5028597228,-189.4299320824,-235.563266494,-187.2423613483,-188.6004569513,-252.238818721,-343.010876152,-235.9401483099,-221.6464855205,-288.6120029763,-145.389081806,-187.3754595057,-231.3970992718,-181.3473602626,-238.7224777325,-453.6207474834,-228.6344193228,-219.3056395958,-228.75675622,-399.6157462917,-172.5374576449,-139.8100237384,-279.8790852825,-169.2896594895,-189.2229530866,-278.4162546247,-146.6983947154,-203.5626919182,-250.8331545644,-214.0820343505,-221.432337316,-326.6895088491,-326.3346330683,-162.4715978337,-289.1340714092,-195.3334814345,-255.0579707806,-178.9209532862,-221.4151640645,-271.7211498772,-182.7572205048,-262.7816593556,-312.7626759183,-197.5095961209,-210.0160612833,-218.1860521761,-226.0745500022,-242.360238711,-210.0577933961,-143.3203074455,-115.1507890087,-222.6420562417,-149.8221481382,-226.9158707703,-380.5731973283,-145.4763467217,-192.7378418451,-230.452116721,-214.8180048825,-265.5779666776,-175.6405981241,-412.7098039718,-137.038214363,-216.4402390737,-355.0299869637,-410.1321863087,-206.9517386299,-203.1529598321,-216.4054377021,-214.9089859857,-187.6607328738,-150.2327508468,-232.6780349989,-245.0601991891,-140.9275618985,-199.1508552662]},"Model1 ll":{"0":[-209.249573976,-117.7394377922,-284.3412994087,-143.1494756522,-152.8088787617,-106.9561950004,-84.0073910106,-102.5282375538,-111.2822574382,-175.8459441612,-178.9859453946,-168.4429331564,-140.6214821802,-161.6635005522,-84.2629894509,-195.7072163944,-155.8492975411,-101.0633084494,-116.7675434105,-168.7372412749,-159.6447948335,-112.2997185768,-149.7045568602,-125.2852061493,-168.2149705707,-112.6753229858,-135.3351228354,-98.9168746909,-140.727222832,-184.1284068837,-236.0631134318,-145.0539892405,-129.9385757675,-163.2925351767,-89.8807030016,-106.7540200349,-128.4261239473,-91.2039375868,-128.7626644685,-371.8552898542,-163.3435569343,-141.0291266591,-113.1874202539,-303.3569631563,-112.2657802269,-100.1551727436,-170.1212740973,-140.2175275103,-75.824062801,-178.7550968105,-92.352328434,-168.8105494865,-129.2352652716,-156.0328771994,-127.9484382054,-190.3949049002,-174.5283423793,-115.3276285911,-200.4181943173,-146.7686554184,-206.0108520859,-102.8015958396,-120.1041155156,-160.8431705827,-130.9122281604,-163.8990958687,-151.5112031734,-108.3790651011,-120.2282676798,-129.5436147849,-125.0831637279,-118.3151570132,-132.8824457801,-95.8562080993,-99.6135027499,-126.021167754,-109.2503610132,-150.0983022735,-205.6344496474,-86.7122849959,-140.0784378095,-153.1029201901,-124.9725715469,-154.9624995703,-113.9882218544,-265.1749593025,-91.4044044142,-153.2551330337,-219.7728171187,-272.5206591851,-141.3805724528,-103.1140286546,-112.6984465035,-125.1232480232,-119.8698928994,-98.956790852,-136.2022886017,-155.3743252616,-99.523553502,-135.8651787176]}}