{"Tau":{"0":0.0019952623},"Kappa":{"0":10},"Positive hit":{"0":26},"Model0 ll":{"0":[-79.6341246395,-76.7838633402,-84.3291517512,-84.1365528997,-88.0294574464,-74.5134528065,-148.6711855235,-72.4852671086,-71.9117209931,-69.37274737,-66.6029255057,-72.5307873672,-70.3157883779,-72.4337533198,-67.3593425997,-67.869675257,-73.8983386669,-85.0032774969,-74.7873913031,-76.4332079362,-67.2913174567,-75.7238448329,-87.681436845,-77.2843172573,-75.7564176606,-68.6728201184,-73.5753948741,-65.2266551986,-82.9100750527,-105.5178235392,-76.5972775179,-89.8578740288,-64.6171259767,-82.8269401302,-83.0854970774,-73.1395852525,-67.5310150319,-68.4322818992,-78.4387123631,-71.2386235168,-73.7888176794,-80.653337967,-75.970904528,-76.6967531571,-71.9537536978,-76.5605226551,-73.9884790489,-85.2044456233,-71.5861481899,-74.7849969566,-59.6108095818,-73.6543721096,-74.4454253892,-80.5812358144,-78.7262314763,-62.2359343221,-108.6121613898,-81.5182800657,-77.3281179527,-77.033687274,-72.151290847,-75.2488340889,-101.4750588612,-64.6417474271,-92.5020516616,-69.8372089785,-67.3283094415,-72.9449889779,-77.5502644714,-75.5799311316,-95.2691807986,-66.6570406444,-62.9013492081,-71.1901008373,-86.2099108844,-85.5820242243,-61.6133741121,-68.3147050322,-68.7210364294,-74.3977457598,-86.436943884,-86.3996775949,-58.3681845935,-66.2561849619,-70.4544730866,-79.6067164028,-74.5500367298,-65.8719655266,-70.2449216402,-97.6337565901,-96.7388733909,-69.9231217127,-64.2358897323,-97.1866928112,-69.9781763604,-77.2833626319,-108.0432769065,-72.9841635633,-66.3322254024,-66.499579454]},"Model1 ll":{"0":[-79.6496626049,-71.9583039699,-67.9803644126,-83.9171050779,-87.6310518389,-74.5170117999,-139.350333289,-72.4893092759,-71.9154788945,-69.0122258227,-64.2792975101,-72.5308193867,-70.3200743216,-72.4379153307,-67.3593428494,-66.5627470374,-73.8422902352,-82.6259425583,-74.7298842696,-76.441146744,-67.0462768022,-74.056017931,-85.9627718401,-76.4321306595,-75.7796639225,-68.6728203755,-72.6013225114,-65.2266553767,-81.4572402231,-98.1480867683,-76.6286109568,-85.7063293761,-63.7291786183,-82.8410855612,-82.1196338596,-73.1395854832,-67.2892117651,-67.373041903,-78.4387169891,-71.2564981321,-70.6443453491,-80.6656409419,-71.1723196385,-75.7721844922,-70.8476642796,-73.0162340058,-73.442267784,-75.278833349,-69.3200394343,-74.2391235234,-59.5888153363,-68.7924552812,-74.4454255335,-79.5646949635,-75.4401212825,-61.7584000657,-92.6195315492,-81.5182803423,-74.4246645719,-76.6003109738,-72.1803538742,-74.2404518128,-101.4750588651,-62.414721049,-85.4512469208,-69.8335550521,-65.8301754833,-72.8597815209,-75.1997536558,-75.5799312133,-86.5935614358,-66.6570406445,-62.3734516232,-71.0669260088,-82.4967548602,-83.3621715821,-61.4715403811,-67.9027967161,-68.6810876714,-68.606403957,-85.4453043007,-85.9764323813,-58.2404913815,-66.2561868061,-69.9589020509,-79.6067164028,-67.9518310521,-65.895810203,-70.2449870684,-84.7299399096,-96.6876961603,-69.9345469365,-64.248065709,-97.2321465509,-69.9781763948,-76.909306164,-102.8142316153,-72.9841636251,-66.2655287568,-65.6259312511]}}