{"Tau":{"0":10.0},"Kappa":{"0":10},"Positive hit":{"0":100},"Model0 ll":{"0":[-325.1530677167,-215.3936233533,-265.9276998564,-220.2039812251,-196.6201273624,-267.8038206927,-267.1857895645,-239.7730120476,-201.402140606,-282.1228134998,-210.6375770174,-213.8289935478,-239.5179148387,-198.3115385741,-203.73448898,-192.5767921045,-223.0492392172,-221.5679865539,-230.1187090068,-204.5556660303,-190.9622109556,-209.3059338711,-243.9782072991,-196.0279823743,-234.4298044417,-205.2008639469,-272.1305197506,-235.596623585,-258.9720873101,-181.3740975252,-260.6909339861,-214.9924118456,-251.5283129814,-310.1094127387,-190.605840286,-186.5035103635,-226.3794218261,-229.4726767122,-223.3740513386,-221.7949947976,-227.4121801309,-229.8835050254,-201.732986485,-217.5328082414,-228.2693574862,-155.5847812588,-232.0199347378,-156.5950872153,-213.6223775292,-199.0150202753,-222.3751222338,-227.5184001296,-227.1085112081,-245.9658230796,-223.468174578,-211.6556850014,-225.437990489,-280.6309028494,-256.0620271574,-270.9155435137,-161.051482187,-229.7141600946,-264.3497690499,-235.0101908519,-202.6651420975,-318.690701726,-177.6811034941,-191.2175379157,-214.2242398855,-221.2320840873,-237.9177095755,-230.5762696747,-266.4958305919,-251.0231679694,-257.4407760173,-196.849805463,-269.1953501907,-217.295924097,-217.3293998086,-170.8690048165,-186.970700352,-251.9999308155,-227.9678640537,-166.0032131379,-194.5655522014,-221.9408439021,-241.4222851243,-216.2143698558,-238.823546372,-207.9296371255,-252.5119932302,-232.7725949494,-271.5369467605,-201.4946110609,-234.2701275041,-196.5293595938,-263.5102272418,-200.0708126176,-192.6097474621,-185.1955050654]},"Model1 ll":{"0":[-144.1730475824,-120.7166279435,-154.6101936062,-136.6729221584,-122.3339363656,-117.3943817703,-159.0984330172,-124.4872499452,-120.492889069,-158.4024951174,-121.953952637,-119.6018239542,-123.054545575,-126.977861473,-126.4132196666,-114.0616243003,-138.6293291206,-124.5191088863,-119.1557471474,-114.2211078517,-115.4603180476,-110.4131767897,-124.8852659022,-128.2521452197,-120.1290603303,-111.4641175672,-141.8546196225,-115.3079056438,-136.4692682094,-111.9510582088,-135.5512159949,-127.9020127286,-135.9388812541,-149.9445297963,-105.3730691346,-128.4262946338,-128.5800524563,-117.8550164134,-114.8274190192,-129.5038963543,-117.5012214795,-124.2469145291,-118.1376648034,-123.9866094194,-118.1266957764,-117.6448459896,-128.615999329,-130.3867232806,-131.9456169911,-128.1716214663,-120.9113809326,-133.8043812014,-128.1544339985,-127.9985284525,-144.4304677776,-118.8484473289,-147.7974289063,-146.970762031,-132.2702321879,-127.7245259855,-112.1301981387,-135.2668488691,-117.9850881486,-149.0616564862,-118.3083988538,-171.9663527832,-110.610520711,-129.4416423635,-116.4316114467,-132.4162432659,-120.6811577355,-124.6213038126,-141.5028718819,-145.1432743089,-131.835471089,-126.4501400795,-131.3706342648,-130.1558183351,-123.0829346065,-124.7980991264,-141.0189449519,-142.1414254117,-119.6574483867,-121.1970109753,-124.3567975157,-112.6443038255,-130.6349816337,-116.1441463968,-146.9415316267,-145.1550724824,-116.9823416761,-129.5841764586,-128.2739494464,-130.0249425747,-145.2914812631,-120.1343755247,-149.7734554809,-133.8764025868,-144.3761288922,-138.1555480832]}}