{"Tau":{"0":0.0794328235},"Kappa":{"0":10},"Positive hit":{"0":84},"Model0 ll":{"0":[-106.4338187119,-116.756840989,-92.3432616918,-133.039082243,-86.0165186035,-119.1269374752,-86.4775520898,-108.8721089797,-71.4708440234,-111.4389752589,-107.1747351791,-75.3951466985,-87.0821614367,-110.9834404886,-103.1817332012,-91.094831848,-104.3843763403,-83.6807020465,-86.3094017702,-83.9748054953,-143.6780492944,-79.8655175856,-90.58198646,-105.0432634267,-87.8994169653,-75.8833218044,-82.2715524856,-87.7982886345,-73.1692818727,-91.1205932181,-84.7561332764,-97.0610461222,-78.2921616338,-77.2675733346,-77.951711669,-73.4423042119,-77.835437997,-85.9259560502,-90.408854258,-77.9787391237,-122.508878161,-84.8038255402,-79.03510295,-81.7513038866,-86.852461796,-74.227928538,-108.2315308312,-134.0921455504,-64.7199393652,-94.0334278113,-88.7919418207,-81.350307384,-72.655921494,-95.6151609596,-71.851345441,-116.1903340644,-103.5445764476,-90.3667398557,-175.4826722982,-77.9159961982,-127.8291078757,-104.7923254411,-99.0752648697,-185.0267477594,-63.778678264,-89.728435172,-72.8956678106,-99.9813461072,-78.9905859163,-93.2693148657,-87.7711371099,-76.2578358772,-81.1015931827,-96.8418289499,-148.2062887636,-94.0047296537,-93.7545347206,-65.7242354768,-123.6216603895,-66.2308394111,-81.8931252344,-101.0252571283,-81.3542894368,-110.3623875882,-121.6961948701,-78.1127002723,-91.5768787403,-86.6767397431,-90.6644624965,-83.6628531414,-97.9146050068,-101.0004607319,-118.3207688397,-133.1636314788,-80.4292760925,-88.3654599196,-88.7113184306,-102.8598361205,-116.3089862614,-125.7191020106]},"Model1 ll":{"0":[-90.4976678402,-106.8081756468,-75.6571202081,-100.5845637172,-73.4384609732,-87.2849425983,-83.3033726557,-96.52289082,-71.3375831733,-74.0112219056,-87.9125940421,-75.1767580268,-84.5084850213,-103.1082409121,-89.9943931415,-80.629620758,-86.3400654102,-71.3681293907,-83.5575477173,-83.5017585655,-92.1448004621,-78.9779768035,-72.4179192399,-87.6069008123,-82.8092364341,-73.7091600466,-71.5581361108,-73.3974153098,-73.0618508048,-76.683228799,-82.7020325505,-66.9843064,-65.4096910935,-71.6394320873,-69.2902243779,-64.7249672502,-76.207699142,-79.140823263,-82.0972792685,-71.9245840162,-85.3147774432,-79.2933450532,-78.3289943333,-80.3309492905,-78.2079712024,-74.2279817275,-86.3719112497,-91.7313421834,-64.128720166,-88.7674374986,-73.0296957944,-81.1057102929,-69.8767361769,-87.9357657557,-69.9033953201,-94.295005216,-96.1002594379,-84.4122637018,-141.1191269058,-72.4245914317,-78.3405803199,-73.8988562171,-90.3304716902,-122.0391376777,-59.8636237648,-88.8161287728,-71.4443376189,-72.9010115425,-76.5184978428,-83.5411509573,-75.3392460647,-71.124221864,-73.9570755141,-90.5641722088,-124.5716965876,-82.3322582929,-80.1070561447,-64.0292146218,-90.7601300758,-58.1980296225,-81.6528022198,-91.2798677593,-78.7260630919,-82.9746037829,-94.8460039857,-69.6663061462,-89.075010493,-72.5493306954,-74.8012539202,-78.2481039302,-92.3368999516,-89.7334859118,-99.8705772033,-114.5482680071,-73.5176283152,-81.226894691,-88.2021286034,-88.9427744287,-100.5928232543,-109.0955681592]}}