{"Tau":{"0":12.5892541179},"Kappa":{"0":10},"Positive hit":{"0":52},"Model0 ll":{"0":[-117.0422990669,-126.1045186543,-157.6551137422,-106.1594325416,-157.6818854195,-119.4750086219,-99.7960300258,-137.7883269894,-129.7477828956,-111.5624533441,-116.8399194242,-130.909803445,-114.0900569763,-133.7645980907,-122.4445838726,-117.2193297803,-116.4202874662,-106.6574749798,-125.7618847264,-105.0495823898,-130.5834962904,-99.2892400431,-114.3271377177,-110.2301627985,-127.2833376506,-112.0430924766,-109.246263677,-107.4238715195,-104.3869578214,-103.4849585174,-115.7360126092,-133.5211602053,-132.1333245056,-113.1962947328,-98.15940638,-135.4436884677,-110.7272253523,-117.3013882137,-100.3910927789,-102.3537513541,-121.5431047637,-120.4452497238,-131.7639081792,-124.2381825351,-122.0520800456,-117.5240055017,-100.0710817555,-147.3175979091,-120.4133289359,-117.4087207323,-104.5504758657,-121.6144854692,-106.784123783,-108.0758468252,-125.2565245712,-130.345151829,-103.5070559498,-110.0175840684,-125.053540505,-117.7335075271,-139.3730062406,-118.7548452046,-106.074780233,-110.5730047364,-122.4017722307,-164.9336498975,-116.2001602839,-100.7009218531,-134.8122108829,-105.502355671,-98.5573133055,-94.0229946893,-112.4225104343,-120.5024642257,-115.5438198093,-114.8975787749,-120.52865639,-102.6302261244,-130.9172586239,-128.5777307275,-107.3052088379,-113.9924721166,-108.7999885655,-115.4278982046,-109.955445779,-111.7324721427,-106.4850324152,-101.8223722603,-117.1013209949,-106.3759526709,-111.068918921,-100.7699795115,-126.3788368733,-105.2482942612,-118.4013188541,-125.2030820881,-133.6149602736,-125.6481225785,-127.6723563421,-114.0602206417]},"Model1 ll":{"0":[-107.9002751223,-125.0418114745,-156.2565405438,-97.4484899059,-114.0088789044,-104.4603623966,-99.0484041948,-136.2009959626,-129.7477839304,-110.8698538356,-115.4909783267,-129.4708667065,-109.5416599396,-129.7388490227,-122.4594297089,-117.0661932876,-115.556050925,-103.1366639898,-112.5400795869,-100.5851757674,-129.7784365655,-99.2892399257,-104.5240246907,-108.273099826,-97.1815770805,-101.4307668421,-106.5651646798,-106.0812852514,-103.2861803587,-102.1617700771,-106.7781831141,-111.789415722,-112.8710481707,-112.3056775624,-98.2876230692,-117.0979586384,-108.196429316,-116.949590177,-100.3890593086,-98.0401396923,-121.7754632782,-113.2257978319,-131.7617739275,-124.2381849893,-121.6757670419,-117.5371787904,-96.0232952792,-142.8227720617,-115.2576362476,-115.4886353864,-103.8283414143,-121.7264377918,-104.740440962,-108.0484713161,-125.2522631798,-124.8603482896,-102.7194557469,-110.0175850414,-117.5262446518,-106.0784231283,-132.5360397896,-113.4792468498,-102.7813171462,-110.5780138054,-118.5107947896,-116.7363941386,-99.095399231,-99.4149405592,-127.4915861528,-100.4016080742,-98.5573493259,-94.0232472666,-109.6073318743,-119.8409541231,-114.963306551,-113.0310034047,-119.5925643384,-99.8568782739,-126.9569471638,-111.3993064165,-107.244988204,-112.6214755149,-104.257453473,-100.5213168992,-101.806173809,-105.5934075634,-105.4540546835,-100.0836092435,-117.1013227994,-101.2370939265,-111.2217161431,-99.899792297,-126.4902609971,-100.186920137,-114.1415826281,-122.2554453291,-129.0571936565,-109.4341799904,-117.3744037174,-106.2417727961]}}