{"Tau":{"0":0.0001995262},"Kappa":{"0":10},"Positive hit":{"0":29},"Model0 ll":{"0":[-129.1615761686,-117.3014189216,-133.7652636527,-131.0193600234,-136.6499778552,-140.3334399889,-133.9690173994,-136.8960377337,-146.7581202254,-125.3175919293,-158.7830626044,-124.8622025085,-130.6880010493,-134.2008251758,-140.7216542521,-132.8644516328,-141.900472746,-138.9002531454,-129.9333276992,-187.2178913932,-140.0511599031,-126.6136691717,-132.4934197585,-127.5626592158,-131.858639055,-119.1598337613,-129.9671939762,-128.9242462188,-145.0540978236,-131.5690499789,-125.5559687807,-132.5526933229,-131.1582069902,-135.1925355624,-149.6890116928,-134.5427323299,-122.521134103,-157.4264838643,-123.1185055404,-135.2725001433,-119.5871854623,-129.0579478392,-142.7303706657,-123.4889507217,-139.2928488886,-144.0196607932,-126.8730629425,-143.9441739727,-126.6869938238,-125.6420728749,-131.2403912243,-129.0488438325,-120.8194201704,-126.4043411167,-142.5936947867,-137.7212976135,-143.9109873033,-140.4302126768,-143.3439208228,-139.6798428902,-146.9351386945,-125.4353723888,-123.001112027,-141.5401143978,-124.0538396141,-122.6415412913,-135.3539191868,-128.4382416796,-127.6099817716,-132.6087911058,-119.4116393104,-158.5718299398,-129.9037220015,-130.0137383929,-131.8526653223,-122.1450855731,-135.9186000482,-143.6885345481,-132.2275928159,-143.1168759056,-138.8398390926,-129.1112622894,-132.1628006154,-140.4692128059,-126.9290258911,-131.9695558975,-128.4989087162,-132.2849893537,-122.3229620366,-124.9708936937,-137.2067015926,-144.7012985131,-138.3898176042,-135.5583728735,-124.4446863661,-132.1737495955,-119.0059796949,-116.8610382714,-138.5007945911,-141.2053504157]},"Model1 ll":{"0":[-129.0980812587,-116.5587030347,-132.2987646875,-131.0209342932,-124.5717287188,-127.7819587962,-129.3334581713,-137.5554309073,-146.9472586743,-123.9399060503,-158.6992384278,-125.0292512341,-126.8811498426,-133.7075407879,-137.4481465766,-133.171605307,-141.9199141526,-127.5695096021,-130.4507435385,-146.7866636371,-129.7565339248,-126.5373432894,-126.4673893718,-118.5924433653,-132.1311166557,-119.1599208034,-130.1472860515,-129.3078311202,-139.6112289109,-127.0563756223,-124.6404662476,-130.4312066034,-130.1422433968,-129.0096234925,-149.7372392262,-132.8679025797,-122.7353928174,-157.4264884491,-123.2921921817,-135.9071631527,-118.4229946454,-129.1618020066,-130.1847856475,-123.4256292976,-138.0713149132,-133.346476017,-126.8730642004,-144.042020456,-126.8913905711,-125.8180680155,-127.8450213939,-129.1080120215,-120.8195136944,-122.7780235138,-142.5937013938,-128.5320076706,-143.7819232035,-140.3440616544,-143.2100591827,-139.663315069,-146.9634583555,-126.0152283566,-123.0042565748,-142.1319519534,-124.0538399855,-120.0609623384,-135.7657961725,-128.4618054713,-127.1127431454,-132.6087904644,-119.4472930179,-158.4100987378,-127.8696511698,-130.0137383926,-131.791423021,-122.1489779045,-136.4117371047,-143.7999138288,-130.0474631864,-143.4534220261,-138.8661007454,-124.3395341477,-121.9149587094,-139.9720153375,-126.7872863624,-131.9695554761,-127.9755237767,-132.2849915212,-115.7213355924,-116.8240229064,-137.2067038881,-130.5819881159,-138.4478599273,-133.3844773617,-119.9128305152,-132.5552597865,-119.0144336489,-116.9027634878,-138.5007952984,-139.6527594408]}}