{"Tau":{"0":0.0012589254},"Kappa":{"0":10},"Positive hit":{"0":24},"Model0 ll":{"0":[-62.7640714906,-69.344191525,-96.533036066,-95.696618438,-68.2930023915,-78.2761017739,-74.1945802282,-74.7426285272,-77.4414439358,-80.9435480119,-94.0047914954,-85.2204403814,-97.5114264988,-81.6982557666,-85.9931490055,-78.7995835319,-71.9077141975,-94.6810466778,-79.6838297674,-79.7714382227,-73.6214336793,-76.0686849002,-101.6762342663,-89.916749412,-88.2691541327,-71.0618771918,-87.4538670347,-72.2609750128,-79.2478741513,-89.8631042791,-82.1424386921,-76.6221608892,-73.621486325,-68.4128719857,-73.6118681618,-97.4755621778,-77.1896753717,-66.3972577516,-88.8978119904,-78.9886898688,-72.0685793501,-66.9014283408,-75.5662196122,-70.3331847271,-91.3641662095,-74.7442250772,-74.7598293853,-70.5709107708,-73.2947311681,-89.1917429169,-69.3345472833,-73.0466939938,-69.1110751254,-65.7232781848,-86.8692227647,-88.8351347892,-70.8338630821,-73.9691508266,-91.5076130988,-91.0548352832,-76.5875769176,-63.9965840023,-67.4222208848,-67.9306417213,-85.9287363546,-70.7685748173,-76.7136356407,-79.3345795109,-59.609311811,-70.9372417777,-81.0022238822,-99.0054989471,-63.3740225986,-105.0881427962,-91.1029782156,-84.5537903829,-69.6733156301,-70.4495922684,-86.8805316879,-71.0991814666,-60.0628404337,-83.8270606845,-71.1840240061,-85.0358580673,-103.1558888103,-65.6268696412,-64.7085757345,-91.468640261,-100.6168671536,-71.2390022888,-72.6902670201,-67.9474677961,-94.5347872633,-76.7167377862,-87.823962186,-72.4284667421,-80.5592844658,-76.4954061875,-72.7211118802,-82.7620745476]},"Model1 ll":{"0":[-62.7751289137,-68.1500026137,-96.5366373263,-75.4103170768,-68.293002535,-77.9567268185,-73.8446830619,-74.7426285306,-75.5092123463,-78.6023991006,-80.8169087175,-85.2374288189,-93.3767534387,-75.9919677389,-85.7215247655,-78.799625325,-71.9188685404,-71.5463781801,-79.5543319932,-75.4226460612,-70.0702448021,-75.6136567318,-101.6762345873,-89.9182611276,-87.1048072983,-71.0654094085,-83.939294473,-70.4504406905,-76.1567296597,-84.9227027108,-82.100469092,-76.2995570148,-73.6239905969,-68.1531418199,-72.5167396888,-86.7871263391,-76.9894031,-66.4083962249,-88.69162878,-78.1749759922,-72.0851223403,-66.9014283408,-75.5638272012,-70.329823814,-91.3068478726,-66.2791899756,-73.2132243423,-68.3841776392,-72.8647751391,-89.0758417418,-69.0312199982,-71.794572731,-68.7868780253,-65.7380413427,-86.8948254427,-73.7452639128,-70.7239934436,-73.9691509123,-91.528065893,-89.5549070657,-74.3082511132,-63.9589180895,-66.4588793962,-66.3059681472,-85.9376766721,-70.7798743605,-76.7169730906,-78.4107585333,-59.6138983854,-70.943615326,-81.0010336822,-89.5348430103,-63.374022876,-98.672296971,-88.1354069572,-80.9541085106,-69.1675189556,-69.6825530084,-81.8485833777,-71.1044650232,-60.0628404475,-83.8270606845,-69.5343096497,-84.7261548339,-103.1558909424,-65.2964389036,-64.7085758007,-88.369823579,-98.8294685506,-70.2511756282,-72.6925016407,-67.4950794777,-94.5512167162,-76.4172017809,-86.6305672656,-72.434216578,-78.5615201671,-76.4836169344,-72.3694533637,-82.7620747014]}}