{"Tau":{"0":1258.9254117942},"Kappa":{"0":10},"Positive hit":{"0":29},"Model0 ll":{"0":[-129.0371919863,-153.9386754002,-111.5165998226,-128.8294566438,-122.2831852331,-108.8824135825,-161.1161015983,-109.1687025471,-111.1085861973,-151.7026450102,-116.4172807688,-111.0528592667,-119.3619391636,-133.660749652,-134.1091091604,-139.3538420525,-128.3405200979,-158.2047584853,-141.2995427464,-113.4886966056,-109.9088886628,-139.5635706983,-121.8873508336,-128.1791604721,-139.3829070776,-130.5818466046,-150.3279406002,-127.2093990407,-129.5684847023,-130.6423773539,-132.7218027787,-134.2576452368,-112.2588850041,-121.372709639,-113.5316059854,-133.7202709985,-126.3208184119,-122.636240908,-135.8053503875,-123.0282518186,-119.0834926833,-135.1008307376,-115.7808407445,-118.5597999249,-126.1049325477,-143.9168776545,-113.5526145468,-114.0230042648,-135.983566519,-137.8801895904,-135.7067649705,-116.7733114621,-114.9348623117,-110.0880077628,-107.95389184,-114.5473913846,-121.9021077121,-130.8779949964,-127.803017704,-148.4265228655,-142.7581578413,-140.7530602147,-121.7976541582,-127.7451248616,-135.2784623616,-108.156760958,-123.5890841984,-140.1272071779,-118.4109439081,-118.3905023529,-146.4673996367,-112.7069851581,-112.8903058252,-137.3413340123,-120.8361084421,-108.7996616862,-122.9425589535,-129.8651208251,-128.0068712926,-113.7139226606,-111.6435580028,-138.1407662494,-118.7210646477,-121.1538777164,-130.7317395725,-130.775186494,-128.4058228596,-130.6116643168,-116.629212846,-125.8422101591,-114.4685202242,-112.9660445822,-104.565502775,-118.806502407,-173.6650572765,-129.2624826529,-110.7653004777,-117.9113102023,-113.391909916,-130.4318252248]},"Model1 ll":{"0":[-125.8651931656,-130.7132945308,-108.2185183345,-124.8474596475,-122.4785087741,-109.1359511133,-161.1161015983,-109.2359991568,-108.7035562615,-147.6399324551,-116.7617620902,-109.6832538799,-119.7072942118,-133.8221614354,-128.1031884149,-139.5736741153,-119.2978780826,-141.587247837,-141.2995454286,-113.5162447275,-110.1531495779,-139.3385012468,-121.9575309477,-128.4316774927,-134.9133316935,-128.2166741181,-126.9910211982,-118.4416859724,-125.0100930737,-130.6423797493,-133.2898974089,-130.9487123814,-112.0722221133,-120.2911790782,-113.5316070756,-133.7076805394,-126.3210048418,-122.5413742457,-135.3845797316,-123.0014558693,-115.2205008923,-135.1475475339,-113.9841681576,-115.3873846881,-126.2198035266,-143.9168813483,-113.5273295537,-113.5230747449,-135.9698303125,-138.0028912174,-132.9578569525,-116.7733134039,-114.2518254416,-110.0196641268,-107.9538909661,-114.4980951303,-122.1273194937,-130.8779967185,-126.0012845711,-149.0103332318,-136.4502553878,-140.9068034922,-121.8022428404,-127.7778183873,-135.1772757966,-108.1567609908,-123.6622351466,-126.2604005607,-114.9820248367,-117.9529229638,-137.2275750343,-112.7069849052,-113.0910725612,-126.3936700993,-119.6442592312,-108.3450568238,-120.8668919247,-130.251241047,-112.90807931,-112.7893551557,-111.3445984486,-132.2740424656,-118.5178963103,-121.0639368164,-130.7668420623,-130.9196210583,-128.2726543104,-130.9391311471,-115.9744660905,-125.8422117483,-114.5803721805,-112.6620986779,-104.3594703601,-118.8065024098,-114.051602495,-124.6804671726,-110.4651020107,-117.9457115149,-112.870387567,-124.2534594492]}}