{"Tau":{"0":0.01},"Kappa":{"0":10},"Positive hit":{"0":35},"Model0 ll":{"0":[-91.7773351568,-71.973407394,-70.2529532935,-68.0122146311,-80.775960023,-67.52057003,-73.1888415289,-80.1337358486,-68.1556802454,-68.859150224,-64.8824018755,-66.5258285652,-85.5412594643,-89.6881370354,-91.8009275006,-70.3095798467,-82.7125296348,-79.7487367513,-62.1447265632,-67.170321747,-86.6877954874,-99.9210781366,-74.9714733859,-95.762759675,-90.9207321151,-74.799520713,-78.4287530497,-75.4135745706,-76.5230528664,-68.6397124246,-79.9672417537,-110.1170322221,-83.9925427735,-67.6168279545,-73.6827575359,-71.0910361936,-81.721678232,-71.9464119468,-99.77233366,-80.8229857459,-79.6925846015,-79.0923531306,-82.8032432786,-79.0009887367,-77.2792410008,-73.111491843,-71.3792998813,-85.0540538828,-82.4570279426,-68.5997580647,-78.3752758826,-77.4275648278,-95.6235130197,-76.0874266242,-76.3291857229,-86.7709993487,-79.7868025504,-78.391140911,-68.7948586429,-85.5929364458,-73.5960595193,-73.7042582521,-81.8517980158,-72.31605814,-85.3581308487,-70.4746715717,-76.3544740732,-68.7518578528,-91.1116311632,-75.1177960898,-62.406690958,-71.8061334265,-74.1654522179,-66.1183443641,-79.0836870867,-88.2220000345,-64.2368062375,-78.1168573646,-72.5400904311,-92.5004845574,-68.9777647654,-83.059114734,-70.7240981298,-76.2168276648,-78.5601301676,-75.3693722161,-69.5641920296,-76.5032178584,-73.4549471283,-86.4716433508,-64.124126169,-73.8633487856,-70.580988257,-77.265384899,-76.5064152054,-71.004205055,-104.4630156352,-90.2735340039,-70.7363768613,-79.612459654]},"Model1 ll":{"0":[-90.9239861396,-71.5857809441,-70.2738250149,-67.8725092599,-80.356066812,-65.2424374958,-73.1888417739,-80.1337807522,-64.2147834288,-66.4347483576,-64.8267959057,-65.3597029041,-85.5509032581,-89.2815422142,-87.3120806694,-69.1901028682,-81.8733648159,-79.7573231533,-62.1588111982,-65.4745079232,-82.6684341527,-92.9100263977,-74.974056353,-73.3420012576,-90.0404805576,-74.1307192458,-76.5918165784,-74.0154648905,-76.5230528664,-68.64560495,-75.7828525645,-105.0253365838,-83.9951916024,-65.4952959166,-73.6830959642,-71.106944878,-78.7930884999,-69.4022062156,-99.7605300811,-80.46694454,-76.37027195,-78.4865214739,-82.2188345457,-78.6913068341,-77.2792746934,-73.1142988782,-71.3793000749,-77.3778495989,-80.7073108613,-68.5997598293,-78.2616700047,-75.7788492954,-86.4862347505,-72.549152776,-76.3291861332,-86.4339864847,-73.3473258577,-74.2283798263,-68.7604916491,-85.6085329154,-73.5905629217,-70.2609291248,-72.9244184042,-70.8365932899,-80.1073355865,-66.6241207636,-76.3617322504,-67.4912985393,-90.6150980245,-75.1177960898,-62.4092543085,-71.8145009423,-74.1654522179,-66.113155485,-78.8748761766,-82.580955762,-58.9677569805,-74.9906427453,-67.0094217019,-76.0110167247,-66.2619047008,-78.0512363251,-70.724098324,-70.5678641788,-78.5601301676,-69.1810092533,-66.5885186168,-76.4373275772,-73.4589756903,-82.7274871628,-64.1224565813,-73.8758492601,-70.0023698625,-77.0935452371,-76.5069461467,-70.2661923761,-90.0478200622,-78.6508507211,-69.1525359284,-79.4804419513]}}