{"Tau":{"0":2.5118864315},"Kappa":{"0":10},"Positive hit":{"0":99},"Model0 ll":{"0":[-185.3514445854,-224.9544655946,-156.8544902114,-166.3073035265,-200.1550735186,-116.6006990213,-125.1514814821,-136.3013953939,-142.0129138487,-186.8288492575,-178.1280864197,-183.6729987954,-136.6709729445,-109.3155695649,-244.6872109855,-179.4734039106,-264.8057908841,-126.8297551002,-174.906068987,-147.5685554674,-160.4618592237,-295.979567608,-44.9589972159,-143.6009128601,-233.5609808741,-66.4939545623,-122.4130969966,-137.1757144012,-184.5221588898,-167.486718844,-373.6384693638,-185.7580964918,-148.3294125474,-176.0968250331,-208.2835303604,-234.1420160418,-203.0269744808,-102.0373768323,-81.9902819153,-204.6738151079,-78.949923842,-313.8394791805,-132.1298900689,-167.7139127191,-178.15729778,-202.3082794852,-109.5758647228,-45.6133704346,-198.6622718851,-138.0544849468,-150.7901965008,-256.2470770475,-164.3045988329,-218.3551371361,-284.8398040249,-141.2143202873,-157.3428289098,-156.1892860793,-174.7241303981,-271.2139465753,-126.6341264814,-235.1321371834,-184.9513555918,-201.3099490206,-205.0561200509,-143.6555094313,-184.3604124832,-166.626797055,-177.8414614777,-101.7640929772,-190.233123955,-179.4841867793,-164.3045480483,-166.1972991772,-134.5832270743,-236.0852067659,-279.1166597825,-185.1110752464,-123.1465213417,-180.7965626786,-205.7799491643,-170.2886692515,-151.5546663233,-207.0979978515,-200.9437625859,-118.2079413185,-139.4996885465,-198.9521305277,-173.2999879831,-329.8243888139,-248.1744650768,-150.1467311338,-174.0215104493,-171.0282767029,-195.869869631,-109.5549715807,-126.4533362396,-230.8792559287,-212.4068054184,-79.5684476323]},"Model1 ll":{"0":[-108.8382536224,-178.5606612375,-102.3047553392,-90.5590776473,-132.1816563053,-100.3006692295,-93.6024676167,-80.0348489531,-94.3136537013,-140.3586767556,-113.9006517531,-117.9293910508,-100.6757643923,-73.3450922085,-141.766621451,-109.9919398053,-134.0637005519,-83.5987261034,-125.4982203762,-100.309821043,-113.4221498272,-170.4005690821,-44.2295088278,-110.1579601588,-143.6560138273,-59.3372095472,-83.7696132222,-106.0259730292,-126.1179165502,-105.0436149523,-236.4063632362,-115.5086406757,-85.56842308,-98.8277857547,-154.9063658809,-165.9899933735,-125.9367081966,-74.1356707726,-66.8758823665,-108.9043863118,-62.6348146757,-188.0953007772,-92.9935860709,-112.9476631347,-118.9141216002,-151.2056680479,-81.8344405771,-42.376749053,-139.1480898477,-97.13759294,-90.7534004997,-134.8772941576,-104.0607479482,-177.3342117019,-174.1697124301,-94.0703143594,-101.8926557634,-102.8715252066,-128.3667462259,-193.3307545186,-75.7463057401,-147.0490309023,-118.7432000145,-99.6368207869,-158.3025682145,-92.5239737963,-105.2333007051,-127.1411312483,-97.9650376614,-71.9311472693,-113.1269357132,-101.9004515998,-82.1973443503,-126.6894348495,-78.608860191,-135.3555921012,-169.4302092626,-109.7355413844,-76.4843076089,-122.4297467865,-139.2665231704,-110.8201615896,-110.0171495437,-121.5046548193,-127.3231377402,-84.4704864353,-108.8893381268,-87.6155004427,-97.8381961835,-166.7648952872,-157.2396648398,-118.124203676,-118.3644276788,-85.7576969654,-119.355707064,-77.4303033342,-89.1620753222,-164.7183216294,-151.3267693316,-59.1604160671]}}