{"Tau":{"0":0.7943282347},"Kappa":{"0":10},"Positive hit":{"0":100},"Model0 ll":{"0":[-185.7821075615,-204.3953934253,-164.8779287419,-211.4728217043,-222.8836789431,-171.032106471,-186.9425548529,-183.8358792231,-210.6662653204,-258.6332896858,-286.7656950653,-269.9260230291,-125.0775562745,-252.0554657808,-271.640358338,-263.0628489585,-197.1238924587,-179.2576747236,-231.3263508283,-135.0973520335,-225.6096900635,-280.3043121289,-138.8596357789,-209.0537924107,-181.3391511056,-210.7009293395,-228.6480279092,-185.1426108815,-163.1938261746,-123.3135864254,-279.7841091513,-170.794476566,-284.2517429943,-286.0697741347,-146.8578359741,-311.1979983517,-275.4941936451,-394.5615951462,-182.692677173,-197.8264114973,-181.5678183919,-224.9251860704,-170.6948736272,-132.4958015901,-308.2644032987,-260.8999364024,-204.2492803985,-282.6455851657,-210.1227047254,-211.7237478031,-139.7451418921,-174.2645345763,-180.1602727551,-218.8198857269,-191.0940940716,-164.5916718834,-244.8610065201,-202.9247010037,-204.0095496092,-192.6651491618,-278.3674596188,-366.173149883,-156.5264713238,-253.0136403396,-205.9763050552,-162.0700285176,-313.7044693451,-252.731735712,-321.8336806995,-265.1422993325,-230.1800876268,-155.4994491191,-123.4410858056,-262.2108720591,-172.9716646965,-273.2720579611,-192.262624142,-141.3935272515,-234.5636500582,-150.2386802843,-204.9259148529,-147.6952790702,-188.1014378509,-201.1296763147,-180.0952522318,-405.1759902487,-170.1218446665,-269.4507652617,-268.5089244434,-251.4719705473,-176.5917442944,-238.1622319,-315.9549186878,-187.369787508,-263.3509222594,-245.6272080761,-139.5480970669,-185.5435891919,-190.1906100705,-160.4634981325]},"Model1 ll":{"0":[-116.3462775118,-140.056695658,-102.0876973601,-100.8991835901,-122.0527891473,-110.4054801494,-110.9254983774,-117.0935798089,-154.6906548583,-129.7632758808,-163.6956655151,-139.9841639358,-94.3709767217,-181.9036238742,-211.1230786665,-140.3681348862,-133.4863479752,-113.1135100232,-123.5819166036,-114.2863370736,-99.2464716173,-177.9787132092,-85.7928208367,-115.6910124888,-126.1274499531,-129.6879141167,-116.5407270492,-130.5606072881,-116.6593436219,-87.2354033182,-137.1542739531,-117.60581894,-163.7154424415,-147.9762493607,-95.7486638995,-177.0061227666,-136.3214223819,-230.2602517191,-94.1973214326,-96.6240698837,-112.1068665904,-112.1575810572,-106.3496689327,-86.541465917,-176.7237721074,-138.5121780705,-132.5881211802,-201.4350286466,-114.5184659439,-119.2465132985,-88.6144909076,-98.944280159,-107.7053698886,-139.7087395206,-121.1890320915,-92.9971408727,-133.2962435624,-96.6078619718,-115.509684229,-112.6832886105,-161.0683566736,-202.7485753675,-98.102245748,-133.8207743502,-106.0309739736,-88.1310848854,-174.5653111648,-149.9948325907,-178.1746723203,-162.0209881674,-156.1230147029,-99.4165182854,-83.6130122747,-155.5139042677,-104.5529988282,-175.3893240239,-138.4036793008,-75.7546388983,-130.3907172516,-107.2913124728,-114.5090551902,-96.0022908804,-114.8720053586,-125.1878194783,-100.9870569305,-331.6549639172,-113.0824584126,-149.0166066548,-155.8199764257,-140.6271022089,-84.5500827127,-141.889022783,-213.4299250065,-121.139391014,-144.5161436246,-163.6468461982,-100.4317088193,-133.7240991885,-116.6472540946,-99.8906425787]}}