{"Tau":{"0":3.1622776602},"Kappa":{"0":10},"Positive hit":{"0":100},"Model0 ll":{"0":[-9157.6091048329,-8292.3436861097,-8501.1527943196,-9500.8379534407,-8675.4583650755,-9117.2207202017,-9621.4704544457,-8482.7929651262,-8064.8267329174,-9183.8433106621,-8184.7970329877,-8008.6577853073,-8412.2662757188,-8672.4671617684,-9059.730140369,-9101.2759206399,-8368.2017233516,-8927.7747723868,-8680.8655177116,-8650.5264900582,-8525.1708877388,-8106.8640601105,-9034.3307858662,-9058.6648510447,-8212.1811508129,-7917.3349882755,-8834.0429677003,-8215.678031169,-9076.7629242554,-9091.2246252967,-8555.5779486293,-8703.5888309295,-8768.2529873349,-8496.4836522599,-8794.7088006647,-8683.1398351686,-7787.7441662852,-8733.2568030227,-9311.4426892128,-8417.8905569943,-9093.6041805449,-8630.905285333,-8652.2230234031,-8865.8168962727,-8707.5545007907,-8956.5865652197,-8870.7737582229,-7865.250909327,-8607.3108151923,-9640.3910949015,-8743.942572962,-8616.8218936113,-8989.6193542283,-8746.1348777469,-9574.9272321828,-8605.0452733431,-8751.9313350418,-8624.1299587458,-9492.8050081652,-9788.2701971275,-8546.874494163,-8739.7656461022,-8653.695776481,-8121.8027614985,-8428.1678328066,-7649.5477771026,-8363.4046460309,-8820.0995298931,-8879.7543205062,-8877.0341623846,-8901.4525865466,-8909.4063824966,-9022.329944258,-9217.914926627,-8294.4746559857,-8991.5793550599,-8060.2089145955,-9476.4395208847,-8140.1133652675,-8794.5521966868,-8464.0220600139,-8717.6035168042,-9075.1070080625,-8553.1582910246,-8249.1208544281,-8602.4233646713,-8980.6205424171,-8824.7475600302,-9243.3014722144,-8158.866297845,-9352.2098894737,-8814.1961196821,-9299.0446160674,-8670.1054765284,-8974.2357629151,-8570.8754791939,-8294.7876542928,-8502.7353363414,-8470.1067921973,-8632.6244159138]},"Model1 ll":{"0":[-177.9658335834,-183.7303246053,-170.5130761754,-216.0193593569,-151.5273537291,-134.6317544628,-393.4736891608,-186.2201611564,-157.0941757356,-177.2513835253,-189.9380401643,-152.7148766377,-243.6789882364,-177.6274251761,-270.5248189813,-172.9533147211,-164.7528829525,-157.4660618628,-171.1506553136,-169.378720179,-245.8732715885,-183.9893160444,-135.2968067228,-173.2402034405,-167.9792142558,-206.8003721698,-210.9827101956,-228.6799986758,-221.674092513,-248.03796209,-208.5270310916,-202.6076320505,-205.4654322703,-221.556830645,-143.5637024888,-166.7036906189,-236.2414999611,-188.2420864514,-249.7917663092,-210.3120038525,-160.0053127974,-179.289634067,-146.1043086071,-247.7595660564,-207.3415968049,-142.0277306806,-169.8704956542,-189.7484580727,-203.502941284,-271.4923637586,-135.9660505983,-183.1984087151,-166.3798205986,-152.2818710407,-161.6522009863,-141.020778908,-362.3675434631,-184.854628039,-139.465326853,-245.3868374387,-139.8632107327,-208.8488653126,-203.6306801632,-155.2424117598,-138.4854642176,-198.7690684263,-267.639198978,-169.9293291529,-151.3938787555,-148.7951217995,-183.2328716713,-142.7041690335,-165.8588214743,-226.1498574158,-340.4811679799,-150.5255445974,-228.2020533605,-162.9628507329,-173.1446362256,-228.1277463827,-177.689296732,-211.201788263,-188.1815458184,-323.0848836444,-162.7912430559,-180.4242050995,-175.678915151,-137.7175031693,-311.11293573,-201.9959725705,-322.4961277436,-160.8306046014,-150.5329059777,-237.6618823386,-180.9664492532,-117.1587876565,-164.055410281,-245.5086399293,-210.8090595598,-207.3000703777]}}