{"Tau":{"0":1.995262315},"Kappa":{"0":10},"Positive hit":{"0":100},"Model0 ll":{"0":[-16391.2599939245,-16483.2835541526,-15933.7631393212,-15745.4222994588,-16400.0903871843,-15354.6839899959,-16793.2204569634,-15510.0449467706,-16348.8344029329,-16207.0517877733,-16058.1105432365,-16132.6047415903,-16610.1268392104,-15628.2211681542,-15837.2992747668,-16925.3749628522,-15745.5331693349,-16080.5987493386,-16166.3624140301,-15989.1546922027,-16425.2340818468,-16141.7436629024,-16161.6324159656,-16008.9213747771,-16523.2877372753,-15517.1033244806,-16705.1042048986,-15914.3219717589,-16026.5248785728,-17208.3225402463,-17014.3748410713,-16451.1958137018,-15710.589685926,-16269.2596300507,-14520.693150119,-16572.1057070081,-16455.8369886631,-16558.6893322211,-16318.6242200892,-16198.9549865875,-15588.8705584987,-15295.1523542732,-16097.8599883027,-17087.8378845522,-16711.7776311429,-16458.5352462767,-16143.9953089067,-15919.4519515836,-16199.0320722229,-16426.3161477437,-16066.1497947583,-16332.2507141642,-16917.9923075106,-15581.6313055202,-16012.3212591282,-15522.7161543863,-16358.2987125068,-16035.9600415137,-17166.5007546885,-16849.4231255614,-17255.7200467763,-15354.89339631,-17115.0748484491,-16891.8255119387,-15683.4739985854,-16610.9230418872,-16307.8304085927,-16558.1014008298,-15303.8644985923,-15774.7062165851,-16509.3429656627,-16662.7192807678,-16529.5224269016,-16221.0733115514,-15632.9236370908,-14744.4820531404,-16257.0886092015,-15372.0889402927,-15683.688210437,-16573.6269657775,-16127.1853722102,-15806.6606853673,-16487.1199893277,-15795.5044011733,-16622.6463950426,-16382.2295887313,-17050.324834118,-15363.9691355788,-16978.396217678,-16581.5661608794,-16088.1053722387,-15576.6759936163,-16324.340904782,-15268.5059314362,-16206.3484367105,-16029.2869523209,-15462.879356334,-16645.4122339178,-16704.0392626654,-16265.3535680782]},"Model1 ll":{"0":[-233.9105733148,-249.0423808296,-211.359589702,-217.0795154289,-235.7399527336,-192.4947149718,-247.7811580015,-168.3771440119,-218.0098360443,-261.2704279025,-202.787287438,-173.9429893836,-159.0475698783,-198.3001197719,-146.4316942459,-215.8759768017,-204.6589711832,-208.1859025758,-173.6074091101,-282.4847766929,-201.5847569948,-213.2822472787,-165.495546356,-150.8330780233,-230.7615323308,-168.6920781536,-199.2441233881,-196.3101623125,-248.363911823,-196.6040327798,-193.0877098243,-129.7962682265,-241.6838920618,-156.0163769112,-233.700768231,-173.0147591943,-142.1113429013,-245.5434542192,-188.9698567335,-219.5829588036,-190.3277569207,-200.2117046312,-202.5070067791,-162.8783531688,-297.1629508066,-180.3763292506,-183.687279733,-153.0426634287,-166.3078628427,-215.1732284508,-213.1986978317,-186.5432128654,-199.27788933,-237.0061829886,-146.5198798507,-244.7403271077,-154.6764949551,-200.0368726495,-217.0840701723,-226.1958757031,-177.1281384841,-218.4416803445,-235.175386513,-232.8933477454,-185.1638022471,-293.2924707065,-139.3863121161,-199.666017523,-240.3045069794,-258.7375097543,-212.0547280914,-247.3271343081,-248.4951341002,-193.6550006726,-230.9291142426,-185.7153031097,-234.5875556838,-183.9844561004,-194.6064127379,-305.7159726696,-271.9021568171,-166.5621203547,-248.5499057975,-206.6717739552,-228.8594106245,-140.9355766089,-192.0868223441,-153.7701070676,-184.5390962081,-155.5678626718,-204.345075119,-214.5783114772,-168.0918646067,-198.2983098041,-166.6253243775,-220.5327257688,-157.1161640858,-174.3603097515,-197.5837639207,-228.5822271469]}}