{"Tau":{"0":19.9526231497},"Kappa":{"0":10},"Positive hit":{"0":31},"Model0 ll":{"0":[-124.5171478324,-121.2382217651,-142.3262944133,-128.0178897482,-117.6008101249,-154.2846332842,-143.860416221,-130.5938186753,-128.0572588198,-112.6752824751,-111.4662518652,-115.1024032168,-115.3183047765,-114.4095854354,-142.8438489971,-123.7103115409,-113.3615519512,-121.2549197828,-135.0362870079,-134.3521353147,-128.7143868757,-123.1081678593,-114.2081470681,-120.1822059705,-125.6888467029,-125.2617020346,-125.4732287015,-124.6009423277,-140.8647586001,-113.7037499975,-155.53194772,-125.4035488517,-117.9983284327,-123.6823119142,-127.3866163879,-114.9223610662,-114.4610001721,-118.6433662012,-129.3286545548,-123.1138704671,-133.8634857053,-123.5397388979,-123.144195947,-118.0156150848,-120.6841836187,-119.477407668,-115.0716956406,-121.3316719248,-112.5016575737,-121.937808173,-136.1742951666,-119.5337407122,-124.7352517099,-137.3635932866,-135.6718390807,-113.93180223,-115.1934043463,-144.0861489128,-119.7849142523,-116.5341335978,-128.5762778222,-150.2087671922,-140.2259208875,-113.6384344605,-122.4389030333,-113.6088881951,-126.0460354936,-123.9997031987,-140.4729549042,-170.8717280753,-135.1916605593,-147.4405160878,-122.354644751,-115.4280164884,-136.0131976028,-125.0011221176,-136.5255136005,-119.5929675231,-118.6635463308,-135.6751292174,-119.8265342636,-117.7003399822,-122.0156707733,-107.0356370186,-119.0826743611,-121.2440591048,-107.1329355392,-122.7740651455,-129.381447682,-126.1086268363,-122.294259449,-120.8825604856,-137.788660707,-125.2427273126,-110.3567240243,-126.3190313439,-118.0517495764,-119.2629347453,-120.8589496804,-121.2443316138]},"Model1 ll":{"0":[-124.5171488295,-120.4149357415,-124.1558722482,-117.1732341948,-117.6471978181,-154.3931874647,-144.3053835966,-130.710499184,-128.3809080755,-112.9025008424,-108.4180606737,-114.3709168366,-115.2263292221,-106.3032415396,-142.8438723009,-119.3872560749,-111.161230443,-120.2881190201,-126.3968100007,-129.2408215134,-128.9859265067,-121.241715143,-114.3835407956,-119.3595266266,-124.7639354527,-120.4667152789,-125.3332373085,-124.7396783333,-125.4215942385,-113.9548231122,-152.6307407754,-125.6317575739,-118.4607019529,-121.939616752,-127.7175055393,-115.2271498794,-114.6543142786,-118.7066636797,-119.2937652792,-123.3895761867,-133.8634857926,-119.8109690879,-122.984550739,-118.2264732558,-120.9779136726,-119.4774083584,-113.8802221684,-121.03965546,-111.8076151807,-115.9415850802,-126.7550657754,-119.6571063052,-111.4953158452,-126.2978048161,-116.1626229474,-113.9318041966,-114.8373226492,-143.9907507126,-119.784916044,-115.8656003087,-120.6678550783,-129.15241419,-134.9519257889,-113.6384366901,-122.7372550695,-109.2605277007,-123.4463539009,-112.7123553809,-140.7876928374,-171.2353712602,-134.8446706588,-147.4880153186,-118.647806872,-115.1226753653,-133.5209660338,-125.0336865323,-136.5255162629,-111.0375487114,-118.7545472353,-135.6751305974,-113.8417092069,-117.148267928,-122.0749547743,-107.042600656,-118.5932806981,-121.5791316826,-107.123207573,-119.0467009208,-129.7780069922,-126.0991036798,-118.0112871846,-121.1825938128,-138.2305220171,-112.7992176772,-110.4632653988,-126.3189603621,-118.0519602548,-119.2721718655,-119.4738122335,-121.2443348432]}}