{"Tau":{"0":0.7943282347},"Kappa":{"0":10},"Positive hit":{"0":100},"Model0 ll":{"0":[-18635.3531042258,-18652.5071381343,-18888.97778808,-19037.2256926025,-18859.6266532638,-18293.6314050979,-18988.0283536337,-18557.5427818524,-18621.4026629224,-17519.5106152095,-18009.0077152692,-18287.7891985106,-20369.5792807188,-19799.0015645866,-19076.7455814985,-18489.6012865518,-19415.6567781771,-18353.8406900947,-18063.1460172112,-18031.2533018685,-18680.1015049134,-18893.2960248821,-19346.4117156121,-19272.3155598558,-19050.9464169986,-20585.3520738642,-18279.9858507061,-19165.8896871662,-19099.2970352449,-19043.6572878386,-18014.4650271869,-19784.0269062937,-18723.3886922277,-18212.1579066765,-18803.2761036932,-18774.2132513183,-18881.4501707323,-17393.0719466932,-18897.6090770584,-18645.7718435481,-19022.6060124132,-19947.580213046,-19118.4323734854,-18555.6658533906,-19013.6791227909,-17442.6077490865,-18561.5424928503,-19234.2188737861,-20415.5721905425,-17982.719704604,-19728.695455242,-18958.4898118445,-19046.8735152463,-19305.9172660038,-18836.6450002455,-18139.8711160023,-18204.1148671088,-19112.8494868831,-18545.5117402458,-18098.886404543,-18333.6253772817,-18357.9636260643,-18910.0622914583,-19209.5083175261,-19475.0839806849,-19628.3855635986,-19054.0444162167,-19028.6503346948,-18541.9122437242,-18522.154575845,-18263.8886135635,-18064.7407995744,-17944.6650986734,-19123.7945242612,-20119.2308869159,-19215.0393012742,-18857.9961950205,-19530.7770969522,-17555.1182743827,-18532.7681983308,-18168.4849576967,-19304.2575343776,-17894.003033979,-18722.3861285963,-18363.6835755402,-18659.7888346461,-18702.1450629194,-19243.9617067956,-19913.2507468477,-18559.8426117667,-18499.9672482102,-19500.7661081232,-17192.7310282257,-17028.531847953,-20357.9661053437,-19080.5221747024,-18884.846677123,-19828.3366412897,-19126.9124258171,-18315.017632997]},"Model1 ll":{"0":[-150.1398269784,-199.9493949144,-153.5409528621,-150.2045883284,-200.6097397359,-165.7677103817,-170.9138035443,-185.0619827895,-252.9836955243,-256.6642783328,-131.1970971578,-179.7558456898,-334.2219993464,-280.9273444835,-143.5338404994,-184.9188458048,-224.533131073,-191.7119891209,-226.1108240935,-231.1229085256,-162.7848848164,-148.8094326055,-187.4978956688,-129.790851829,-225.9279939051,-258.0884391481,-232.0455512005,-233.8310724311,-197.9380565479,-192.8517804704,-187.9377014311,-294.2914722761,-164.4361139303,-152.9417198918,-145.4947728254,-153.3193194399,-247.5949557381,-234.1451337708,-168.4446882178,-175.9204505277,-144.709693578,-289.9014221974,-174.4148314181,-135.4554594955,-178.5600241245,-198.3516874928,-202.9712126908,-200.7863633005,-291.2115337534,-240.0078961056,-211.6866645013,-161.8563937301,-193.7962732397,-237.9584739036,-172.8958069433,-167.1347063403,-167.0923115288,-225.6170771553,-166.3956371915,-151.0677459005,-204.2222926106,-151.4149865227,-190.3351553377,-172.1687540533,-202.7413514344,-230.0575792617,-218.0996767859,-149.9544124662,-140.2688618963,-174.0752593865,-222.6502235862,-194.5564923805,-186.6155770193,-248.6487027401,-257.0932509892,-215.1619211223,-186.0463322316,-206.5754610579,-220.2339159027,-153.1604582597,-169.3857797181,-220.4568682993,-303.773832657,-146.6101280925,-183.4747674714,-213.1180644067,-182.6447254565,-169.8441176794,-292.5449096004,-191.8410135695,-161.8813458177,-188.7525945895,-174.9003364685,-175.3976542049,-347.7433414185,-236.5836891918,-160.2832153649,-139.8551072658,-280.8041279777,-177.8268168974]}}