{"Tau":{"0":1.995262315},"Kappa":{"0":10},"Positive hit":{"0":99},"Model0 ll":{"0":[-197.7019348249,-110.815070333,-157.7415131297,-153.5377596182,-193.0121941303,-334.8413009622,-220.255854174,-207.4099496195,-39.4446614551,-218.9341539883,-142.4920257099,-115.185209066,-256.1279258567,-212.6581108336,-121.6212148568,-196.1751454876,-168.5152000546,-223.8964311645,-245.1986665883,-167.4377436463,-188.7920830105,-188.8678622336,-192.6812510468,-136.238089003,-224.1257518341,-162.0341417654,-198.9306667292,-190.9363244254,-191.9156079785,-184.6787693087,-180.564079359,-181.5583636139,-130.8374626128,-161.2444800975,-228.9438359977,-229.4416345147,-154.7287569883,-206.8781999595,-325.5575829328,-233.6932305543,-196.5768710808,-201.3599670867,-221.6810941669,-80.1752840216,-145.6265250686,-120.7739877941,-210.0435691443,-215.568123071,-204.8114328084,-190.9245547034,-176.0761533583,-158.3256927003,-256.3905685617,-217.5968554921,-258.3959983109,-206.4380946323,-236.1097602107,-210.6344494326,-192.3432393155,-306.2055635619,-241.8317877968,-185.1008100976,-99.8033503341,-168.0858094128,-263.4612634349,-195.9583927122,-199.0240301864,-192.6643808188,-170.1140704816,-156.1534031491,-166.0025674861,-158.8274394614,-162.2914658752,-237.1903004688,-128.1755085727,-126.7844803516,-265.6162720236,-200.5077832935,-138.3260850903,-225.630016993,-258.1198350128,-298.7166993494,-167.6302329092,-251.7837966204,-268.1051783538,-336.5484742523,-194.838864993,-233.4548319689,-309.1471095293,-136.2990907382,-235.2635296431,-131.3942600227,-313.0615870491,-254.600729886,-235.8680530012,-232.2948679881,-263.6054931953,-310.6743928969,-116.1147051352,-237.9062415029]},"Model1 ll":{"0":[-124.9971561888,-80.4750127871,-97.2427493418,-90.997405177,-107.2577389919,-214.0671677114,-151.7034520054,-142.0853946916,-38.2421448911,-148.9787476704,-125.5342562768,-73.5702903456,-164.8998290416,-127.8425339377,-74.5288098037,-167.9724263613,-128.0553272192,-151.3555031168,-128.0319250166,-121.6342563989,-117.1796340702,-139.4049398185,-158.8663034576,-78.4492345101,-158.8528654359,-79.9601451496,-127.4840762593,-99.0377633352,-137.7776670632,-85.4396419676,-99.9521537905,-107.5374291605,-101.1499002984,-120.4816405584,-114.2713009039,-151.4941652602,-93.4040615946,-146.7559818062,-203.2879706187,-153.4253715596,-126.8477941376,-173.6491772941,-107.9719277243,-58.2999910675,-86.1154583372,-91.0463196126,-109.5957921301,-97.7142837546,-118.5252650155,-133.9377810402,-97.5252667608,-77.7001348099,-135.4773763164,-108.8904988113,-181.016303155,-113.5097021977,-130.1542327202,-128.374296189,-120.1055851685,-206.3590162322,-143.7506871537,-111.461786727,-89.9060736026,-101.5231124793,-125.2311465438,-125.413836276,-112.0916991546,-110.4558724006,-122.7891486242,-111.9923050159,-98.2362913607,-107.3052024657,-79.1165442856,-144.305544271,-72.244574209,-79.5272044316,-159.5537473604,-126.2494521148,-116.5566802892,-144.6621764329,-159.6216652026,-188.9424651977,-81.5406835682,-199.18414395,-182.9559376911,-207.8198017558,-110.7756371661,-115.7632809148,-194.4746718145,-90.9524607847,-172.7625307932,-83.3146976925,-178.7788699675,-174.3178379701,-146.4686371209,-128.0605151617,-155.4723935395,-209.4599042773,-79.351223116,-120.512095614]}}