{"Tau":{"0":0.0025118864},"Kappa":{"0":10},"Positive hit":{"0":26},"Model0 ll":{"0":[-73.5074134825,-79.3995239198,-71.0499658421,-69.1397935585,-82.1205476417,-79.921313167,-79.5187441789,-65.4299205638,-63.9610868169,-103.7892464941,-80.4518039926,-77.7528930367,-81.3035088349,-70.3322402436,-66.4427628626,-104.1002767592,-61.2616917961,-81.1664786438,-86.5257412045,-69.2008441572,-63.381875408,-88.0950062003,-87.3016588658,-76.8806759892,-73.0755836038,-83.1514688864,-70.434454024,-74.8493730347,-74.1057455404,-89.2666200467,-80.8525274283,-78.447610078,-70.8078900164,-71.2558322965,-77.6537146403,-79.9324693289,-90.6145374897,-77.3567299623,-90.7424000468,-80.6343321869,-68.5328387942,-67.7524269094,-75.925177545,-66.4312125114,-85.1622558724,-85.2257059302,-85.2400820296,-71.0378708072,-87.3281150378,-64.2068919567,-86.8450688711,-74.6109665005,-71.4325782748,-73.9546112161,-95.5082056016,-85.0798731687,-71.875513171,-62.3335897911,-72.6163219159,-81.0474909013,-81.9451782783,-90.4861374583,-77.1600000486,-73.7574289154,-80.8073928233,-89.8263881232,-84.0240350175,-80.0465326705,-88.3279608226,-73.8499050141,-78.401205684,-90.0843938705,-75.6477073107,-81.222093092,-83.456028113,-81.8783628883,-82.0743472666,-66.6391331603,-84.462604065,-72.1437413249,-80.3151184293,-60.4092211482,-70.8676955667,-81.6973913889,-79.8633351726,-75.0436523884,-83.8251492282,-81.8443750746,-84.3070305046,-68.3606085847,-87.5957598174,-111.8752719719,-74.6930201582,-79.1389935497,-66.6481477068,-67.4840019608,-72.2340625861,-86.9397470979,-70.3825533251,-88.2475951795]},"Model1 ll":{"0":[-73.5074135173,-79.3517932761,-71.0499659328,-69.1397936988,-82.1251942401,-69.995283311,-76.0402018654,-65.2327205071,-63.3297331556,-97.8431649071,-80.1814644077,-77.715031535,-79.3807923612,-70.0048792956,-65.4163573522,-90.2162721236,-60.8315376804,-80.1254378877,-86.5257412045,-68.2354670837,-63.381875408,-88.0950476315,-87.3017434005,-76.8806762508,-73.0755837367,-83.1514690016,-69.3320657745,-74.8493783119,-73.9995775076,-89.2675092969,-79.5329478407,-75.1949159421,-70.826069635,-71.1654777678,-77.5773843489,-79.697666641,-90.6074268827,-75.8900002209,-90.6279479991,-79.8497091227,-68.5328387949,-67.768493186,-73.3238389247,-66.4444597868,-84.6087896518,-84.7603172677,-85.023415652,-71.0378708072,-81.1764311439,-64.1569286418,-81.2210133775,-73.993215545,-71.4341714081,-73.9546112853,-95.5082057593,-85.0798734341,-71.8810576415,-62.1409730654,-68.9545222978,-79.4189904699,-81.9543345641,-78.9083933207,-77.1600000487,-73.7521829889,-79.9396021484,-80.3546416656,-84.0240350175,-80.049715116,-80.4042923389,-73.8640844251,-72.4033023374,-87.0210722202,-75.6477075318,-76.6149353221,-73.5863031838,-81.853211624,-82.082242136,-66.6416563941,-84.4627421956,-69.9082259209,-80.2781900401,-60.4092353935,-70.261370209,-80.0759064624,-78.9542536554,-71.7462171802,-83.8251928561,-80.9754887368,-79.4092155182,-67.8008900225,-78.502279873,-88.0042605387,-73.2169837088,-77.0522570344,-66.6146118511,-66.2191381615,-69.9429245608,-86.9397470986,-67.9251158178,-82.7177994975]}}