{"Parameters":{"0":{"Kappa":10,"Tau":1.5848931925}},"Positive hit":{"0":2},"Model0 ll":{"0":[-75721.9424547086,-72859.1820328647]},"Model1 ll":{"0":[-250.7686486928,-230.3086024602]},"SNPs":{"0":[475370,464988]}}