{"Parameters":{"0":{"Kappa":10,"Tau":1000.0}},"Positive hit":{"0":0},"Model0 ll":{"0":[-112.9704209819,-119.6995865806]},"Model1 ll":{"0":[-112.9704209807,-119.6995865795]},"SNPs":{"0":[112496,115098]}}