{"Parameters":{"0":{"Kappa":2,"Tau":3.9810717055}},"Positive hit":{"0":100},"SNPs":{"0":[504513,502664,500795,500959,505133,504816,506870,502381,503803,502697,505440,501721,500798,500756,503214,502048,502992,502921,503668,503031,501341,502139,504203,501770,503100,503213,504257,500931,504164,501145,502985,500755,502701,500988,502700,500086,498001,505158,503155,500968,501851,502419,502186,503922,504589,500007,499940,500971,499687,499561,501701,501914,503371,504345,504518,496350,504136,503417,499230,501863,502272,505571,498799,500211,500859,500191,503160,501808,502606,498270,501442,502934,500666,502519,501146,502297,503154,500893,505202,503851,501731,501173,505686,500953,496818,506599,504413,504836,503243,503203,503415,499252,502555,502827,499983,501334,504601,502522,505848,502000]},"Model0 ll":{"0":[-2282.5969858417,-1844.4094496388,-1976.9994705675,-1933.9043665853,-1974.3556873229,-2207.018035238,-1841.8126741817,-1888.6665669158,-2049.9969791208,-2270.3161336928,-1890.9910553632,-2395.5894090804,-2000.3314026769,-1874.9705363822,-2238.0857866395,-1993.985717567,-1977.1559352283,-2019.2049691584,-2073.7382049975,-1931.193463994,-1733.2409297409,-1958.9972993846,-1900.4384568107,-1796.1850359078,-1985.8839770133,-2075.2028849847,-2261.9035465808,-2018.0720802734,-1838.2747182357,-2058.7754219637,-1838.722719812,-1929.0183085916,-2062.9726830489,-1920.6932156083,-1931.8511988667,-1966.4578188851,-2064.9449060819,-1985.8422793441,-1946.6115158831,-1858.1708601789,-2013.3928888836,-1870.9364978368,-2209.5934633345,-1877.4203966649,-1800.5905823778,-2063.6533346711,-1922.3621966828,-1936.6962048651,-1886.3595824964,-2133.0356393099,-1634.8950199697,-2120.0946957803,-2028.2889368798,-1870.5280877886,-1926.4581441556,-1774.1865934869,-1981.7034245783,-1801.7168561675,-2039.423946877,-2072.6120384862,-1912.7145936931,-1927.4605207709,-2095.4556474327,-1847.7897069382,-1957.2341798944,-1727.440377404,-2054.094678617,-1972.9335937694,-2108.248466526,-2069.3879628766,-1832.4308401368,-2123.2838444795,-2082.4424786304,-1834.1606819683,-1779.6823783717,-1994.0215274822,-1713.7630371558,-1797.1845711448,-1941.6143735911,-1927.6484602488,-1877.0498520093,-2159.7061681571,-1995.552617071,-1740.255076464,-1982.6535428271,-1782.8968973886,-2211.6462720091,-1772.0634076588,-1684.6997350582,-2033.4795255237,-1946.3232171072,-2389.4913240139,-2029.8835744473,-1705.254485399,-1920.0377461687,-2038.6965333463,-1930.7978343227,-1978.7573640952,-1998.6523541208,-2047.0045686812]},"Model1 ll":{"0":[-127.6390300954,-158.6864760506,-144.8210744115,-153.373522613,-152.571604193,-154.2585813639,-121.8894152041,-170.5256919102,-141.0329645474,-130.0418817364,-143.7572088451,-161.9475763235,-197.5899516093,-149.2707594558,-148.1894367172,-144.9073970953,-141.8037709177,-152.2448291917,-130.9948366941,-133.6476120833,-136.7524867392,-128.2512597932,-136.7716173937,-143.4358649739,-146.0531371095,-147.23688297,-156.3870241442,-167.5971565465,-135.0167099153,-146.6816516799,-152.1784416229,-126.9186665065,-129.1731538928,-154.0071737395,-149.9122024024,-131.3956690259,-145.5515377449,-137.5162281121,-147.8156459455,-127.5875217146,-147.002806216,-125.8460824193,-157.338396285,-155.814460698,-153.8502891522,-143.4941168782,-137.1300582488,-122.2084410787,-127.315227674,-138.5919081007,-130.3651565806,-133.2293687996,-132.4595264082,-145.0515028327,-133.2095791576,-134.0143347637,-141.2731130717,-128.0339275978,-158.1010212126,-153.7830443273,-135.3340067972,-163.3293247089,-152.8864273167,-130.7442507401,-130.1436821819,-139.8382131916,-146.0179228076,-144.6568339498,-138.1349152634,-147.0609278013,-168.1465296569,-162.0070872788,-133.4387905105,-140.1673513614,-141.6351089085,-141.3734854166,-132.461159787,-126.6523443552,-133.2722380698,-126.4753996632,-126.5300631079,-143.1893295725,-147.5932786703,-164.905199337,-148.8474292703,-152.7941666742,-143.2867352452,-131.1991838485,-131.6855069812,-141.1191705328,-134.1369656554,-208.8893309675,-137.1132629463,-140.1497159043,-133.7158245679,-188.3970703933,-140.4295734264,-166.7558148341,-143.6261647749,-154.2981572924]},"Time simulation":{"0":975.3244},"Time inference":{"0":2.4561}}