{"Parameters":{"0":{"Kappa":2,"Tau":6.3095734448}},"Positive hit":{"0":100},"SNPs":{"0":[493478,496441,494461,492105,496484,498156,495997,493814,496089,495407,495989,493125,493841,496941,491320,495771,494469,495378,495401,496268,494605,493105,493302,495661,496790,498424,499228,495457,496420,492637,499247,496909,497340,494993,493802,496957,492266,498247,497549,494733,498444,495666,495804,494400,495746,496464,494737,496930,496972,493773,494297,494666,492323,492457,491508,500401,493792,495519,494321,491050,500254,495913,491533,493063,494278,495774,495994,497230,493990,497865,495134,498191,498666,492295,498391,494408,495741,495955,496590,493431,495991,498104,495942,498908,494322,494755,493410,492238,494261,496180,498609,495139,495891,496346,494586,495052,497760,496045,496816,496449]},"Model0 ll":{"0":[-353.2741849227,-317.5509968489,-280.8743491691,-350.2692089418,-330.421390259,-379.6933863385,-423.9988770933,-302.5800973602,-349.2638087386,-324.5941033085,-443.4247529223,-407.4951071979,-266.6907575357,-327.6303995735,-321.8687711478,-415.6279435797,-321.3450008298,-329.9708538428,-363.7421939761,-327.3197514897,-392.3940863373,-422.0386479625,-417.3932757195,-330.1994491052,-333.3904630971,-368.6830519472,-341.1268354932,-328.9269570846,-327.5299215048,-341.7523860723,-396.916586522,-346.0530638008,-335.9502175452,-376.3654220322,-316.1601882058,-317.2215015948,-539.3631185035,-335.1954009884,-340.9509233476,-333.2806719658,-342.3587054223,-362.6734622532,-395.2686250015,-315.3077507389,-296.4140010091,-413.4484149777,-420.9300055291,-342.8633976859,-369.6538398283,-450.0330608578,-354.5404579881,-383.6884613721,-355.2008299348,-523.4015283663,-343.2373871549,-337.3513759047,-347.8110992494,-311.0467157066,-389.4289801381,-341.7247373889,-340.3186979095,-297.6172646384,-341.3236745793,-358.4366545128,-366.0126581438,-317.0153150439,-337.8186655104,-493.2299455515,-440.0185756537,-318.7420963595,-342.54484824,-404.4524190018,-305.7925287747,-389.2486562012,-358.571741966,-425.4533530896,-373.3875942835,-279.5368476238,-369.1535593202,-372.3400443203,-321.3521206646,-330.5060236245,-347.8460728618,-374.2401203654,-394.8599355668,-337.0904719338,-402.9349335513,-403.4325055762,-396.0640324347,-312.4121845844,-275.2932574947,-321.7580665934,-303.3165621938,-313.7154143182,-317.1584488445,-395.6708244436,-331.6713374857,-381.8615026999,-287.7173237647,-375.350812321]},"Model1 ll":{"0":[-134.9572036883,-142.0431187256,-126.7695975263,-127.2548283812,-132.6089359999,-128.3534596057,-135.9321624936,-133.0515236096,-149.4934447085,-127.9313691399,-159.219078961,-154.4512651206,-135.9466542198,-167.3415362342,-147.0584227733,-151.8497591701,-124.7751789128,-133.2387425667,-132.1746719659,-134.7228478187,-148.7331991892,-124.7361924471,-132.9997540797,-128.4875372571,-128.2231156664,-154.1558233701,-131.2669275214,-153.5580179666,-126.9594684691,-124.8956882359,-144.8816212057,-151.9558526217,-131.063339265,-133.347076827,-130.4404624727,-141.2942585076,-147.0901177333,-141.075689979,-145.7325188538,-125.205954206,-138.2607209834,-131.7836336995,-131.5216113979,-147.2888419995,-137.84114003,-150.3987319472,-135.7852148233,-139.4266232147,-137.1292478959,-145.1192378997,-139.8649673421,-156.9125140847,-145.0225878151,-172.4151835753,-136.9293920015,-141.5515388237,-122.5718566351,-125.6363124502,-139.7375860188,-144.2996071704,-126.1475155861,-130.2125798346,-163.1261359478,-136.4251348141,-151.8391182731,-130.3413563938,-134.1215430846,-118.7950007007,-146.0361308002,-130.9307548306,-145.9488388924,-137.5081933577,-124.7010170042,-141.2170516683,-133.9722673338,-146.8161475126,-148.8103299664,-130.6741686101,-127.2094642446,-148.6815593043,-119.1735624649,-141.3460891446,-125.0101389841,-143.9346209817,-157.4175219991,-131.2654377586,-146.7505249055,-135.1644024487,-157.3618084121,-127.7685000526,-128.3704255098,-154.7488591131,-129.5255194495,-154.8303074235,-153.0775670583,-124.5430854299,-138.9116030862,-144.5439239684,-145.1876409638,-148.8754136728]},"Time simulation":{"0":912.5177},"Time inference":{"0":2.9929}}