{"Parameters":{"0":{"Kappa":2,"Tau":0.0158489319}},"Positive hit":{"0":100},"SNPs":{"0":[496699,499347,503602,504943,497917,503786,503552,503192,505466,503472,500284,499053,502714,500812,500990,499494,501535,500427,499598,502519,503903,503955,498525,500310,501918,501035,502039,499486,502038,498883,501003,498304,501203,502380,503613,498914,499809,506797,499304,503219,498318,500014,499462,498640,502747,497133,501462,502472,499242,504349,502333,501446,499439,498093,500356,505217,496105,499261,497937,500922,496448,500332,501264,505169,501321,501457,502064,500503,502249,500828,500667,502419,499523,502749,498692,501540,502250,504529,501948,499135,499416,502088,504537,505647,502757,502596,504122,499712,502026,498749,501529,501363,501305,499207,501597,503850,500884,502314,504508,501348]},"Model0 ll":{"0":[-291.8798051926,-197.3381981249,-157.6023195815,-161.5830777332,-235.4790431021,-157.7148399377,-174.7648284893,-170.0004405785,-197.6846377553,-256.0848064258,-214.4644870071,-253.8396782143,-180.0236299902,-236.2773832912,-237.0349595053,-241.5766405869,-155.6926568351,-172.2290342829,-201.1231012134,-194.240390263,-166.7799805904,-201.3620957872,-238.2846130439,-179.028395122,-213.7012942578,-211.3313839418,-308.7913212681,-192.1997239518,-136.9425153315,-212.7072729648,-182.7820442943,-182.9406706905,-194.4045295044,-221.9247401213,-233.965637379,-319.9251246568,-195.0201174173,-196.2298604281,-161.5252426539,-188.8465838792,-173.2733293391,-209.2596253223,-178.0067326583,-205.3689881417,-173.8792443137,-323.2329882041,-229.8686919157,-139.6700980993,-175.2323133621,-201.6125586874,-203.9655165816,-225.856219802,-213.0761854887,-171.6383955552,-159.1095460517,-287.3249986077,-268.1291399236,-300.898161748,-191.8358938893,-236.0054490465,-242.0077679151,-215.7572606987,-198.0034348255,-154.5162064776,-183.7479913961,-163.0896654806,-170.3379317312,-216.3649676641,-167.3219447941,-174.5980582956,-185.5895324883,-157.1353652796,-201.2829520009,-232.237353069,-203.6542181814,-181.3859022103,-181.7489101842,-294.7608456525,-215.4981741811,-192.2725884854,-203.9154721138,-196.8196027882,-232.1732268307,-174.7456592266,-166.0884398402,-154.3854703493,-260.3804213988,-157.1753284384,-179.0304392629,-230.3569003923,-205.6929880083,-213.2375018986,-157.3039015172,-267.9603045387,-209.3420567428,-171.7215279926,-181.0719561385,-193.0605192271,-155.2437326085,-191.3605747804]},"Model1 ll":{"0":[-123.2561928066,-137.6001480905,-134.5973334461,-131.4234072053,-141.456798359,-123.3547211675,-134.7310809495,-151.8861780814,-145.9580138582,-165.8182812689,-138.5737304256,-143.4090515244,-136.3388433144,-126.6526566589,-134.7881202875,-153.5035106829,-128.007537366,-127.4817804797,-126.5392423179,-132.1199843185,-146.214425503,-144.460614315,-127.9731689304,-137.0986508922,-133.8232934925,-137.8984948699,-143.6289754238,-143.0746171967,-127.3211968783,-138.3844604108,-145.8202911863,-124.1013158166,-162.721357647,-141.8591238571,-134.4226305225,-132.5063108347,-140.8599534356,-155.7183858689,-140.3590625313,-127.7747782934,-120.0436657104,-127.7544360171,-129.7499128893,-123.2207620755,-127.7488643359,-125.4577952612,-135.189887513,-129.5203574544,-128.1827500268,-137.5379906249,-125.2703111619,-128.3762724165,-132.4326994789,-146.954518464,-131.4215181866,-135.523905873,-125.5454795861,-133.4929434356,-136.4973163998,-129.7521632106,-121.5503604851,-127.9685704976,-137.0149808653,-138.2545085484,-136.9483403088,-140.3582038958,-131.9399882679,-126.1270818844,-144.1982800861,-137.4633864829,-130.8638725061,-133.4905174078,-129.7786256812,-130.8228563818,-126.6526090482,-141.5368595686,-132.5586617119,-139.1907687483,-120.1600238211,-135.8735673859,-136.137246811,-136.5379348942,-128.9635882185,-131.9407896328,-127.1733241779,-128.086886773,-142.3652603083,-123.5168271567,-158.8447412116,-130.4828735187,-143.8717603625,-121.7264545534,-128.8507431185,-140.9850401292,-129.5767313302,-135.1853268363,-132.8049672586,-135.2780975546,-139.4866130073,-139.019073987]},"Time simulation":{"0":671.5014},"Time inference":{"0":1.4428}}