{"Parameters":{"0":{"Kappa":10,"Tau":7943.282347243}},"Positive hit":{"0":1},"Model0 ll":{"0":[-117.6584722062,-119.7876792666]},"Model1 ll":{"0":[-114.4225660174,-119.7876792684]},"SNPs":{"0":[115141,112375]}}