{"Parameters":{"0":{"Kappa":2,"Tau":0.0003162278}},"Positive hit":{"0":23},"SNPs":{"0":[502082,500630,499461,496068,501771,501506,503013,500675,498742,495383,498807,499874,500323,499054,498753,501520,497333,496249,502376,497947,500535,500729,500811,499748,498147,500414,500404,501352,497799,500713,502556,498555,500164,500290,502608,499086,499095,499568,500356,500168,503443,500224,500365,500385,499444,499442,501124,497820,499295,499936,499681,499559,496619,502424,499483,496597,500089,501575,497803,497910,498681,504057,501935,497971,497342,502099,497860,496864,503768,497259,499757,496007,497291,500956,501108,496304,499515,499604,499647,502100,500019,500641,500002,499005,499562,501375,500069,500648,497905,494713,496644,499573,498632,498745,498469,498507,500317,502524,498375,500700]},"Model0 ll":{"0":[-129.637393713,-125.2735162076,-127.8297450886,-146.0793461394,-153.4190961415,-144.986857723,-132.7636720684,-132.4553379666,-150.5485124462,-186.9201490199,-141.2623913291,-117.8757319286,-133.7298672563,-138.1831364629,-126.0381810528,-148.8951762935,-154.401590468,-138.2995697575,-142.3112161237,-136.4249920798,-130.7490220965,-133.9750179591,-126.481386383,-138.8179110849,-129.2845963813,-141.4458545796,-124.7856082153,-161.320331842,-144.66822232,-142.5521432037,-130.0306184126,-140.7021174798,-134.8809472884,-131.434112785,-140.3448923826,-145.9341774492,-128.9528460505,-146.3857215344,-132.8651594353,-149.1515811234,-157.2744373152,-124.883203033,-137.3912139175,-131.4732993579,-132.7226714239,-129.7052162424,-126.1533924709,-133.1364382084,-130.773256734,-137.5581590377,-131.2174483912,-133.7378343669,-143.2902273029,-143.4086782116,-135.6522714721,-132.4994077172,-151.8959190881,-139.0172377815,-135.159381817,-170.7618909924,-158.6328043146,-139.2171279921,-151.9534052281,-141.2928975555,-135.4977458046,-123.6905046347,-135.9398884044,-141.9255452929,-139.5572121749,-146.9159853427,-136.3065818752,-147.6003504487,-153.8680633317,-134.6028295668,-157.0068908144,-132.2022762001,-129.547475154,-134.9665365264,-146.0377647092,-142.7071221714,-132.3861869936,-130.0946352328,-156.6731945753,-153.203919635,-124.8944354832,-130.4616281457,-130.9925311875,-129.6475068302,-137.3369052592,-132.5818571892,-138.1338461347,-127.0460539087,-138.107162598,-138.0069740209,-136.1827693735,-119.6671247199,-140.0212257546,-129.5398641539,-184.1009051591,-143.9398868237]},"Model1 ll":{"0":[-129.6373937144,-124.1414626562,-127.1128591587,-132.7638059944,-153.4190961383,-144.9868577232,-132.7636720693,-132.455337968,-143.7899012466,-150.8553603481,-139.1551447621,-117.8757319296,-133.7298672498,-138.1830504335,-125.4940949307,-148.8951762881,-154.4015904666,-135.5671914526,-139.6103484873,-133.1756388328,-128.0477294527,-133.954275155,-126.4297373313,-138.0759553035,-129.2845963824,-141.4458545799,-124.7417799041,-158.4744095682,-144.6682223233,-142.5521431999,-129.1022068697,-140.5750542819,-134.6178235839,-131.4341127878,-140.3448923819,-145.9341774447,-123.2637607413,-146.3857215275,-128.4454288929,-149.0467679663,-157.2744373102,-124.8832030357,-137.0819498302,-130.8550829936,-132.7226714272,-129.6611836449,-126.1533924639,-133.1364382075,-130.7732567385,-136.743734663,-131.089285428,-132.3582575827,-142.7255412859,-139.9971439737,-125.5078527978,-131.7621603445,-133.9262574174,-139.0172377839,-127.23268077,-149.8812584099,-158.6328043105,-139.2171279921,-151.9534052252,-141.2928975473,-134.1309876092,-122.9879499121,-135.9398884044,-141.9147559822,-139.5572121743,-146.9159853432,-125.074803912,-131.1634889686,-152.4712015352,-134.6028295702,-157.0068908132,-132.2022761867,-129.5474751507,-134.9665365267,-146.0377647135,-140.6639425953,-132.3861869939,-130.0946352317,-138.1998758838,-152.8493834979,-124.8944354817,-130.1610277652,-129.5269589138,-129.5613981444,-135.0727683469,-132.1311165071,-138.1338461341,-126.2230194631,-134.3993941554,-138.0069740237,-136.1827693661,-119.667124722,-140.0212257553,-128.7311125247,-139.5758746862,-143.9398868172]},"Time simulation":{"0":921.8259},"Time inference":{"0":3.5257}}