{"Parameters":{"0":{"Kappa":2,"Tau":794.3282347243}},"Positive hit":{"0":15},"SNPs":{"0":[506306,508313,506756,507775,506755,503660,503794,506323,504531,506814,508213,505280,508242,507538,505263,507478,508365,506337,507605,503055,509183,505306,505499,507195,509151,505193,507737,507638,507085,507532,506465,507748,508704,510461,504215,508825,506706,506304,508963,505938,507212,506984,505694,509246,508122,507013,507137,505030,506814,509862,506141,511066,508060,506598,505780,508551,508635,504059,504871,507135,507780,507727,505301,506955,506850,500176,507507,507859,506066,504107,506052,505247,506647,509774,510825,506039,507200,508206,504080,507980,505180,507441,501292,504941,510087,509934,505618,504262,503478,507248,506458,506853,499774,506472,507923,505336,506877,508522,506771,507822]},"Model0 ll":{"0":[-127.4549590872,-146.4654040113,-120.2155882369,-123.1922926154,-141.631863175,-142.4433389009,-145.9067673233,-147.8326810985,-137.6029200421,-138.6339409681,-138.4339730282,-122.9684946989,-138.039098176,-124.115053372,-136.9414914856,-143.0459652035,-134.4576749054,-142.9923481199,-139.7215043133,-144.0115922726,-136.855118561,-138.8270431538,-149.6474381149,-129.5267223429,-128.8656879722,-156.1900831005,-129.4264501379,-131.4722442444,-139.7687675041,-127.9644594873,-129.8942578476,-157.5508448298,-150.9590313947,-153.3409762385,-145.3228469236,-128.4531617681,-134.7205299727,-148.2568327716,-161.343762714,-153.8743527108,-144.3939034507,-155.2036369637,-145.724417838,-152.3803091895,-124.9825034583,-137.4972567804,-139.5193747084,-142.4314080693,-130.4624063289,-122.8361453203,-126.0431831951,-136.5624674065,-139.1618286571,-126.3287949334,-127.1101743358,-128.1757764658,-163.6699294404,-134.1971881931,-126.9718437118,-131.6262078054,-122.4453536506,-170.8800921901,-136.8182603733,-132.4046993647,-148.2457682468,-213.6261412935,-138.9313216392,-151.5749180351,-144.9205802502,-134.5156959049,-130.5412776248,-141.4142228936,-146.6781250881,-130.2355933717,-177.2273965192,-130.88114508,-141.2560843141,-124.0606045093,-138.105230849,-137.0776270786,-127.1270245295,-132.6049704454,-133.945570022,-163.0445923621,-141.7272497044,-136.3799577166,-128.9509747976,-136.132401715,-134.6368024703,-145.7657016678,-131.2415882016,-143.9252511684,-271.6528445407,-140.6206829535,-147.0278472454,-128.2746076491,-146.4965132693,-144.0880719669,-150.9590208808,-130.5910195693]},"Model1 ll":{"0":[-127.4549590829,-146.4654040052,-120.2155882354,-121.9244901337,-141.242859664,-142.0045717554,-145.5004457683,-147.8326810995,-137.6029200402,-137.8083610793,-138.4339730213,-122.1623907475,-138.0390981741,-123.1309424286,-136.941491482,-143.0459652023,-134.4576749025,-142.9923481104,-138.4842129994,-143.5232202087,-135.5768593863,-138.8270431494,-148.1304581307,-129.5267223404,-128.8656879668,-129.9041057694,-129.4264501366,-131.4722442372,-138.9596079069,-127.9644594808,-129.8942578411,-157.3329805554,-150.9590313925,-153.3409762315,-145.3228469197,-128.4531617646,-133.4198302508,-148.1914339532,-161.3437627146,-150.7245295789,-144.3939034436,-155.2036369676,-137.2711316507,-152.16484058,-124.9825034515,-135.0546546284,-132.2884697701,-141.9311765838,-130.4470927768,-122.8361453196,-126.0431831974,-136.5624674018,-139.1618286462,-126.2381495722,-126.6415666505,-128.1757764658,-163.6699294411,-134.1971881984,-126.9718437137,-131.6262078011,-122.4329370176,-170.8800921791,-130.8112069044,-132.4046978019,-142.055223799,-131.7592476644,-129.0009630301,-151.5749180262,-144.9205802383,-134.5156959061,-130.5412776252,-141.4142228897,-140.4732436768,-130.2355933688,-177.227396498,-122.5302544333,-141.2560843157,-123.933842893,-137.0330572643,-137.0776270795,-127.0833180631,-130.9392458871,-133.5234114672,-163.0445923625,-141.5865225853,-136.3799577153,-128.7681165456,-136.1324017142,-134.6368024704,-145.6977059745,-125.8911160709,-141.8983959246,-129.0996881703,-140.6206829572,-147.0261735449,-128.2746076461,-146.4965132607,-144.0844598777,-148.5761506232,-130.5910195629]},"Time simulation":{"0":661.8632},"Time inference":{"0":1.3642}}