{"Parameters":{"0":{"Kappa":10,"Tau":2.5118864315}},"Positive hit":{"0":2},"Model0 ll":{"0":[-50729.5200904073,-52156.6698061647]},"Model1 ll":{"0":[-190.0455381918,-178.3724057462]},"SNPs":{"0":[339367,340164]}}