{"Parameters":{"0":{"Kappa":10,"Tau":10000.0000000002}},"Positive hit":{"0":1},"Model0 ll":{"0":[-110.2800976539,-133.0781180288]},"Model1 ll":{"0":[-110.2800976522,-129.2332406863]},"SNPs":{"0":[114040,112768]}}