{"Parameters":{"0":{"Kappa":10,"Tau":5.0118723363}},"Positive hit":{"0":2},"Model0 ll":{"0":[-9171.5773812044,-9073.5690509287]},"Model1 ll":{"0":[-223.6167853022,-180.4463084314]},"SNPs":{"0":[177578,176904]}}