{"Parameters":{"0":{"Kappa":10,"Tau":0.0003981072}},"Positive hit":{"0":0},"Model0 ll":{"0":[-187.4954069112,-135.1781995851]},"Model1 ll":{"0":[-263.1770707915,-135.1781995903]},"SNPs":{"0":[1135939,1134270]}}