{"Parameters":{"0":{"Kappa":2,"Tau":199.5262314969}},"Positive hit":{"0":24},"SNPs":{"0":[494569,496154,491916,496666,496182,491634,492761,494313,492853,489328,492043,495784,491490,492903,492974,493480,492044,493681,493246,492115,490511,491791,494370,494518,495644,488416,492543,491798,496200,492856,490760,495949,493657,494408,491817,489977,494188,490951,491128,494566,490502,495248,491962,494898,494999,492992,488924,497534,490392,491621,493300,491954,491788,491548,492518,495038,491188,493892,494507,493279,489504,493069,495309,491565,494120,492413,490410,495411,488064,494373,494864,495184,492410,496600,496293,492521,493963,491082,491977,492513,491146,491479,497053,493397,489603,493043,494771,493718,493270,492977,491513,495373,490774,492722,492587,493291,492539,494125,489695,496486]},"Model0 ll":{"0":[-162.3297912107,-166.916781035,-126.1992585869,-143.9434388453,-138.8499889212,-148.2045696558,-122.3434596816,-138.1975516191,-148.6645756371,-140.6346733482,-135.4636670828,-137.3947205393,-158.2064583355,-140.2812663466,-139.281464401,-146.0922969826,-147.3419166935,-147.0912877045,-134.793220149,-147.5820588215,-130.7070321043,-129.9232167528,-134.5787140606,-127.8138946629,-144.2377850409,-129.9199190101,-151.0135446407,-140.6817019414,-150.868608432,-130.1810067435,-138.0965194764,-128.0562691499,-149.9277944157,-125.7528865462,-157.9216859175,-137.5883571806,-146.4522275647,-146.1525860644,-144.4856033184,-138.430897516,-132.4497981147,-136.8218355974,-157.5188701824,-123.7483990743,-142.1633169422,-144.0952070184,-129.0852840312,-137.7562976547,-128.2868485896,-124.1819613476,-141.9461676007,-135.0642556477,-126.6131937102,-143.4824563715,-130.0543135075,-144.1280748226,-137.0165538849,-151.5930530769,-144.5587488398,-128.9943231049,-126.7601085907,-127.2547380897,-128.5888093934,-153.4903033504,-133.7598039542,-134.7609186072,-145.3773254171,-133.29851267,-135.9055355646,-133.7663413508,-136.0837457111,-134.0371984213,-129.1198981583,-143.6636451783,-124.4752126096,-147.1289498287,-146.5598970671,-148.7274258134,-134.070166779,-153.1549462336,-135.2660944515,-129.4818359921,-144.9260859325,-168.4645397119,-144.2532449872,-137.2761030342,-143.2434156237,-155.7661500507,-126.3823503684,-126.1208084483,-137.4030805887,-129.4976035849,-147.6486226506,-145.5903929537,-127.2786991559,-159.8500437906,-133.0605762477,-150.4801982229,-126.9875230075,-141.2591567759]},"Model1 ll":{"0":[-162.3297912026,-136.2247724221,-126.1992585886,-143.9434388385,-138.8499889168,-148.2045696535,-122.3434596795,-138.1975516186,-134.8139456613,-133.3563257323,-135.4636670837,-137.3947205444,-133.8759230104,-140.2444832337,-139.0996558772,-146.092296979,-147.3331618238,-147.0750879069,-134.7932201441,-147.5820588201,-130.7070321001,-129.9232167584,-134.5787140549,-127.2118306804,-144.2377850372,-127.2425704817,-147.0482166161,-140.6817019363,-150.8686084266,-130.1810067375,-130.115740508,-126.6479942912,-149.9277944148,-125.7528865497,-157.9216859227,-128.5165574393,-138.6601546333,-146.1525860572,-144.3230556538,-138.4308975141,-132.4497981183,-132.9964899411,-140.9604910994,-123.6026555784,-142.1633169307,-144.0952070196,-129.0326711756,-137.6011224811,-128.286838273,-124.1819613525,-141.9461676008,-135.0642556482,-126.5375073725,-136.7622318851,-130.0543135048,-144.1280748108,-137.0165538847,-151.5930530874,-144.5587488375,-128.9943231061,-122.3622783572,-126.5756623421,-128.141208639,-134.5972831305,-133.7598039482,-134.7609186067,-144.6581599754,-133.1038541937,-129.0027615417,-130.878832762,-136.0837457098,-134.0371984199,-128.7126055102,-143.6636451703,-124.4752126126,-147.0987287834,-146.5435453719,-148.6895843219,-133.64067139,-142.4222936104,-134.7016925566,-125.7931874285,-144.9260859264,-136.8152990105,-144.2532449914,-132.7926888118,-143.243415616,-155.7661500474,-126.3823503687,-126.1208084439,-132.9093856118,-129.4976035805,-147.6486226557,-140.7006953675,-127.2786991505,-159.850043791,-125.188243112,-142.1717938551,-126.987523009,-141.2591567721]},"Time simulation":{"0":623.6796},"Time inference":{"0":1.598}}