{"Parameters":{"0":{"Kappa":10,"Tau":0.0039810717}},"Positive hit":{"0":2},"Model0 ll":{"0":[-654.7172708255,-166.7367619741]},"Model1 ll":{"0":[-144.8378715718,-158.6839041492]},"SNPs":{"0":[1112420,1136125]}}