{"Parameters":{"0":{"Kappa":2,"Tau":0.0012589254}},"Positive hit":{"0":42},"SNPs":{"0":[501214,499936,499517,500906,497591,497061,496773,500422,501328,499257,496236,498558,499023,498869,495172,497603,495652,499887,487255,499306,497559,502370,498086,495817,501535,500029,496057,498836,503269,499966,498762,500411,497148,502754,494648,499271,496380,502149,499170,495734,493878,498131,496914,502158,497564,497391,500253,501644,500271,496403,498817,496671,498260,498279,498565,500105,500661,499788,499339,502764,496793,496315,502672,500085,500485,496922,500665,497926,500486,501972,499114,499632,499252,500015,498802,496707,497063,497604,499563,498507,498371,501123,502949,499710,497769,502435,499116,499106,502528,500166,496811,497564,497889,497686,500684,499428,499770,498699,500284,497875]},"Model0 ll":{"0":[-131.8155256513,-137.8832694804,-138.7705134518,-146.5217143578,-120.9073460199,-145.028630503,-153.8198785857,-136.6099601357,-139.8765945522,-170.2738669131,-157.9890072495,-146.7067326342,-163.8413333414,-131.5298454995,-137.6594976461,-123.1140617435,-151.9206796112,-137.2164299029,-351.7510138144,-146.6585098868,-128.9622043413,-127.1180573379,-127.4808663898,-129.2092898772,-145.8341705928,-148.1785869165,-169.7823794656,-165.0631346953,-126.7775975543,-173.8887027893,-134.3809288433,-125.2593154725,-155.0189455972,-128.0976125957,-131.1854790769,-139.3407001937,-186.6529499041,-164.9120310256,-142.7908227695,-149.5658398124,-140.0893906788,-203.6438202148,-136.199402036,-132.236728126,-132.0237523413,-135.2665446995,-141.773586398,-142.4479945684,-141.305674711,-127.6035838959,-128.2895208512,-132.1508120459,-144.5030775514,-145.1127466181,-131.4955008409,-122.3375046827,-136.2735904408,-137.3449154904,-147.4402178516,-149.0421759625,-144.1339616013,-149.0906923793,-138.3779365781,-121.8518607969,-126.9507493303,-126.0249221264,-144.6349272432,-132.0197375032,-128.7838399794,-126.3339992712,-131.704914473,-129.0142728792,-137.7795934818,-132.6926127464,-145.9768328767,-145.8420913255,-131.0038961522,-135.0143454855,-162.7393365946,-139.0626373617,-151.8394481428,-127.4146421223,-141.4399233278,-149.2687408707,-136.289311604,-138.1843599221,-150.558266826,-134.4310955467,-119.5480971231,-169.6413399078,-141.4591644817,-126.0564001769,-140.5597824435,-168.8160156018,-148.8737611777,-148.9614653619,-185.1997163287,-151.1654346382,-133.6831948963,-134.1543933604]},"Model1 ll":{"0":[-131.8155256475,-136.9229336163,-131.1940652852,-142.6078670665,-120.907346019,-143.752512432,-131.6393250937,-136.6099601386,-139.6322413493,-162.6738452248,-128.6678026181,-123.9845136401,-136.1042175111,-131.5298454926,-134.2307054091,-121.5452747576,-131.1613565239,-137.2164299011,-140.0353877066,-139.1999041634,-128.8490034198,-127.1180573408,-127.4808663857,-118.1398807444,-145.8341705932,-142.1097424403,-149.1832610097,-165.0631347006,-126.717466656,-173.8887027705,-134.3809288445,-125.2593154723,-140.3038244114,-128.09761259,-130.4104673519,-128.1402601895,-144.8780961891,-158.1469705564,-138.8821005079,-140.7253262773,-128.1371946309,-135.9929737326,-136.199402034,-126.5729261363,-127.2921145172,-135.2665446986,-129.2554606745,-142.4479945688,-141.3056747123,-126.5796132157,-128.2895208504,-132.1508120477,-144.5030775531,-143.2569470005,-130.178505957,-122.3144298626,-136.0913205365,-137.3449154831,-145.1907858944,-145.8430172473,-139.4825838377,-149.0906923656,-138.3779365745,-119.0833976859,-126.8964629936,-126.0249221313,-144.6349272442,-126.109441712,-125.5067763106,-126.3339992653,-127.1069792344,-129.0142728776,-137.7795934852,-132.6926127406,-145.8830105053,-143.7577272164,-131.0038961541,-125.4605740668,-162.7362520687,-130.502061841,-139.3629496671,-127.414642122,-137.2219358105,-149.2687408689,-136.2893116022,-138.184359913,-150.5582668201,-134.4266488645,-119.5480971191,-169.6413398959,-141.459164486,-125.9118803159,-131.5876787847,-144.619037534,-148.873761178,-136.0804443421,-147.5748902092,-148.3191989834,-133.6830923814,-132.6011992953]},"Time simulation":{"0":648.4059},"Time inference":{"0":1.4155}}