{"Parameters":{"0":{"Kappa":2,"Tau":2511.8864315096}},"Positive hit":{"0":24},"SNPs":{"0":[506343,507294,505741,513098,509291,507662,508187,505054,507268,508674,508535,504885,506989,507596,509067,506267,511049,505278,507075,506623,505922,503359,506258,508237,510405,508672,505679,508961,506727,508138,506447,504763,509681,505908,505519,505957,504615,506381,506798,508744,510239,507623,509688,507703,506126,508130,507654,498875,505674,507226,505003,506149,508676,505979,505633,505751,506108,507886,508002,507598,506030,508509,502177,507817,507654,506172,507995,509139,509527,505799,505812,505690,505969,506099,506898,507335,508315,509885,507293,504832,504769,506078,509042,506370,506612,511381,504471,505357,504865,503252,506468,508336,507671,505339,506938,506779,506803,506157,508753,505375]},"Model0 ll":{"0":[-145.262456715,-118.905982959,-126.7416063005,-135.8695150879,-134.8864193946,-137.6131437629,-138.9614086867,-148.0429918527,-147.816959335,-138.6065842134,-153.0526155417,-130.8033757722,-131.6264480584,-156.7696955678,-141.0062081685,-150.3704670616,-138.2375500534,-137.1574454741,-157.1417108698,-131.1503776754,-138.1091529453,-203.0334299061,-134.2890728145,-152.0259196041,-122.9532293797,-141.3585369526,-139.8943534985,-142.1914924964,-136.6340807817,-129.8325819327,-143.2203989422,-130.9023435136,-158.4852474918,-136.7661539397,-131.1195220581,-125.1104439792,-137.516603381,-145.8238832715,-136.8542675189,-136.7136247671,-160.9680854049,-149.818229062,-126.3706943796,-130.5655609851,-144.5254520107,-142.2587260639,-129.5854202303,-370.0059123745,-139.9846140044,-140.8115114213,-142.2688183172,-123.5120094378,-139.7332733143,-137.9381508571,-126.3183083648,-121.2639559992,-131.9607562532,-134.0078612983,-137.5533158455,-128.9662230004,-124.4028509809,-127.7735925375,-132.8791012167,-135.7644864278,-146.9960725266,-126.0611081866,-153.8412276444,-126.5686557088,-122.6615174123,-126.9357801119,-134.1084701878,-150.4120854684,-126.936987216,-125.0783576315,-149.0497804049,-125.7600499058,-137.1679028883,-140.9291589926,-121.8456072641,-149.8022361244,-130.8360703235,-145.9211829297,-160.769218656,-139.1514147013,-141.4576965151,-147.6217324669,-184.4794903388,-148.9231294803,-127.1994388588,-141.0050562297,-136.7726329612,-161.4723285609,-140.5330262732,-133.9620649682,-125.1098949215,-143.9762532224,-135.8916441183,-130.6662343814,-129.7059970408,-135.5106100038]},"Model1 ll":{"0":[-145.2624567123,-117.4205334444,-123.5146083762,-135.8695150893,-131.8817316767,-135.6306114578,-138.9614086833,-148.0429918444,-147.8169593311,-138.5826407162,-153.0526155259,-130.8033757712,-131.0564651678,-135.3357225308,-141.0062081596,-145.0450739597,-138.2375500535,-131.5115575289,-157.1417108672,-131.1503776728,-138.1091529498,-147.6273117448,-129.5066827895,-146.3788220296,-122.9532180887,-141.3585369445,-139.89435349,-142.1914924925,-134.1318827522,-129.832581932,-143.2203989313,-130.894219403,-152.266404682,-135.5017804242,-130.5242717027,-125.1104439823,-136.8167372913,-145.8051361883,-134.2025215647,-136.7136247614,-156.7341047788,-149.8182290562,-126.3706943786,-130.5655609787,-144.5254520044,-142.2587260666,-127.9342999902,-163.8150415323,-139.9846140057,-140.8115114151,-141.9086859972,-120.7911918887,-139.7332733113,-137.6334766168,-123.7172857908,-121.2639560036,-131.9607562524,-134.007861292,-135.980520136,-128.9662229977,-124.4028509821,-127.7735925329,-132.7483570921,-135.7644864253,-146.0719210377,-126.0611081877,-149.5927405339,-126.2728794566,-121.7843534089,-126.9357801092,-134.1084701861,-133.963723655,-126.9369872158,-125.0783576309,-148.2527811767,-125.7600499059,-137.1679028862,-140.9291589906,-121.845607259,-149.8022361169,-126.3145212659,-145.9211829302,-160.7692186432,-136.7349128157,-140.078360231,-147.6217324547,-139.3190199473,-148.2103421636,-127.1994388619,-141.0050562198,-136.7726329564,-161.4723285546,-140.5330262675,-133.9620649658,-124.9790804216,-141.4683983731,-135.1261787982,-126.6679206485,-129.7059970368,-129.9018606658]},"Time simulation":{"0":666.8756},"Time inference":{"0":1.3655}}