{"Parameters":{"0":{"Kappa":2,"Tau":5.0118723363}},"Positive hit":{"0":100},"SNPs":{"0":[511485,510491,502232,507643,511389,515182,506560,510892,506122,510455,508509,505549,506174,507049,509405,512582,509757,505903,508798,508139,512295,508060,508257,508036,511194,505837,508905,513152,512704,505063,508508,508616,507624,513770,509505,507017,509367,509900,508878,507542,508824,509596,507085,507203,509636,508653,510172,505539,509825,510761,510510,508492,510424,509080,507971,508264,507279,508825,510746,508956,511317,510838,507536,505650,510481,507080,505782,507971,512026,510269,509295,510601,510539,512214,513463,509339,508534,509765,506988,509680,508753,511979,506705,508199,510993,511569,507969,510125,506948,508200,512944,506737,506115,513375,517470,507088,507850,509797,510659,510715]},"Model0 ll":{"0":[-862.5964441363,-818.4262815682,-833.4229757116,-920.8708541613,-832.2729705623,-821.325137137,-967.754440795,-914.2080149902,-878.7283310763,-897.5050363161,-966.5881362926,-884.6221144757,-723.0435082043,-854.4704348677,-822.5905966554,-812.7626407653,-694.01886486,-911.6442007784,-808.8226449151,-988.9906011984,-735.8490837346,-913.9428739454,-776.4752516474,-749.7881749912,-822.7316243058,-812.0993151675,-777.1020316115,-929.419298677,-956.9263908816,-921.29726393,-837.5959511774,-892.4855596176,-943.2470635923,-939.1235830885,-760.4819250866,-933.3831109718,-837.1928555212,-762.6782752837,-778.2514732631,-882.0972789281,-770.9201352766,-955.7056215646,-763.0103711369,-1053.9685152833,-822.4459946535,-849.9631899945,-878.3358701526,-1167.738942293,-933.1567361773,-1074.6713971708,-1003.0409632491,-853.0102525608,-897.4490002332,-847.5953192665,-804.1848520401,-774.813325933,-939.0768027305,-934.9360492585,-908.0165455907,-1008.7797892603,-890.9536019923,-751.9840745908,-824.273029669,-993.5577886706,-938.7578938936,-917.1729194497,-791.3725319964,-857.5370931959,-862.0874971421,-828.9204664969,-1002.2895227282,-802.202714263,-782.7108411346,-989.6134455969,-866.9856950582,-848.6098768301,-863.2093877156,-756.8314514939,-1147.5757333954,-768.5040182924,-946.6498532824,-867.5418691801,-801.2161814246,-781.3178890492,-899.8508322147,-1008.5543802977,-965.3619583666,-893.4255738776,-965.399178393,-888.9493920625,-988.7245104181,-862.0196536378,-945.2833257901,-837.9271900426,-1040.9341606418,-800.2882696277,-943.5659659637,-915.7183972047,-834.2976883918,-959.3537034634]},"Model1 ll":{"0":[-137.6807734535,-141.0236728438,-147.2274246258,-130.6349627056,-159.7293154971,-145.3862237737,-145.6210131737,-126.688989734,-122.0396480349,-147.2557495833,-154.5486629177,-126.6626747273,-161.557987145,-123.5913884806,-126.0839493914,-127.5094887945,-133.5334477593,-144.044908225,-156.5673021256,-158.5601836939,-122.9862435902,-127.4823130257,-129.5328088312,-149.2407572872,-140.7142325468,-132.8057231888,-120.1333377875,-132.0514229303,-130.8542602576,-127.1742093061,-140.4313462532,-139.0330873826,-158.4844159609,-137.967614858,-152.9161260936,-131.0154980552,-126.8373773088,-138.4903295926,-138.3053992709,-131.345118582,-134.3598954559,-136.8494923548,-139.7491946648,-162.0885838743,-127.2783093764,-145.683579913,-142.5386743445,-165.4157988631,-125.9386258352,-152.3734926358,-163.2390120183,-137.3143912295,-137.3471412616,-137.5905226917,-148.7363736638,-133.9655310462,-137.7189068841,-130.2492685563,-136.6781408654,-151.7415129783,-146.3769005889,-135.9466983643,-142.3399469766,-153.9864017774,-135.3725211465,-152.8423888797,-143.9353909338,-134.868470092,-133.3734944471,-141.5825356294,-144.7609457665,-145.1190575679,-136.5796604625,-151.4356096479,-142.4308092792,-140.4016832966,-137.4828042085,-140.8037846409,-172.6009162282,-125.4745328743,-154.0676431512,-134.431439584,-131.9870772328,-135.4651577039,-131.6019846982,-130.2979992247,-133.1510627845,-157.9540275581,-166.4591923309,-157.7594246847,-162.8922632025,-127.7112286197,-137.2883896406,-133.1918966756,-142.3138046857,-150.9915536953,-145.1112432278,-166.714456397,-161.6674984388,-139.7751887245]},"Time simulation":{"0":858.4434},"Time inference":{"0":1.4964}}