{"Parameters":{"0":{"Kappa":2,"Tau":0.1258925412}},"Positive hit":{"0":100},"SNPs":{"0":[502420,501306,501345,500737,494342,499813,502323,501361,499367,502111,497314,503733,498730,498160,500386,499731,499741,497972,499713,498879,500367,501803,501052,503948,503120,501806,498480,501100,502288,498715,506938,501731,501806,500802,497840,499544,498418,500899,500667,499485,495605,503795,499724,503107,501323,497872,499468,502455,502161,501632,498926,499851,500442,497956,496691,498822,496176,503814,498883,504187,501398,503884,498826,498947,501361,501273,499433,499121,500836,500203,499833,498712,502451,502526,501995,501496,497904,500461,498491,500848,499774,499714,499341,499579,501268,496981,502153,499814,496680,499869,498929,498672,503930,498346,499386,501366,498012,500134,501454,496667]},"Model0 ll":{"0":[-2069.3790163401,-2414.3298244682,-1979.8879136899,-2029.8993476043,-2211.1175824195,-2104.7923234198,-2481.7594961544,-1914.6463578431,-2312.8373060912,-2027.9237204047,-2241.2452927059,-1793.1444699478,-1906.2100546446,-2230.0501350311,-2283.2763094637,-2371.577178985,-2288.1546428115,-2141.7589619793,-2322.0487422301,-2247.0896949945,-2288.6218606842,-1981.0810648427,-2194.6460438563,-1966.1252271187,-2033.1088568063,-2102.9955096921,-2041.4626618732,-2123.3122078417,-1979.8796773066,-1660.6727203055,-2356.1504826232,-2437.8301617805,-2459.5251442427,-2247.2763581338,-2291.5687212121,-2220.5637866787,-2202.475554229,-2485.8276243397,-1956.796729112,-2222.7463666637,-2214.5540452337,-1810.2930146326,-2257.2929926303,-2161.9202123544,-1942.7616421044,-2337.3485939406,-2033.8534004108,-2112.2828106092,-1905.6652888681,-1999.6260880523,-1949.3337116349,-2187.1321896783,-2161.7749078841,-2427.026440203,-2147.4723191219,-2235.2510163172,-2351.5383036639,-2119.2253818958,-2406.7653138096,-2076.6439638454,-2262.8134943927,-1928.2882914284,-2529.1254434826,-2244.4256583379,-1913.1788774304,-2284.1751893978,-2467.3240136988,-2096.3148075673,-2257.44566234,-2042.5169947563,-2177.0152897692,-2351.9843199079,-2303.9427351953,-1970.0358988648,-2139.7000389544,-2124.1964639838,-2627.7563398617,-2210.6172839446,-2366.5223894797,-2271.7668004441,-1930.0306946776,-2089.9025765721,-2300.4147837376,-2513.3288159624,-2175.5936771793,-2485.214975253,-2132.8018448881,-2171.8533237071,-2329.1004488375,-2183.8218085899,-2193.1734058543,-2462.1205456306,-1896.9530290945,-2386.2667013224,-2045.8042026455,-1887.0847707071,-1981.7605165205,-2485.8637048457,-2062.6405882406,-1971.8765508388]},"Model1 ll":{"0":[-216.7470723498,-198.818210304,-191.1149498394,-172.5912933232,-171.1332141933,-181.5127648334,-189.257424104,-162.0289288107,-169.0876958354,-165.6259907171,-171.2010700021,-163.151816037,-148.9544386896,-190.9140736363,-147.0664514162,-158.0416011568,-183.2903032986,-201.4615520148,-134.4213347518,-194.9754962103,-157.3048790773,-160.6121278619,-202.8392309153,-193.4565575448,-148.5262100809,-161.3503581274,-181.4852705879,-174.4196615862,-166.1434681078,-179.1567557083,-157.1267132344,-134.0764260813,-143.6915912287,-145.7095310859,-144.4031344867,-179.7616378527,-224.3320337438,-197.8052393838,-159.1094576624,-202.3527971267,-187.6964163909,-161.4655930615,-187.603757081,-162.0114578696,-153.905893527,-163.291359564,-166.1293081113,-151.5091098032,-160.2406421528,-180.6568370847,-127.2125075943,-157.8880551296,-162.303108159,-171.8416234946,-165.539581318,-151.9857881045,-177.5465658571,-170.9052546921,-152.4535894086,-177.8321962052,-202.2430621083,-175.2556887261,-207.1902937706,-157.5837353583,-163.5040388595,-164.9629423214,-164.3734981425,-199.6220543249,-188.3289668044,-157.1027053333,-144.2541778597,-178.9058242784,-211.18076303,-131.7211478673,-159.3267013423,-140.5141792623,-142.909315002,-149.5607816316,-161.0835831605,-167.200351036,-181.2061060901,-172.9423519334,-288.1937103819,-168.1743626738,-180.2840638639,-167.504267,-149.6656838134,-175.2162227292,-154.7157509939,-173.8037662719,-179.3965535561,-195.1799353837,-184.6686090271,-188.6513960851,-121.0938987709,-199.5667684222,-172.9815415601,-183.0502139779,-173.2293823349,-176.4377877189]},"Time simulation":{"0":1026.1048},"Time inference":{"0":3.1439}}