{"Parameters":{"0":{"Kappa":2,"Tau":19.9526231497}},"Positive hit":{"0":21},"SNPs":{"0":[492770,492934,494047,493988,493780,493472,494838,495994,494617,491679,490200,492985,492770,493432,495482,490066,494257,490278,493364,494981,495284,490095,493903,492062,493211,492023,493092,493837,494073,491072,489374,491990,489175,492575,494197,494121,492447,490201,491593,494590,491397,494492,493353,492726,492825,494261,489807,492167,493685,490712,494736,493627,489808,493009,494376,491908,491856,492849,493161,495052,490785,492613,495349,492546,492863,491680,493073,493517,490899,492903,491574,496091,496705,492005,489341,491102,492913,491560,493339,493152,492605,495634,492523,490655,493155,490648,493898,489370,490403,490846,494027,497230,491303,491663,494230,494663,491145,491323,491991,494514]},"Model0 ll":{"0":[-136.5141803128,-137.2465098005,-136.6660321356,-150.1335565053,-140.4534145374,-131.2982701062,-158.9229347223,-130.5520746142,-163.6006855081,-125.3468379054,-141.330941024,-157.4462759964,-154.5404046067,-144.048212197,-148.0878070731,-131.7630518863,-138.7670357925,-130.9730986281,-127.0377291486,-132.1094608405,-131.5634742031,-139.2091063611,-137.5353052904,-126.4093851414,-132.2613054001,-129.5580586448,-148.8938768992,-179.7844624971,-144.2286001367,-138.3155015171,-130.8536978411,-149.4384012483,-143.4101047652,-140.5329092565,-150.8097516423,-136.7577291975,-151.2053855753,-122.9489083967,-143.6917049659,-162.4211152924,-138.3712112078,-122.9030923171,-137.4082119146,-137.1075263352,-121.1382458055,-141.6272026198,-147.53239296,-147.1511806025,-141.1777162685,-133.8319388548,-140.2862282184,-149.3466699394,-208.5792324446,-135.7093638473,-143.7923959651,-161.6042434844,-146.7079454337,-142.5265922632,-142.2409833822,-155.7510735863,-131.5008967754,-131.7748761731,-141.1772895023,-129.1607245412,-127.0413323748,-124.3623565279,-132.9232033211,-133.4614462555,-124.5858512563,-136.417024113,-139.9811934483,-124.9346301126,-142.2338807343,-133.2821427054,-167.4459953406,-144.4559494767,-131.9262237171,-153.7589127631,-131.5307632039,-148.9401587622,-135.6461572662,-133.9962283475,-142.8642673972,-139.5738397731,-132.2902643624,-142.4466983142,-150.6350631321,-125.0709768702,-131.9888130831,-132.5014314731,-136.2830668584,-154.6326535238,-171.9709444824,-139.3366414269,-155.8452647236,-122.0723480319,-148.8055798854,-150.7628693446,-156.3730704841,-137.5210933097]},"Model1 ll":{"0":[-136.5141803096,-137.2465097981,-136.6660321393,-144.2087051781,-140.453414534,-131.0592562149,-158.3004377994,-130.5520746148,-163.6006855059,-124.5205623133,-141.3309410196,-157.4462759943,-145.6797479228,-143.4731145967,-148.0878070631,-131.7630518828,-138.7670357898,-130.9392113553,-126.456558929,-132.1094608436,-128.2846973359,-139.2091063671,-137.5353052918,-124.3681951137,-126.5647031562,-129.5580586383,-148.8938768935,-179.0819613614,-144.2285555975,-136.0051818721,-129.9577787756,-149.4384012525,-129.9862818179,-140.5329092598,-146.1343798481,-136.757729193,-150.9462714183,-122.948908394,-138.8202201983,-162.421115287,-138.3712112084,-122.9030923129,-131.8852019857,-136.6907348778,-121.1205752118,-141.6272026132,-147.3970957906,-147.151180601,-141.1777162596,-132.5028902373,-140.2862282146,-149.346669932,-149.6728384228,-135.7093638496,-143.710763446,-159.7565107238,-146.7079454343,-142.5265922683,-142.2409833831,-155.7510735897,-123.8712177646,-129.1085051397,-141.1772895045,-122.0191904507,-127.0413323733,-124.3623565301,-132.9232020736,-133.4614462519,-124.5858512555,-136.4091922962,-139.9811934481,-124.934630114,-141.2087235604,-133.2821427128,-144.3981937238,-144.4559494717,-131.9262237132,-153.7589127565,-131.5307632054,-136.6427708672,-124.0774088531,-133.9962283518,-142.8642673903,-139.573839771,-131.4716711165,-141.9706685981,-150.635063132,-124.993556969,-131.8888709875,-124.1742573157,-136.283066859,-154.6326535124,-152.4853169009,-130.2236581938,-155.8452647293,-121.8817208695,-148.798650715,-132.1754369588,-155.1251757816,-136.7244310789]},"Time simulation":{"0":860.9654},"Time inference":{"0":3.6951}}