{"Parameters":{"0":{"Kappa":2,"Tau":5011.8723362728}},"Positive hit":{"0":25},"SNPs":{"0":[507345,507158,505511,507453,505665,503979,505927,507613,507633,507169,508836,507259,506570,509231,506893,506870,506245,504715,507507,503668,504193,510634,506135,508812,506847,506800,507965,504402,506153,509668,504515,508501,503589,504478,505942,507110,505072,508679,506404,505502,507037,506286,506832,506329,506855,506561,507774,508171,507794,508399,506686,505175,506447,505740,504169,507872,505975,505581,505909,508194,506786,507615,506365,505330,508063,509767,506771,505895,506292,506040,502250,505622,507638,504282,507417,506580,509365,505735,504995,506416,506503,507212,509198,510016,505418,507315,509177,510295,505909,504989,506231,505707,510064,508158,506328,509977,504192,505065,503314,508799]},"Model0 ll":{"0":[-141.0687085035,-166.1226903032,-144.790603635,-171.462237862,-137.6332251144,-139.3344345267,-141.3904638012,-121.3778921117,-146.4683134126,-126.4873430831,-137.2242760347,-141.913368103,-130.5607242869,-133.0595737304,-126.8155040694,-144.7464717842,-131.1764332635,-147.5779050295,-155.2629179459,-143.0551344194,-129.8719266875,-136.2387547339,-147.3620390183,-121.5055677671,-127.6054032137,-132.9596940438,-152.4220838984,-167.0346191422,-133.1300809055,-140.9531503358,-134.7160017462,-139.0983718726,-130.4301923934,-134.3071044707,-132.023686272,-121.9381936816,-132.2557274908,-147.7112490558,-151.1959884833,-128.2250847315,-140.1966291017,-129.7587738416,-152.5600759873,-134.2013617619,-135.4806551658,-133.2483537492,-144.1154220753,-141.6981364767,-132.4127076577,-136.560851852,-163.4645735356,-136.8611516708,-133.2906849712,-140.0726609335,-163.0108596257,-143.0731907293,-144.6800823196,-133.781710258,-138.7217019467,-129.0663276839,-149.2147535839,-141.6842352557,-151.905007988,-145.5747284096,-127.8079957984,-132.9232138005,-135.1072791545,-128.2881712536,-132.9702805251,-158.7784413232,-150.9194601683,-126.8112677335,-139.8013570814,-135.1329993056,-144.7330640174,-148.8647564616,-133.0061189402,-140.4709242585,-145.1050394984,-148.5091652167,-155.827537942,-133.4755593058,-140.7558501179,-125.5470584241,-124.6510154904,-133.243362002,-149.8140143696,-158.6927085832,-151.0650586699,-128.2973014741,-135.2128126769,-130.3647327035,-127.7751379321,-128.9378551216,-140.1564978009,-124.4615899203,-143.9599718329,-128.7203916709,-160.173769312,-121.5211860297]},"Model1 ll":{"0":[-141.0687084947,-166.1226903101,-144.7906036265,-163.1966645614,-137.6266048126,-136.807213536,-141.3904637912,-121.166290045,-146.4683134105,-126.3680248666,-137.224276025,-141.9133681011,-129.5222740119,-132.4661494529,-124.2319329724,-144.7464717768,-131.1585103927,-146.6742671171,-155.193237688,-142.4637649847,-129.8719266872,-129.9461871993,-147.3563746453,-121.4788384304,-123.5927626664,-127.7268543361,-152.1832632908,-167.0346191374,-133.1300808977,-135.2212219153,-134.716001741,-139.0983718681,-128.1981480056,-129.4152539631,-132.0236862692,-121.5623595213,-129.8398809119,-147.7112490423,-151.1959884848,-128.2250847318,-139.9418744474,-129.7040494303,-143.9668109842,-134.2013617618,-135.4806551575,-132.5565674293,-142.3870028112,-141.6981364729,-132.4127076576,-136.5608518551,-163.4645735209,-136.8577869065,-133.1026915626,-129.9576253116,-158.2718422339,-136.8193201637,-144.6800823075,-133.6536232766,-138.7217019485,-127.264562996,-149.0366232647,-138.9981237836,-151.9050079818,-145.5747284005,-127.807995792,-132.9232137899,-132.5121267537,-128.2881712563,-128.2809018813,-158.7784413229,-150.5995470216,-126.8112677282,-139.8013570799,-132.2120008785,-144.7330640133,-147.3113996875,-133.0061189336,-137.4902887565,-145.1050394843,-147.8319766268,-133.0360973568,-133.4755592969,-140.7558501096,-125.5221738949,-119.5526525186,-133.2433620012,-149.8140143722,-150.6118773554,-140.0859846694,-128.2973014699,-134.9865435417,-130.3647326978,-126.7344893058,-128.9378551147,-140.1278394307,-124.4615899196,-141.165466376,-127.3677089159,-133.04799808,-121.5126747301]},"Time simulation":{"0":533.8133},"Time inference":{"0":1.2527}}