{"Parameters":{"0":{"Kappa":2,"Tau":630.9573444802}},"Positive hit":{"0":24},"SNPs":{"0":[505634,506869,505098,506456,507009,505922,504812,508988,504266,508693,505237,508068,511627,504732,507250,507446,504384,507834,508712,509545,506967,505245,509318,506475,506758,507435,509394,509334,506287,507216,503933,505803,505214,506274,506809,506723,506219,508562,505854,509871,506255,502454,506196,508494,504650,507255,506615,506223,506234,501751,508433,508863,506619,506277,505792,505889,506285,504609,502450,507590,504203,506637,508499,508479,508350,506088,506051,505726,504391,510132,506642,510103,507518,509162,509254,506616,509191,506224,504058,507846,504911,506208,509427,507090,508477,510063,506446,504902,506370,506211,507131,507790,506555,505419,506636,504022,507328,507836,507467,509873]},"Model0 ll":{"0":[-143.2076558606,-140.8370086748,-137.3560333546,-149.6416735243,-141.0591620057,-135.6525286284,-145.1600359272,-138.6718877098,-129.1957493674,-135.34692659,-134.2519109053,-139.2050246266,-150.0287566894,-148.6085901501,-139.7856705621,-146.1076629447,-148.522343303,-149.0638434452,-121.0476432479,-145.6371859759,-133.5430498567,-137.6840121291,-139.5341516562,-133.5938041461,-129.6377616353,-136.5735585632,-129.0578148752,-137.9519943478,-134.5581001633,-140.1761912849,-134.6915806453,-138.7505211103,-131.9620411854,-128.3293207148,-142.7824898371,-136.2856701312,-134.5675216796,-144.671798117,-141.9995827039,-126.0347331582,-128.8437338904,-148.5337242879,-157.4133616201,-155.5796195952,-135.421827129,-134.7014283976,-144.2954420293,-127.6054155346,-126.1638776415,-172.899652596,-129.9693083421,-131.7995005062,-132.0083949469,-125.7754758687,-135.8880490847,-138.3425850801,-144.4198853748,-135.544787268,-133.5982089858,-169.2938514321,-163.805355347,-130.875941085,-131.9364086075,-161.1396760682,-140.064128136,-134.251900585,-148.8337274079,-137.6984852116,-135.9054902771,-145.3258494132,-123.8781032482,-125.4246968835,-141.1332053118,-154.0698016984,-137.4742285571,-150.8840756374,-130.0241849916,-128.2669653102,-143.7873561354,-135.6128407657,-145.0719726494,-130.2932615275,-133.0191864534,-134.1711789542,-139.1408041247,-129.5922566201,-127.0314417202,-150.5578882349,-138.9056861022,-141.9373748177,-143.9216410603,-130.9931812955,-131.0751309409,-143.0199378169,-124.3231321477,-129.8315317858,-157.5113274492,-145.7534474744,-122.6319127737,-134.3490081024]},"Model1 ll":{"0":[-143.2076558538,-140.8370086651,-125.3045517752,-147.8230525009,-138.0479662493,-135.3868910626,-145.1600359285,-138.6718877106,-129.1944801068,-135.3469265807,-134.2519109071,-139.2050194917,-149.9146711925,-140.156162807,-137.1690594067,-146.1076629512,-121.3508014642,-149.0638434369,-121.047643248,-145.6371859696,-133.5430498489,-137.0276195763,-139.5341516537,-133.5509969614,-129.5339402542,-136.5678435434,-129.0578148677,-137.195280152,-134.5581001624,-140.1761912811,-134.6915806449,-133.7119894982,-131.9356938258,-127.5532278786,-142.7824898362,-132.5798486815,-133.3901162231,-144.6717981128,-136.8629727207,-126.034733158,-128.266714985,-148.5337242878,-157.303452531,-144.6885208528,-135.2123111326,-127.4663159632,-144.2954420238,-127.6054155348,-126.1638776365,-137.3272708462,-129.9693083347,-124.4970369081,-124.0799630505,-125.7367974317,-135.8880490834,-137.7181774881,-139.7923041352,-134.4485717475,-133.5982089874,-169.2938514184,-142.4439865396,-130.8759410807,-131.9364086026,-161.0633206911,-139.596367172,-131.7375828748,-148.8337274075,-137.6984852044,-132.0256875337,-145.3258494052,-123.878103243,-125.424696883,-139.0256633224,-141.612907323,-137.4742285551,-150.884075641,-130.0241849931,-128.2669653085,-138.442408522,-135.2908843652,-144.2674362533,-130.2932615254,-132.0757807896,-134.1711789504,-139.1408041204,-129.5922566187,-125.5261384933,-147.5305861577,-135.1309877403,-141.9373748117,-143.9216410645,-130.9931812965,-131.075130938,-143.0199378152,-124.1671185621,-122.9784935219,-157.5113274416,-131.2368076234,-122.6319127731,-134.3490080942]},"Time simulation":{"0":655.4787},"Time inference":{"0":1.3546}}