{"Parameters":{"0":{"Kappa":10,"Tau":0.0025118864}},"Positive hit":{"0":0},"Model0 ll":{"0":[-141.1877068775,-145.1358346704]},"Model1 ll":{"0":[-141.1877068742,-182.234179178]},"SNPs":{"0":[1133349,1130497]}}