{"Parameters":{"0":{"Kappa":2,"Tau":3981.071705535}},"Positive hit":{"0":28},"SNPs":{"0":[507796,506320,509480,508008,504360,506841,506932,506370,504685,512232,504837,505780,508889,508854,507514,507135,505379,503864,505234,504692,501142,506985,509059,508852,507751,507797,507671,506870,505948,508268,511959,505401,506560,509535,506831,505872,509602,508729,506582,505928,505876,508630,504805,507054,507036,508955,505407,508598,505591,505936,508648,504371,507570,508035,508188,505973,505759,508290,506867,507331,507431,505653,505197,506017,506205,507545,509706,508211,506363,507528,506249,505685,507268,508647,505903,506474,506882,505305,505892,506223,506599,500634,506308,507991,509974,507198,509044,506356,510175,507048,507456,503509,505586,504751,509669,505999,506381,506701,509531,506678]},"Model0 ll":{"0":[-132.8039389702,-146.0228650001,-146.5353456192,-130.594272596,-143.4060658922,-159.0195676265,-153.3935902016,-151.5064800816,-128.574930814,-149.2776185949,-124.8568241876,-132.0334763768,-132.8722932652,-127.8581638358,-132.962078606,-123.9530551846,-131.0239485942,-157.4970479822,-127.022980015,-133.3400974412,-141.6475086677,-129.8430920995,-124.6136328639,-149.6344890066,-122.4789623503,-151.9653149981,-136.2428709393,-134.2473981444,-138.9108613081,-130.2968342149,-165.2320684929,-141.5324562105,-143.0546302802,-134.6068411494,-146.3187218774,-141.7123027781,-140.3861822111,-147.5515758151,-133.0176466505,-127.4396768493,-140.7389300242,-138.0621973089,-153.1805821655,-133.4623480444,-147.4062294006,-125.2272455839,-138.1175670557,-154.4380449537,-159.7371120395,-161.5857850784,-126.2654684094,-143.4057233553,-138.6576703078,-128.5937254443,-137.3966747037,-143.3716877921,-147.2918070668,-153.9514866129,-172.0678476508,-149.0940099342,-131.3251487901,-127.5932113697,-127.2873556212,-133.0788546932,-125.8008257762,-132.8906320664,-151.2108998327,-160.8596084972,-162.1826617709,-123.3858910614,-145.2034287377,-130.8069251748,-130.7246426201,-148.9683323447,-124.6998921654,-141.6191302608,-124.7016664446,-139.5121644246,-125.9591197013,-123.9295438136,-155.7297482798,-135.0072924027,-128.1738395851,-130.6707775399,-135.0681827624,-123.5991675102,-135.3181585008,-139.5628265885,-125.8506754312,-153.05002816,-127.8974555372,-145.065985509,-147.5360971692,-136.7391264233,-136.5620799639,-163.6179915984,-133.4401775403,-140.2613649565,-143.3954891709,-131.738397225]},"Model1 ll":{"0":[-132.8039389658,-146.0228649884,-146.5353456116,-130.1704522205,-130.7069418715,-136.4482959727,-150.7404810794,-147.5014071188,-127.5785984248,-144.9854118201,-124.8568241908,-132.0334087651,-132.8722932586,-127.2260321604,-132.8196269161,-123.9530551827,-130.8264644798,-134.099116975,-127.022980012,-133.3400974328,-140.444278877,-129.7764987994,-124.6136328601,-149.6344890009,-122.4789623476,-149.2780681617,-136.2428709327,-131.3160023314,-138.0648557048,-130.2968342155,-163.9411494583,-141.4186347288,-142.7616980715,-134.6068411441,-137.3879960091,-139.7766747002,-140.3861822003,-147.5515758188,-131.3409447313,-127.4379842749,-126.4991454649,-138.0621972984,-153.1805821579,-133.462348039,-147.4062293921,-125.2272455791,-138.1175670532,-154.4380449551,-150.5582304108,-148.6577858628,-126.2654684111,-141.0463114901,-138.6576702964,-122.9638829943,-133.1518755974,-142.889219731,-139.6649247368,-152.7073343821,-149.4942673544,-149.0940099239,-129.7493657792,-122.7032995937,-127.2873556192,-133.0788546864,-124.6972137557,-132.8906320716,-151.2108998223,-160.8596084863,-159.7483794969,-123.3858910596,-145.1821334018,-130.6963018167,-130.7246426175,-138.1152175226,-123.9761387807,-141.619130262,-124.6883349459,-137.442403412,-125.9591196982,-122.8725561831,-152.5647154065,-130.6672283283,-128.1738395804,-130.1368471352,-135.0681827529,-123.5880876326,-135.3181584951,-128.3181453453,-125.7130748511,-153.0500281635,-127.8974555329,-125.806189878,-147.5360971679,-130.9234301311,-136.5620799626,-163.4732653473,-133.4401573973,-140.2613649489,-140.1509475298,-131.7383972184]},"Time simulation":{"0":632.1341},"Time inference":{"0":1.4403}}