{"Parameters":{"0":{"Kappa":2,"Tau":0.0006309573}},"Positive hit":{"0":28},"SNPs":{"0":[499578,501189,498718,499645,502019,497430,502765,501299,498340,503027,499805,499233,504004,494531,500226,498423,495639,500875,501734,498360,499083,500446,497915,500790,500610,500975,499054,501019,502005,500258,500843,501951,502951,501428,496112,499358,501117,502935,498897,495777,500064,496505,499962,499547,498831,497943,499213,496459,499077,498628,500877,502522,497094,500972,499507,497917,500024,501970,498165,496940,499038,498678,501575,498955,497365,500991,498539,497973,495147,498771,500152,500500,499474,500498,499087,498447,496433,499654,501607,500733,500023,499897,498353,498388,499664,497222,500361,497257,500255,494687,501169,497194,496104,502101,494301,497004,497398,498365,500229,499357]},"Model0 ll":{"0":[-128.7302828989,-146.5264788631,-148.414808423,-141.0894615495,-146.5137317018,-144.8528809106,-131.8087737329,-140.2800165476,-168.7032887539,-139.4492536966,-135.8917190403,-137.0934408226,-156.8592744368,-162.4177874526,-131.5953750245,-135.7886850351,-154.9383426785,-157.2178232216,-132.4869571932,-148.6915570553,-139.3853675369,-148.5623552848,-144.2146795031,-151.4554480564,-136.7694483199,-126.9695819288,-133.0136750438,-135.9728980366,-129.710280886,-130.0376691941,-132.7187290006,-136.2170756753,-127.6818366966,-139.7361735971,-133.1677942474,-148.5965272346,-130.8566178627,-151.3380239359,-134.3402122359,-152.5736550322,-130.530634959,-162.998908947,-131.930306656,-131.6319177597,-132.9620130464,-130.8650963463,-129.5252275293,-149.8788614361,-140.4836277842,-125.1767799426,-127.8600707482,-119.7027468947,-174.6936779518,-140.2446452518,-139.9084058315,-151.6040732448,-144.6042733109,-131.5487915835,-135.5551360664,-126.2178849943,-146.3139561314,-133.4996529386,-121.4901457923,-128.6616934078,-119.0698413192,-143.0325768544,-137.8034334193,-146.5090487129,-193.6790481177,-152.8938687406,-138.5332537341,-149.5150109085,-139.9316565746,-148.5347104954,-136.3971792102,-126.7068414833,-123.0691929079,-159.3273503367,-129.4704244358,-130.0646557257,-141.7724161289,-137.4114180673,-138.8750864008,-153.9734390219,-152.4437989506,-142.391851802,-141.6411882581,-134.21229848,-130.8832267566,-136.9762506429,-132.1500939204,-132.7165291554,-172.2706095144,-138.8714577499,-135.6717495014,-145.3333874041,-163.85348561,-139.1528996553,-148.1329529958,-136.6451227439]},"Model1 ll":{"0":[-128.7302828996,-146.5264788607,-148.4148084129,-141.0883556747,-146.5137317013,-144.8528809076,-131.8087737274,-140.2800165419,-160.5009690173,-139.4492536974,-133.6143155577,-137.0934408281,-156.859274437,-132.6337625902,-125.9684866096,-133.188570814,-134.0904766718,-157.2178232187,-127.841268495,-134.4663267342,-139.3853675358,-148.5623552827,-144.2146795105,-151.4554480543,-136.7694483194,-126.9695819329,-133.0136750464,-133.6881198149,-129.7102808862,-129.2800805557,-132.7187289991,-136.2170756819,-127.6818366921,-138.8759779254,-133.1637644509,-148.5965272327,-130.8566178629,-150.9134532549,-134.3402122343,-138.5385856479,-130.5306349564,-162.9989089319,-126.5098865786,-129.7932468975,-129.5522620947,-120.5252891124,-127.6542014106,-149.4513876885,-140.4836277815,-125.176779943,-125.8827655974,-119.7027468937,-128.0894479641,-140.2054581245,-139.9084058355,-134.4539105828,-144.6042733105,-131.4000247232,-135.4655213327,-126.2178849935,-129.4007889903,-132.9431207726,-120.8980358183,-128.6616934093,-118.0840123089,-139.3218842638,-137.5525750201,-146.06953536,-152.3877977604,-147.4632786471,-138.5332537356,-149.4955600799,-134.3269869722,-148.5347104917,-133.946089884,-126.706841484,-121.6572700561,-149.4692591314,-128.4131330368,-130.0646557231,-141.7724161217,-127.3142173367,-138.8750864064,-150.2939200738,-142.7101635394,-141.502122225,-141.6411882604,-132.711975855,-129.0114151765,-136.7330653766,-132.1500939217,-132.0404070156,-135.455162289,-138.8714577451,-128.5529725425,-144.7984750102,-163.7884076066,-139.1528996528,-148.1329529891,-136.6451227426]},"Time simulation":{"0":1022.2877},"Time inference":{"0":3.8349}}