{"Parameters":{"0":{"Kappa":2,"Tau":15.8489319246}},"Positive hit":{"0":20},"SNPs":{"0":[491524,493760,492601,494078,490588,492946,492549,494015,492450,492410,493498,492661,490049,493187,492467,494605,492702,491488,490453,493697,494407,491593,488622,492258,493560,489821,491841,494589,493063,490958,492390,493246,490976,491715,491714,491811,493047,492229,494755,490964,493196,493901,496210,489729,493232,494774,495661,494867,491009,494351,493691,492447,495093,493124,492059,493668,494859,491337,493429,490774,491642,497092,491289,493160,492102,492651,492645,495693,492009,493337,495153,492556,492690,492773,492072,494635,493866,487467,494319,492479,490788,492017,494163,491528,493939,491626,495175,493110,489064,489998,493949,494182,492868,496145,491489,494901,492498,495083,492981,492274]},"Model0 ll":{"0":[-133.5367521619,-136.5705651341,-141.1954578933,-128.7596814606,-143.7462631559,-140.6062376002,-142.3420378938,-171.9642791807,-132.7773238486,-128.504088841,-149.7765147067,-139.7282558246,-140.5885491928,-131.1457362865,-145.2787172633,-140.7296420476,-136.7188548984,-128.6912086236,-129.1149156209,-146.4350774135,-134.5848468897,-137.6340318945,-139.2473764643,-128.1216543888,-130.427935627,-145.2375708851,-138.8589723905,-122.6080603947,-142.199754454,-162.6802937809,-168.5686447824,-146.123455718,-142.133534082,-132.3908111216,-140.7882355839,-126.3476040588,-137.9415706279,-131.0191506996,-159.2485490731,-140.0439804203,-136.6079522248,-148.8753270126,-159.0450976933,-135.5405505246,-157.146707281,-138.6839198715,-171.1656649213,-146.3777121559,-142.0749016266,-137.5114096455,-133.2237789513,-133.5121770469,-133.8391534922,-137.3930216066,-135.620745062,-135.9147406366,-158.4047397471,-133.4759195138,-127.8701726247,-135.3181822369,-139.9290281171,-140.15563829,-124.7286761818,-138.1556278317,-143.0500402309,-131.1820896257,-131.8291413417,-125.9783702816,-145.6585359819,-131.2571126532,-129.6408392733,-138.3561138711,-123.3830244563,-136.4641762908,-131.9805169483,-131.5892770774,-143.2346009954,-177.0533502477,-135.4964753193,-133.8274917296,-135.0807077246,-134.9911145503,-141.1444858756,-168.1923460928,-138.7788686451,-164.1216227689,-136.0357423411,-122.2049688624,-137.9403543069,-134.4117557803,-147.6881063666,-136.7042453421,-130.5425242504,-137.6909532134,-134.5883954864,-126.1887347121,-132.2164861486,-124.2486357839,-160.3648442091,-160.3129826166]},"Model1 ll":{"0":[-132.711658954,-135.2539737162,-135.17230995,-127.2497886117,-143.7462631597,-140.6062375994,-141.9647938373,-171.4612704713,-132.7773238507,-128.5040888436,-149.7765147003,-139.5910252998,-135.786067459,-131.1457362882,-145.2787172583,-140.7296420424,-136.7188549033,-128.6141466295,-129.1149156198,-146.4350774114,-134.5848468871,-137.6340318976,-120.3874091862,-126.2691708897,-130.4279356237,-140.0657910233,-138.6547311902,-121.327474289,-142.199754451,-125.1385404954,-157.6902188778,-146.1234557137,-142.1335340808,-132.294989369,-139.960254702,-126.347604059,-137.9415706284,-127.6352774464,-154.9625131003,-137.2592678361,-136.6079522202,-148.8753270035,-158.7532393319,-135.5405505262,-157.1467072692,-138.6839198667,-168.7757830613,-146.3777121555,-140.3214215182,-137.5114096402,-133.2237789473,-133.0486776796,-133.8391534898,-137.393021605,-133.2934483079,-135.9147406326,-156.2106596776,-133.475919509,-127.8701726219,-135.3181822355,-139.9290281204,-140.1556382915,-120.9261098913,-138.155627825,-143.0500402264,-130.0191108469,-131.8291413357,-125.9675588684,-143.8206578998,-130.051850146,-129.6408392749,-138.3561138648,-121.4657693356,-132.8184153292,-125.9342590302,-131.5892770761,-143.2300496034,-143.7363113068,-135.4964753237,-133.8274917287,-135.0807077239,-134.9911145535,-141.1444858778,-163.6192787649,-138.7788686397,-159.8883686698,-136.035742339,-122.2049688598,-137.7022352602,-133.3826852712,-147.6881063606,-136.7042453479,-128.145046849,-137.6909532061,-134.5883954886,-123.035822302,-131.8620121518,-124.2486357784,-160.3648442026,-160.3129826214]},"Time simulation":{"0":663.8322},"Time inference":{"0":2.8688}}