{"Parameters":{"0":{"Kappa":10,"Tau":0.01}},"Positive hit":{"0":2},"Model0 ll":{"0":[-417.9702336275,-276.5866559641]},"Model1 ll":{"0":[-154.8767887088,-146.950610219]},"SNPs":{"0":[1120109,1120174]}}