{"Parameters":{"0":{"Kappa":2,"Tau":1000.0}},"Positive hit":{"0":29},"SNPs":{"0":[508042,506718,508598,503264,506452,509586,508085,504130,507858,506529,505740,508533,510615,505861,507388,506718,507775,506637,504937,506025,506823,507358,508206,508025,506149,506916,508392,508528,506745,507870,507985,506729,507039,509270,509816,501544,507893,506060,504697,506750,510484,506578,510710,505377,506693,506807,504189,508916,502941,506451,504863,507180,512017,507019,508950,509053,507777,504804,507392,507217,505177,505906,505525,510480,504785,507408,508778,508564,508935,506676,506984,508337,504608,506439,506441,505097,505260,509427,507606,509869,508465,508467,508457,506554,508622,503860,510727,505878,505768,507385,507053,508085,506808,509903,508866,508537,508773,507755,504590,509414]},"Model0 ll":{"0":[-139.704341924,-136.9572043948,-150.0498354822,-134.9084133966,-123.6306979351,-132.2868476523,-125.7478652955,-150.2048733364,-136.4943782223,-119.9949488373,-123.8964293078,-127.5586527351,-145.0935176507,-154.1370914597,-146.9601377711,-138.9138804308,-139.5050021347,-159.2290973353,-146.5953412544,-133.4328967526,-133.3284985707,-136.7141333296,-139.9743181254,-171.4579352553,-139.9167458951,-132.1424348315,-135.3624007256,-159.0819247091,-155.4505919135,-165.3488083399,-135.7525434513,-149.6876743079,-144.6485007512,-138.2456900358,-127.4493994132,-133.0079624434,-166.9647202622,-148.460468079,-131.0802844046,-149.9914546901,-145.0598544294,-158.2288840534,-142.3837812034,-131.259015531,-127.2568126722,-171.4141136967,-138.1395590359,-158.4855586658,-145.9253751838,-153.303864802,-130.2655997376,-156.1474077114,-139.3052206911,-141.3098889059,-152.8172247397,-159.0308443269,-127.5831499416,-148.1895126561,-142.3516014854,-132.2987157898,-138.2914733051,-152.6974453147,-133.9588893051,-138.2168952269,-140.2705583617,-126.7913505704,-126.4869261793,-136.1826847976,-165.4634734818,-147.6430542381,-145.3189352654,-153.7087340126,-143.334424822,-153.4076938424,-128.2233828348,-167.7538248328,-139.641292468,-136.5916088891,-133.2615903461,-133.9896511564,-130.4497115283,-137.8141319286,-134.2835652605,-152.4980295591,-151.9465063882,-129.5230322419,-127.2600400185,-128.3558900642,-146.4468702467,-126.2266443868,-133.7780861306,-131.0709528878,-188.8753261391,-136.1281767838,-155.7290127509,-128.5065024819,-139.5852965322,-149.0683407374,-138.8678601496,-129.5492077756]},"Model1 ll":{"0":[-134.8688573245,-136.9538900395,-150.0498354697,-134.9084133933,-123.630697938,-132.286847648,-122.785039464,-145.828521905,-133.7966620798,-117.4842531668,-123.8964293054,-127.5586527281,-144.8356985231,-150.3877260183,-146.9601377709,-138.9138804292,-139.2088859443,-159.2290973324,-144.6642225024,-128.8263022564,-124.8333356654,-135.1703202038,-139.9743181165,-171.4579352428,-139.9167458943,-132.1424348268,-135.2940578693,-144.6041055273,-144.4937590606,-165.3488083293,-135.7525387211,-149.6876743053,-144.6485007393,-135.9971318626,-127.4493994106,-129.6851917386,-166.9647202524,-148.4604680676,-121.4869114687,-149.9914546814,-141.9443667568,-158.2288840497,-142.3837811976,-131.184564389,-127.2568126717,-171.4141136802,-138.139526316,-158.4855586627,-138.8688285852,-150.3513873702,-130.1343294133,-156.1474077083,-138.2927929732,-127.9729198207,-142.6405784666,-142.2229956167,-127.5482410803,-148.1894949115,-137.7805385022,-132.298715786,-130.0956765414,-151.0523157041,-133.958889303,-138.2168952227,-133.5395645843,-118.7784243033,-126.0394098159,-135.750925223,-165.4634734794,-146.1552306629,-145.3189352544,-148.2659646986,-139.7263298001,-153.235626101,-127.9278620699,-167.7538248188,-137.5099486091,-136.5916088862,-128.6677389343,-133.3093806174,-130.4497115281,-137.8141319215,-133.2909026607,-152.4980295553,-151.9465063881,-128.5022702121,-126.4832043319,-127.1031821222,-146.4468702421,-126.2266443862,-133.7780861263,-131.0709528918,-150.3986525735,-136.1281767759,-155.7290127374,-128.5065024839,-139.5706674524,-149.0683407236,-138.0674817846,-128.5062362425]},"Time simulation":{"0":650.6685},"Time inference":{"0":1.3411}}