{"Parameters":{"0":{"Kappa":2,"Tau":7943.282347243}},"Positive hit":{"0":23},"SNPs":{"0":[505579,506349,497221,503532,506039,510594,508668,504847,507672,509424,507701,508358,508178,501758,508975,508878,504940,507778,507329,509400,508440,506469,506930,509459,509898,506049,508336,508046,509991,507444,506173,508534,508425,508678,505184,508406,509282,507369,508099,506028,506435,506084,507101,509257,503764,503757,502554,508313,506511,509856,507040,510989,509227,507775,507511,506015,506547,506459,507754,505777,506413,506043,506576,507235,510344,506803,508189,502727,504244,506044,508027,506421,507221,506845,508370,511445,507698,506429,506185,507041,509432,501265,508810,504489,505923,506419,509008,508596,505357,506379,505989,505601,508586,507277,501524,508067,509587,508935,507662,508101]},"Model0 ll":{"0":[-133.1673769236,-134.2848259812,-248.5031284779,-134.3098300618,-153.1472739666,-138.0617420248,-144.0312957291,-136.093464135,-142.3319712139,-127.9213781206,-139.062986838,-161.5168076066,-155.5933406467,-182.3217927552,-140.4372828543,-131.5077787035,-129.4935118806,-139.7025980504,-143.6401187218,-123.6875796223,-125.6786378685,-130.5898244255,-121.0362909652,-143.2761482397,-161.3624677848,-130.1793720091,-155.4946374893,-122.8987935209,-133.9666674909,-148.5860515047,-122.7343834016,-137.1416800869,-143.3554856322,-150.1083666348,-122.1982354727,-142.3124084308,-126.7173979641,-141.2125985493,-147.7619789892,-140.0128991675,-151.3719246479,-131.1378995199,-127.1458139815,-136.0732319156,-146.517882279,-142.4961168266,-145.2321411249,-129.9483245051,-182.1705485392,-132.4735085218,-137.3140956967,-174.4597846383,-127.3628026767,-137.3912448314,-129.4193240813,-129.4046256601,-127.0075966374,-137.1759580921,-133.1068742244,-144.411790754,-120.3397627201,-140.3307525328,-128.3325354413,-140.1250606824,-155.6404095502,-127.0097509664,-144.1811270862,-163.5821556144,-165.3458956633,-187.362434184,-136.6005358795,-143.2439202244,-136.0216375645,-129.5649136215,-128.1174423816,-138.0233984396,-139.0339288176,-125.9820495677,-136.5905496453,-122.2504788449,-125.8127054546,-142.4632013787,-133.9905360602,-129.7183002244,-165.0144426318,-137.6320679821,-140.5580059656,-133.3477289623,-127.7425729519,-137.8190207027,-124.7972735062,-149.2492458095,-149.7609694635,-141.8090540945,-137.1786407384,-121.8406248902,-152.7806035894,-142.7264833785,-162.7848402955,-141.9126811933]},"Model1 ll":{"0":[-131.5938321083,-134.2647267578,-121.7818126482,-133.3987333962,-131.1985327575,-138.0617420247,-144.0312957225,-136.0934641378,-142.3319712036,-127.9213781207,-136.6511396005,-161.5168075898,-131.1131842599,-133.2826814795,-139.2703960951,-131.5077786977,-129.4906817744,-137.4766209376,-143.6401187271,-123.6875796219,-125.6786378632,-130.5898244253,-121.036290964,-137.436178143,-161.3624677774,-130.1793720049,-155.0711633958,-122.8987935199,-133.4436199058,-148.5860514904,-122.7343833994,-137.1416800828,-142.5038066113,-149.4781150632,-122.1974335409,-142.3124084249,-126.7173979642,-136.7350714946,-141.5590582099,-134.7399306778,-151.3719246417,-131.1378995152,-127.1458139775,-136.0732319072,-131.938369581,-141.0266805778,-137.2473946939,-129.9483245087,-143.8611091835,-132.4735085216,-137.3140956941,-174.4597846382,-126.7152326579,-137.3912448191,-129.419324073,-129.4046256519,-127.0075966335,-137.065497414,-133.0383176443,-144.4117907525,-120.3397627201,-140.330752536,-128.3325354357,-133.9483769708,-155.6404095445,-127.0097509632,-144.1811270841,-143.6172286431,-161.2190932726,-129.0086302678,-136.600535877,-143.2439202285,-136.0216375601,-129.5649136165,-127.7451036211,-138.0233984377,-137.3705404152,-125.9820495652,-136.5905496489,-122.2504788433,-124.5729778315,-132.2083394774,-133.9905360595,-126.6695731285,-165.0144426272,-134.5069850249,-140.1379637669,-133.3477289576,-127.4411204541,-122.9348155698,-122.9702895118,-149.1694746036,-149.7609694525,-141.8090540913,-135.7850828532,-119.9601117596,-151.8293003842,-142.7264833669,-141.3153434788,-139.5949191525]},"Time simulation":{"0":514.2551},"Time inference":{"0":1.1375}}