{"Parameters":{"0":{"Kappa":2,"Tau":0.6309573445}},"Positive hit":{"0":100},"SNPs":{"0":[493526,491601,492033,492007,495616,496498,497746,495195,493390,492978,489273,492888,493693,492956,493577,492903,494798,495578,492923,488060,494254,495031,492634,492768,491092,491377,488729,490940,495683,490984,491010,491359,496614,492348,493414,491985,495675,488946,494085,497085,496309,497395,494737,491988,496637,500903,492982,493730,497250,494855,492832,495666,493782,492941,492084,492642,493659,495606,495102,493659,492282,493035,495361,492405,491268,493570,491906,495296,495966,491015,491326,491901,493800,495481,492109,492807,489176,495818,494886,496760,491676,496310,494796,492540,495435,495210,490108,491893,496053,492215,490831,492282,494467,492023,494374,498116,493786,494489,497685,493358]},"Model0 ll":{"0":[-8721.241035909,-9714.7625007525,-8739.5853497767,-8983.1272226123,-8695.5246268683,-8859.9462258718,-8596.7994997229,-9378.9399421703,-9336.2311972796,-8386.3593115211,-9367.1121400286,-9352.7158117529,-8928.435895762,-9468.6616698433,-9125.47086749,-8751.3488156017,-9870.5141612918,-8777.3286513878,-8807.7249951971,-9037.3591382631,-9398.6772700114,-8880.2749924173,-8993.893567742,-8460.2898314226,-8696.1486859672,-8893.6305082412,-9251.6692053954,-8719.7972568794,-8478.831286526,-8481.8158863419,-9222.733265605,-9066.3478869976,-9139.374044249,-8832.9128188299,-9261.5701831471,-9006.7546977079,-8519.1244876663,-9035.6055609197,-8760.9260869262,-8326.37402499,-8811.950960362,-8754.3208724467,-9225.3170335344,-9081.7035943503,-9169.5669172477,-8553.3668646992,-9316.2221813846,-8037.5685744374,-9348.5168870436,-8838.5357556046,-8507.826237634,-8991.9526668975,-9160.7750251079,-8699.0746336427,-8744.2268782527,-9082.1505905365,-8769.1987630374,-8866.3626478214,-8758.1137851381,-8539.0391376477,-9163.8636633815,-8772.4923909359,-8408.348563993,-8606.3166260367,-8327.7822308017,-8625.0493505472,-9410.4464812592,-8766.8937535381,-8720.822649215,-9030.0976700894,-8507.9223238134,-8631.0998319445,-8879.9807449279,-9215.3019081154,-8883.3779203602,-8704.4067069312,-10071.8552360073,-8913.4431812156,-9069.9638316197,-8771.1731977163,-9362.2423461039,-8550.9210915264,-8937.7965216391,-9562.1872253951,-8715.9326996882,-8820.8192512905,-8515.4782049408,-8803.3627169014,-8936.4746156926,-8702.4341183607,-9140.5817202037,-9215.3194176938,-8583.5462951,-8813.0866837825,-8535.778235395,-8175.1090551841,-9074.6976417052,-9265.8633112582,-8520.1810888018,-8384.9904421054]},"Model1 ll":{"0":[-1604.3535727699,-1384.1669332279,-1501.0562999696,-1475.6480321843,-1339.6884532993,-1615.6105049209,-1602.9011114399,-1682.3127862683,-1549.6211197294,-1533.7424011585,-1520.5171761161,-1603.7118535477,-1465.6116946328,-1265.1159401652,-1680.3264973054,-1450.7098642778,-1538.7145513332,-1474.5719174234,-1596.9491297525,-1510.7525368164,-1594.3485748296,-1482.5034374316,-1499.1627096278,-1549.8344568132,-1499.2566494055,-1619.7993590876,-1514.3669159418,-1521.539367276,-1456.8341724268,-1644.3031208046,-1503.8722597249,-1559.0780999086,-1498.5209645442,-1549.5384709987,-1711.1327422605,-1537.2857420276,-1583.2552831418,-1462.5266116987,-1584.0292042673,-1488.2206868911,-1312.1935192536,-1644.1034302145,-1621.6015953537,-1524.06921957,-1734.0183585583,-1589.8558787136,-1392.004662801,-1388.1730727014,-1383.0660391527,-1403.9247563721,-1465.9523601502,-1594.0838147787,-1378.3382465781,-1339.4968549322,-1618.1694329027,-1550.6017402686,-1612.63473149,-1471.9203285641,-1630.6032169719,-1508.5625112478,-1392.0055565826,-1539.8021875805,-1583.4374129241,-1582.8723161379,-1408.1795724579,-1590.285509608,-1526.413962921,-1369.4817045269,-1485.1744143823,-1596.7993613903,-1606.249423403,-1584.6477409908,-1740.9203045071,-1685.1957126234,-1515.6964333281,-1618.5564261063,-1394.9172082266,-1671.1646387601,-1569.739955131,-1603.3172725356,-1632.3947834954,-1478.3067164842,-1488.3592723754,-1370.6045950907,-1516.5752676851,-1482.9762428253,-1527.1482318522,-1511.1917481128,-1378.3991535934,-1391.4172519744,-1617.1761054847,-1500.8907637409,-1327.2863050268,-1614.0530814489,-1449.8701800967,-1416.4511021953,-1695.6481074133,-1567.9491806281,-1536.9286281128,-1521.1681598928]},"Time simulation":{"0":1094.9347},"Time inference":{"0":30.2869}}