{"Parameters":{"0":{"Kappa":10,"Tau":0.1258925412}},"Positive hit":{"0":2},"Model0 ll":{"0":[-14556.0028356746,-14460.4558537024]},"Model1 ll":{"0":[-133.2872306173,-7200.5850035014]},"SNPs":{"0":[995952,992984]}}