{"Parameters":{"0":{"Kappa":2,"Tau":0.0199526231}},"Positive hit":{"0":100},"SNPs":{"0":[499536,497772,502109,498450,495196,498743,501279,499722,500658,499079,497286,498056,501116,500485,500283,498888,499513,499989,499870,501874,502993,503215,499594,504784,498865,498653,499855,502859,495690,503555,505267,499794,497371,499659,498158,503119,501065,501405,499243,499247,500494,500122,502285,500829,500541,500302,497759,498873,499076,493119,498381,503489,500346,493522,503345,504011,500125,499746,499824,500982,497033,500494,498645,501846,502644,504799,499286,502322,498517,500141,499990,501209,499341,503736,496979,498538,499222,500078,501167,502281,498171,499967,501034,499728,498298,498468,499898,501548,502715,498257,497091,501977,499285,502081,499446,498708,500688,502567,498170,499166]},"Model0 ll":{"0":[-189.689251122,-189.4654410422,-260.5655873368,-258.5733977958,-291.083470937,-348.2067145118,-275.474426364,-260.7222180983,-185.4361653216,-323.5642738419,-203.6267100288,-339.6915931595,-277.079918702,-241.9808401581,-214.0320510845,-164.6425320759,-242.3896860422,-193.7273033002,-283.8717403442,-190.9133914724,-217.7242459922,-188.8463860455,-254.9565869169,-194.1430335933,-272.9420480392,-230.3757183001,-196.3180882543,-259.2274615454,-540.9518682087,-265.2712534293,-193.519287684,-231.7461200319,-287.1437972004,-354.0264059847,-392.8600301543,-283.1900065148,-240.7850668689,-241.5263346983,-186.8992848207,-207.0194859221,-217.4058729779,-322.8877387693,-244.1307459074,-243.214745564,-206.0473315647,-194.7892341711,-289.0912641044,-227.9257719428,-251.1360209385,-380.9375659211,-334.6389574789,-205.0246738106,-203.056971739,-291.8984727437,-342.4925305623,-181.4530571269,-229.9872725863,-325.3598987836,-295.9595879054,-246.7715458783,-201.8372023413,-226.3953359221,-283.0081026078,-175.1325153888,-189.2465512971,-243.0555356196,-224.4944032081,-309.6234740647,-250.3899446899,-221.8406467731,-194.9023175936,-219.554998413,-253.6992912296,-212.7916804456,-250.3434053432,-306.6820178549,-283.2365087843,-265.8539628899,-217.9558829619,-195.4076943101,-291.5925750737,-223.3725818362,-241.4292915215,-239.1772103238,-234.025282378,-165.0268970726,-194.901554323,-210.1269893721,-242.755585717,-269.6223138058,-260.2772178036,-195.9659288693,-229.6834044476,-226.6120786974,-199.3936315412,-236.6473919695,-180.2200104182,-191.2054816273,-311.6111025065,-326.4452633716]},"Model1 ll":{"0":[-148.88673961,-135.8139202291,-133.1784813111,-151.0334937462,-127.4374860166,-142.084928052,-148.0227368539,-144.1631792968,-132.0628135602,-132.9037372705,-129.9066403545,-140.9224196758,-140.0277392883,-134.5650149333,-139.7341105238,-119.7451423057,-147.9474159229,-144.5163236347,-136.720951836,-139.3433675304,-123.6412203116,-138.7483514392,-138.3232434723,-147.7725440605,-130.1724247602,-139.155884027,-124.2334396393,-138.8559463761,-148.0118485824,-140.0383423825,-130.7439046919,-152.5848366339,-131.9638999133,-124.4381101152,-140.9230278276,-127.91733671,-143.2190685848,-131.4572489417,-130.3900362545,-124.1137085024,-122.3717558241,-142.8827234624,-134.6763620591,-126.5955394484,-150.1624716583,-164.2609084355,-142.4463405942,-138.6899807662,-126.6645547788,-126.5064634775,-129.4057045404,-144.2093730751,-128.4990317919,-137.0345481132,-139.0606932265,-131.3784504383,-130.3137986651,-141.7471824833,-121.8614560852,-136.6820129301,-144.2939465725,-132.9679573375,-143.6863965773,-134.3345470024,-129.5426335389,-130.2221640151,-127.5953445203,-135.66275996,-136.554379054,-133.3994759087,-141.7093733143,-133.8928639915,-131.556161889,-130.231151891,-144.9008043029,-135.7841985983,-147.032273944,-142.1698392051,-129.9151777885,-144.6685311323,-124.9051528453,-143.7967262259,-124.2899009375,-125.3611568354,-135.1814844896,-123.7566416782,-129.0439535781,-133.2891327426,-130.7277049561,-133.0812795981,-132.108392433,-147.1077472453,-130.0208449143,-139.7791114099,-128.416773825,-115.5765348998,-129.7668041849,-120.4975098489,-147.1642811491,-137.7878368317]},"Time simulation":{"0":1283.9261},"Time inference":{"0":6.1707}}