{"Parameters":{"0":{"Kappa":2,"Tau":0.0630957344}},"Positive hit":{"0":100},"SNPs":{"0":[504425,499233,502224,502850,503348,504957,500821,500466,503267,502272,501993,499911,501664,499697,497243,501613,498474,501534,498844,503408,498847,506368,498394,503681,502304,502284,500992,501008,504188,504479,502202,501160,502108,503050,501152,502748,503966,499119,502727,498830,504942,501362,502164,496370,502543,501078,501236,505042,498452,500768,496927,502573,502152,500029,503500,502904,500240,501806,501280,500290,502174,504157,499806,499241,504065,499763,500256,501576,503315,501545,503459,496749,500686,502338,504206,500803,503004,500607,503316,499566,499146,500439,503051,502280,504292,500803,499198,500099,500491,503040,499531,503681,504348,500445,498699,500294,501831,498776,499302,500442]},"Model0 ll":{"0":[-1049.9380846558,-771.8407886656,-811.7767456755,-821.1062989912,-816.8620895354,-839.5707244459,-986.4198622678,-952.138850391,-836.110512942,-816.8823023305,-1087.4318198595,-1066.9899567524,-894.685277285,-1056.0591623227,-1214.7524924226,-842.9180675958,-860.208247272,-910.126295759,-863.3412546281,-741.9215179571,-960.0743828125,-911.4721280969,-892.6864883412,-754.5668769861,-663.8303844592,-904.7625047899,-1155.5543343353,-919.1869751522,-819.9396968611,-841.3412962289,-824.2961896537,-819.3826424944,-892.5180177417,-818.4571981247,-902.6346764707,-775.9252543079,-839.3122434133,-978.1193626404,-1114.6104379707,-914.2208626495,-933.6236937322,-891.3418400603,-1019.0250059317,-989.9290399922,-654.5359681556,-909.594745484,-981.8655995628,-884.7149987452,-980.4090482666,-1118.8794482728,-933.7100584047,-725.3957472205,-778.8830622162,-1034.5868663301,-893.6197267496,-748.6580086395,-984.6841789786,-940.2634136922,-758.7672337279,-941.2094984025,-1200.9507028275,-808.4309078757,-955.6822324382,-1096.5211961443,-648.7864983108,-1004.8645957551,-1068.8115391511,-894.109080816,-765.5557542942,-1121.1977654766,-717.0694960994,-1239.9041705113,-866.8472228151,-809.7694856264,-693.6807459265,-836.9221763249,-826.1848219671,-846.1617737538,-737.7674472534,-650.2598539505,-842.9084699288,-1249.3905546755,-856.7267733194,-703.0749819097,-836.0730140299,-810.2353029873,-961.8215565068,-631.147488346,-1040.3923987778,-871.09670242,-804.62675614,-871.7415642341,-905.7265437766,-948.2398989511,-1052.6946139493,-1101.3644155314,-860.7599154985,-950.1541484606,-907.2070519969,-776.8028504801]},"Model1 ll":{"0":[-150.4278886409,-126.6144030058,-125.8191805328,-162.1234209957,-135.4267054249,-132.1964341171,-121.0160066513,-134.7638299315,-132.4337575704,-160.4883058731,-150.9318046684,-147.5331245888,-152.0877752385,-129.5774861719,-136.0091823335,-133.6127824438,-164.2740931648,-133.7699736046,-134.2918754764,-151.9971997432,-158.474217798,-150.6406514827,-123.5710707197,-138.7607873156,-129.3295601569,-131.5672778317,-137.6841815659,-145.7395705035,-146.0298225771,-128.3069196047,-133.3904774516,-155.5008646565,-136.9666949836,-147.6397793671,-161.461961679,-144.2382694538,-134.7027499053,-147.5514435072,-134.5681499169,-141.3814870363,-135.9199954785,-136.3823469723,-138.8151094673,-136.2344158929,-119.7712308011,-140.0803135981,-157.1951513996,-167.1122009099,-136.5261631758,-146.4854032808,-139.6924791583,-165.4536157408,-154.4668582925,-150.6703795822,-161.3925858657,-130.1309842956,-138.6555533925,-139.110355367,-145.1118799305,-134.0245526847,-150.8746985218,-127.3203931224,-136.4966675179,-131.6857408104,-136.6975112943,-159.5657539047,-154.9322594841,-157.5856624146,-125.3997118717,-135.838288566,-152.2093739858,-146.7468860537,-129.40221012,-139.9498673124,-139.2606040992,-152.8259555031,-151.5875200845,-138.1936809119,-153.2802269906,-125.7653310084,-152.9819495421,-141.8516929099,-140.7304243834,-141.6868870843,-134.2873865106,-129.511661579,-134.113904208,-131.388382907,-139.3059057341,-143.9256360702,-151.0256935203,-135.494762648,-156.2783327473,-150.7597129038,-135.2901298952,-134.6551632323,-138.2618457664,-122.8061841922,-146.2187573257,-142.9098067079]},"Time simulation":{"0":959.7391},"Time inference":{"0":3.3206}}