{"Parameters":{"0":{"Kappa":10,"Tau":0.0199526231}},"Positive hit":{"0":2},"Model0 ll":{"0":[-992.7557780959,-955.3061559637]},"Model1 ll":{"0":[-141.6489577326,-139.2366356627]},"SNPs":{"0":[1110431,1105996]}}