{"Parameters":{"0":{"Kappa":2,"Tau":0.0019952623}},"Positive hit":{"0":34},"SNPs":{"0":[493478,495153,498925,501227,498952,499260,500115,499336,496124,497880,498957,501757,499483,502423,501005,496344,497069,498813,500151,499462,497645,498116,496495,496928,495692,495676,497880,497045,502031,503303,498889,495883,502756,497382,500513,498773,498691,501059,499576,500896,500054,497663,496720,500088,497378,497355,496546,499062,499825,502058,499409,500177,500024,502322,497084,501151,504222,502696,496588,498301,497552,500685,500593,500804,497393,499908,500142,498224,501265,497719,498542,500045,492471,498119,497065,496518,502848,499132,496179,496335,498274,497299,501859,495409,498787,496471,498131,500718,495602,496530,500331,498092,497382,496305,498810,500610,498238,499695,499800,498890]},"Model0 ll":{"0":[-210.3481261003,-187.1327370913,-127.8249267175,-136.9373947282,-144.8153404413,-141.7105151481,-136.4214943057,-141.9909582382,-149.9996415057,-162.4785109468,-136.8476321675,-135.317567535,-129.7638994646,-147.9059171661,-136.0845675346,-141.8291540856,-142.3077642805,-129.061986589,-136.8109369881,-139.1687393896,-137.0656705177,-155.8954046547,-160.513995679,-151.6234301718,-127.4697960223,-138.2227865714,-147.0463858759,-145.2573820009,-133.6506013161,-121.2484279989,-129.4992511817,-147.7637382166,-143.6455245752,-126.7006824226,-129.7776344996,-126.213055977,-152.63269442,-130.5500695854,-138.4520766436,-145.8380897528,-129.6535966137,-213.0818689668,-141.211251989,-143.7860308806,-136.9482085448,-147.138521766,-142.7874023654,-148.8885149592,-137.404559566,-162.697624437,-139.2237611155,-128.5966430534,-127.4607823253,-136.0895412914,-128.0560806307,-136.569810568,-147.7094914234,-126.5854078091,-166.7996246084,-142.9460234344,-137.6793896326,-138.9086703939,-133.8995535583,-160.6618140302,-130.2121662447,-134.8455170821,-126.2360308607,-126.7275740878,-142.7861073717,-148.2584347139,-147.1062820485,-126.3828373594,-194.6526576236,-140.7948206216,-142.905753903,-154.0059290002,-120.9794128853,-135.9183604268,-127.2427158244,-139.7965538496,-131.170078032,-128.9026771034,-134.9923831019,-142.6129940295,-128.0941154931,-126.0444097407,-146.778803461,-153.6807344152,-144.9845025475,-134.6965472307,-132.2886838111,-135.9161645839,-141.4199330598,-123.5965253764,-135.2356079196,-168.5434499852,-136.6176836447,-128.1228090024,-147.3427363566,-145.8300540496]},"Model1 ll":{"0":[-133.4795629997,-154.5990326048,-127.8249267163,-136.9338860259,-144.0356106817,-141.3728464869,-135.9934811717,-141.9909582352,-135.611051843,-128.8424960467,-136.8476321647,-135.0678413519,-129.7638994674,-147.73677924,-136.0845675277,-134.4771898589,-135.7074794391,-129.0619865898,-136.8109369838,-137.259399798,-137.0656705225,-149.1163453913,-146.0083863835,-151.6000831304,-127.4697960237,-128.6023406404,-145.2555499013,-138.5752376592,-133.6506013136,-121.2484280002,-128.9572877898,-137.4422633507,-143.6455245751,-126.7006824254,-128.5711397977,-126.2130559749,-138.3550694879,-130.5500695885,-120.3829835553,-145.8380897492,-127.1581846193,-137.2532890179,-141.0196587607,-143.7860308857,-136.9482085437,-147.138521764,-137.7109207935,-146.9091664506,-137.2739011541,-160.9471943837,-139.1187368579,-128.3222302107,-127.4607823285,-135.2729557104,-125.5389363983,-136.5519300836,-147.0706114432,-126.5854078083,-138.2226347387,-142.9460234331,-137.5635457694,-137.9332016091,-133.8995535526,-160.661814026,-130.2121662414,-134.8455170875,-126.2360290829,-126.0472372251,-142.78610737,-127.6440792668,-136.2408060113,-124.9645540576,-127.812853189,-140.794820614,-132.9040304237,-128.3321867356,-118.6564877849,-135.9183604303,-127.2427158262,-138.7579822476,-126.2698667613,-128.677997627,-134.9923831071,-140.2326753751,-128.0745820857,-125.8049952784,-139.7905246294,-143.4073997554,-124.3390505022,-134.6965472374,-132.288683813,-135.9161645805,-137.517574532,-123.1484306471,-135.2356079244,-154.9132401582,-136.6176836446,-125.7070268325,-146.02194174,-127.2459461929]},"Time simulation":{"0":878.0692},"Time inference":{"0":3.4847}}