{"Parameters":{"0":{"Kappa":2,"Tau":1258.9254117942}},"Positive hit":{"0":37},"SNPs":{"0":[507385,505889,507960,507093,507602,507551,507742,506263,507037,505090,506662,509474,504007,496803,503206,508452,505490,506941,508098,508618,507277,503683,506785,501317,507996,507939,508004,507587,506549,506293,509979,507623,508037,508164,505126,503687,508502,506483,505445,506659,509617,504604,506808,506005,509949,505148,507389,503039,508839,506296,505957,504206,506573,507743,504691,505737,506418,507612,504710,503530,510703,507114,504545,508220,508660,507320,503267,503261,506660,506776,510306,502586,509809,505637,509484,505875,505488,506300,508858,507240,507863,506981,505994,505364,506822,504707,508657,503554,506158,510924,505638,505020,507087,507297,506143,506297,503687,508403,506047,505774]},"Model0 ll":{"0":[-127.0459144778,-154.8691342183,-143.1385279235,-144.0097295758,-140.4700162026,-128.6825512877,-134.9000409033,-123.7556629504,-138.5470076565,-142.0971263505,-159.5314981075,-134.9532875147,-153.1910814946,-358.4189658681,-134.8639451834,-139.8750896622,-129.3145449728,-167.3985274517,-142.1784921332,-126.9269958433,-145.2017718206,-159.7304406902,-142.2914369722,-150.2854155335,-158.3331913923,-153.486103719,-134.0026335043,-151.0060849297,-125.3549935835,-130.8098994572,-158.9840264093,-139.5007399587,-136.3477427802,-128.4198696577,-153.6885318248,-133.7275904915,-140.1428288013,-133.2713683939,-135.4974119287,-154.2194451859,-130.5002262217,-158.8852755682,-129.4349156702,-129.9034757666,-129.6997595428,-130.8306531321,-133.0651491792,-129.3939945873,-135.4134120638,-152.5013430327,-130.832781569,-141.0631915608,-142.6752752718,-119.6345935774,-135.3031058899,-119.6470487411,-133.0536133654,-147.3744594714,-136.2359711384,-129.4587832144,-130.2769580825,-143.9301225715,-147.1202506741,-188.2709582002,-138.2771123436,-131.5517571939,-136.5952386386,-145.0761139119,-147.9806844486,-139.0796079363,-147.3694722977,-125.7372810822,-147.0544755332,-137.8360161052,-124.1508348549,-148.3229440861,-157.3489749823,-136.7523868656,-140.1569355259,-145.8691328447,-130.214055609,-127.8240473474,-131.7791832731,-135.9920053262,-146.5439541061,-136.3234429815,-148.5349778467,-149.1133447822,-131.5308793243,-185.4141009271,-128.7951154557,-133.5872136592,-148.0119268525,-127.9165548522,-161.1475750471,-127.8220276702,-143.9239423496,-129.8241695027,-130.4035920257,-146.4652664916]},"Model1 ll":{"0":[-126.7397940468,-151.2809510927,-143.1204605867,-141.7478683957,-140.4700161982,-128.6825512832,-132.6148023579,-123.5844779794,-138.5470076614,-142.0971263462,-159.5314981044,-134.9532875141,-133.734767537,-133.4652376914,-132.3162360313,-139.8750896541,-129.3145449648,-167.3985274332,-141.7053075529,-126.9269958377,-132.7791585149,-141.9926996082,-138.357750672,-122.3934778419,-158.3331913793,-153.4861037111,-133.1447115692,-137.3329953714,-123.4166850865,-130.8098994513,-158.9840264024,-127.2352183419,-131.8517752681,-128.4198696495,-130.7450951871,-133.7275904942,-140.1428287956,-133.1605659279,-135.497411924,-133.5521756016,-130.5002262179,-146.7421810923,-129.4349156702,-121.5293430025,-123.9897585423,-129.4177441612,-131.8728649571,-128.1804649236,-135.413412061,-152.4747410311,-128.4740535045,-140.7970148266,-142.6607904628,-119.3357579899,-123.4851024102,-119.6470487374,-133.0536133674,-147.1489848332,-136.2359711348,-121.4815906271,-130.2769580825,-143.9301225674,-125.0973647182,-188.2709582007,-138.2771122896,-130.6003972999,-136.595238638,-131.204292133,-147.9806735625,-139.0796079303,-146.4892969114,-125.7372810775,-147.0544755295,-136.8162915651,-124.1508348512,-146.5162380655,-148.6980913382,-128.4035656446,-140.1569355262,-143.3149129815,-124.9195214412,-125.7210746048,-131.7022337888,-135.9506146906,-137.8141862675,-136.2428408657,-145.9746989791,-130.5941636945,-131.5308793209,-185.4141009072,-121.4421342193,-132.8644955847,-143.2821764773,-127.8954886164,-161.1475750421,-127.8220276668,-139.7765065015,-129.8241694955,-128.109743372,-138.5711848195]},"Time simulation":{"0":658.1227},"Time inference":{"0":1.3668}}