{"Parameters":{"0":{"Kappa":10,"Tau":0.316227766}},"Positive hit":{"0":2},"Model0 ll":{"0":[-41527.8370061273,-41566.1760542912]},"Model1 ll":{"0":[-2291.450845554,-177.6135092837]},"SNPs":{"0":[862072,859706]}}