{"Parameters":{"0":{"Kappa":2,"Tau":0.3981071706}},"Positive hit":{"0":100},"SNPs":{"0":[500644,500918,497502,496365,499552,499669,495041,498096,498613,497498,495173,495547,497091,499684,498647,494714,497902,498672,498826,500323,497973,499099,497954,497443,496376,498279,497476,500090,498476,495084,494676,498507,498057,502028,502491,496693,497407,499285,495517,501000,496333,494655,498252,497330,497318,498356,500148,494476,499186,499428,498478,499003,501705,498422,494904,496025,497679,495777,497743,496089,496456,498115,500608,496816,497408,496885,497336,497720,497213,495570,494062,499544,497033,496438,499007,496613,498438,498459,500968,499557,497225,496643,496144,495311,498959,497864,499165,494457,497486,502081,498479,498522,496598,496778,500567,495012,500407,498373,496432,502447]},"Model0 ll":{"0":[-6890.1658461973,-6611.1004719643,-6761.6063786199,-6869.8001744838,-7065.1933110408,-6876.7499127978,-7076.2596016399,-6522.1066881034,-6854.2793834293,-6756.6445108453,-7987.6099144081,-7302.1873412687,-6733.568411265,-7318.5382148063,-6938.241031091,-6487.8423014839,-6622.1855342307,-7162.2475034862,-6839.5695924579,-6489.4222697288,-6904.3923127858,-6492.8838401823,-6945.4765454405,-6833.9006633797,-6866.2163328291,-6824.1367967635,-6900.6733156717,-6908.1457878198,-7098.3963423163,-6446.3711454957,-7765.3318218038,-6925.6141434296,-6673.3005472237,-6896.5724668061,-6266.6346302838,-6842.7514651543,-7148.0671841626,-6957.7793298834,-7320.8756523156,-6720.4576260376,-6573.8521643552,-8033.5246898029,-6940.3040229692,-7102.407519417,-7010.9294590803,-6883.8709547106,-6666.366220628,-7203.9288959926,-7098.1867353743,-6651.4449269771,-6577.2248711292,-6819.9277410974,-6438.7080667947,-7165.4524159768,-7274.4998904321,-7144.9602239621,-6540.4792811265,-6854.3645200598,-6783.3758025399,-7108.8293949401,-6936.6889454751,-6908.9671167509,-6304.9102285676,-7095.5388671893,-6865.0767030982,-6683.5521420313,-7343.3111667084,-6755.4719560025,-6604.0151196785,-7459.1926836993,-7250.6429815914,-7133.5117078397,-6899.3907687806,-6844.5643478433,-6801.3877703669,-6310.7638884115,-7051.8532408877,-7040.6966805579,-6623.1880068105,-6336.5329824784,-7138.5052299547,-6749.9713997975,-7026.9002283438,-6818.869590799,-6769.61314697,-6863.3762569892,-7117.2685309099,-7217.0053598893,-6831.0320307591,-7143.8987770481,-6631.5398049944,-6809.4421704877,-6785.5121328615,-6724.0160447079,-6986.4314218719,-7383.8831523195,-6418.5571351795,-6687.860789523,-6703.0518833786,-6910.2172393315]},"Model1 ll":{"0":[-611.951454989,-852.5411029755,-688.35570343,-801.9758982688,-701.7434151318,-701.2000635034,-853.0385224277,-761.9005915071,-853.5949278007,-707.29195559,-549.7087940298,-837.5857387235,-726.1354678026,-610.4344513143,-810.5803769992,-794.3930881499,-871.4834781278,-603.7576065095,-668.0655472206,-787.5070107557,-838.9722428159,-677.4138600017,-772.7766451332,-862.2529880316,-908.278864508,-715.5658187934,-737.6130608761,-629.3263819685,-678.1354583161,-860.2820542315,-567.4292949587,-906.4450694741,-900.8063064648,-683.5953977597,-745.5747475531,-945.4309190421,-811.7319425621,-925.835617812,-676.6322513365,-720.9314524295,-845.3229391581,-512.6609072354,-770.613108787,-586.5684126078,-720.3816549495,-675.9967174196,-713.4715609581,-677.5689460085,-810.2395753114,-842.4944438733,-719.5260392935,-893.8660343719,-835.4079044121,-760.2343776146,-658.7547299493,-742.1171789384,-789.3382263861,-727.5436664293,-728.9997458547,-787.2275029632,-734.4400802895,-675.1070119245,-824.8109520516,-681.9794711072,-919.6554409253,-655.0830174592,-716.35037432,-610.6366019415,-751.0834267217,-834.1059130453,-844.4042989107,-830.4629409836,-828.8380861812,-733.6743151725,-767.2494894733,-761.9115834444,-691.8628843188,-703.697784914,-913.3060922051,-770.6131202871,-774.3065215692,-755.2324344019,-676.1805870173,-777.1496442467,-600.120583652,-971.6865859536,-772.5517118049,-627.4725273674,-688.7721911461,-678.3927641015,-857.913597069,-876.7510400999,-777.7770225299,-883.7363388531,-787.0513565378,-673.6426822081,-851.2491502132,-739.1833372034,-723.0213467397,-710.7869659395]},"Time simulation":{"0":1567.2012},"Time inference":{"0":26.7}}