{"Parameters":{"0":{"Kappa":2,"Tau":0.2511886432}},"Positive hit":{"0":100},"SNPs":{"0":[505725,507704,504882,507515,507193,506713,508361,507159,504569,504971,506391,505298,503368,505592,507651,507344,501554,505984,504143,500452,500365,506679,507123,503482,500051,509712,501802,505270,504034,504309,502758,503058,505886,503924,503511,506196,504910,505636,507242,502569,506716,504867,502956,504914,505195,506004,511418,506054,502571,503719,508913,507036,505928,506567,507184,506557,503688,503497,507720,506578,503770,507155,505879,505296,504247,504528,506783,507628,507868,505694,502078,506400,503760,501867,505721,504661,509608,504543,506610,505783,505238,506895,503551,507032,506657,504804,507044,507398,509521,503976,505995,506521,507133,508147,499559,508260,503073,506029,505163,503345]},"Model0 ll":{"0":[-4598.8947286106,-4294.3477938157,-4502.7767816522,-4359.4251917911,-4645.5025327471,-4570.2376596458,-4590.9060777182,-4462.5226656127,-4616.4988443336,-4956.8020589543,-4398.1444240091,-4649.265692984,-5127.4904833822,-4705.8356344944,-4151.0021414946,-4355.2578152289,-4818.7662024055,-4799.4900283214,-4694.4562837796,-4948.3516697678,-4770.7051092902,-4778.0475423967,-4771.8684036701,-4677.2717734592,-4683.320718184,-4163.860340986,-4317.9130430487,-4493.6303202993,-5290.367554864,-5293.3464465816,-4334.0548068188,-4201.8551776566,-5074.948986153,-5101.1498995744,-4488.4999456744,-4970.8450050456,-4597.387794776,-4510.9599855158,-4532.1433089548,-5030.4761370275,-4679.1532126918,-4662.8819383517,-4929.9060437905,-4639.8861533169,-4465.9012586859,-4761.1939827836,-4507.0254061441,-4186.4206100175,-4411.4638194447,-4930.0631453153,-4629.3366234509,-4520.0802158255,-4961.4213313133,-4520.853196038,-4649.518011049,-4653.0927188659,-4796.4180031713,-5167.1826050408,-4507.2109199518,-4569.7705205537,-4281.5181708668,-4568.176253779,-4664.8272987592,-4756.9625596233,-4535.2255544678,-4203.517783235,-4327.9695523457,-4329.5616476154,-4662.6141450999,-4736.7721575228,-4942.4122793923,-4260.9999166892,-4856.9129356845,-4576.1630564105,-4761.4315608028,-4723.9083489085,-4548.7627450873,-4906.8898855756,-4867.3973547638,-4660.3962965273,-4899.0115955878,-4541.1686849007,-4921.5960021895,-5137.1430150885,-4443.260518924,-4686.0280425069,-4478.5660631821,-4427.3836945347,-4494.6430229485,-4579.3209624835,-4461.0696189486,-4419.6585291248,-4828.6423993023,-4649.2064369406,-4927.1292318259,-4835.2258541551,-5049.7510829132,-4429.2404524266,-4774.4419726606,-4607.4581130418]},"Model1 ll":{"0":[-404.7383378994,-338.9714096049,-353.2106773369,-469.252441678,-329.5691223852,-419.1653734366,-392.191958595,-417.8426904141,-339.176275281,-365.1324000322,-315.9042026869,-339.878115391,-317.9004893827,-337.0350581149,-297.9302977125,-373.4650874301,-361.4011850262,-357.8361097104,-425.9883891012,-422.5339503684,-393.9024001738,-514.0866846381,-303.1407612194,-299.1644332241,-397.0709907749,-317.4011926189,-388.1275729537,-381.2312074052,-407.7974463544,-291.7715007522,-385.8603315035,-425.6267263493,-385.7941793799,-434.3565139126,-343.2651728908,-430.5922128504,-294.7243051469,-360.6226905495,-364.5012073899,-285.7292988992,-375.5518103124,-396.783572692,-300.8728643115,-444.2334728956,-408.2527336125,-318.2449369378,-310.8949203817,-327.4399679638,-521.095887375,-315.9654239541,-313.5218097679,-382.3666255156,-344.2954413874,-452.5997319024,-311.4063107017,-466.2043705149,-330.6724352817,-357.1979959832,-384.5526704637,-399.8323557321,-340.0179453402,-416.1441775892,-373.7699611563,-306.6442605681,-364.273610568,-382.9153872977,-288.5182648737,-454.8198277636,-351.6570163219,-418.3821722785,-365.2576512927,-465.9824476117,-366.5943511436,-391.4500616327,-341.3668170514,-362.2605358301,-326.709041775,-389.7342236288,-421.6586759493,-289.4397824399,-326.7443196025,-281.2770662022,-352.6238209165,-293.3742325697,-361.1929822887,-398.3435248644,-373.7309012518,-353.4821124849,-367.8103816062,-376.7640614027,-344.0434868554,-376.0184988841,-397.2779193318,-510.6033132063,-394.5982619829,-288.6150177769,-342.2006533735,-353.7256765213,-359.9881472439,-384.0527617783]},"Time simulation":{"0":746.2023},"Time inference":{"0":1.1666}}