{"Parameters":{"0":{"Kappa":2,"Tau":0.5011872336}},"Positive hit":{"0":100},"SNPs":{"0":[499002,501346,500534,501445,497370,501964,496629,500909,502807,499934,499179,502054,499930,498568,497831,496779,500566,502016,500801,498616,501844,502895,504482,499698,500914,499739,500305,501903,498232,501414,499598,500751,501447,497195,501860,501915,503175,500638,500964,500141,500355,502257,500248,499046,500315,499080,500094,498244,496910,499321,497308,501683,502503,499504,500984,504796,500499,504450,498266,504809,502151,501628,498336,499489,501337,502934,501180,503883,499600,501906,502166,495933,502100,496601,495568,500958,497005,501681,500031,496925,500669,497502,503971,499765,500626,503182,500634,502092,499686,499505,503549,505670,504744,502716,499553,500348,495450,499871,497773,498387]},"Model0 ll":{"0":[-8453.2937354886,-7710.7281942061,-7642.5705699785,-8142.7484066311,-8174.8375338795,-8163.0573272149,-8480.4988981288,-7552.3427642916,-7446.2599368355,-8395.0633671185,-8233.8972031754,-8181.108185315,-7971.2068102584,-7970.2880586712,-8527.6010488794,-8159.3457326795,-7467.4176135887,-7887.690931152,-8135.0977783999,-8296.38361557,-7871.3922355574,-7911.7151709828,-7657.0481865178,-7846.0349791792,-7801.5112078694,-8010.7324464234,-7568.3541283935,-7765.152431901,-7825.3981542961,-7527.4258043243,-8473.5009400848,-8558.9309549025,-7758.7991686495,-7848.2909107461,-7616.4485537568,-7543.1442742963,-8138.6713659538,-8033.0038648861,-7905.7752913712,-8266.4995901855,-7903.9342215517,-8111.3181411923,-8379.17124809,-8261.1069579742,-8107.0874399059,-7897.5751272918,-7619.5859100947,-7931.2282376229,-7987.2916145371,-7824.529958125,-8140.9243433718,-8040.5547214445,-7083.5620681292,-8170.7105619574,-7706.2478510719,-7755.8321125067,-7831.2687641213,-8001.1513222004,-8674.7886282692,-7717.6881194815,-7990.0768032315,-7981.0788009101,-8237.9546946374,-8660.9988641586,-8339.2666092353,-7927.9228740118,-7405.280199012,-7694.0421959785,-8013.6520450994,-8017.8393650665,-7992.2881003488,-7974.4147719623,-8479.3486925496,-8137.946246179,-8240.326145657,-8304.4118654663,-8212.0498759983,-8065.9711752194,-7612.407634164,-8417.3018122943,-8206.8096093353,-7601.9706877271,-8100.3644298899,-8198.7561993926,-8299.3728134185,-7731.7092034096,-7419.7954387333,-7986.8834119239,-7812.0029247521,-8674.8037856907,-7863.5470065009,-8360.1609062307,-8206.1037356317,-7865.6874222647,-8278.8770263026,-7637.6729650949,-8633.9576726785,-8202.7989743202,-7818.9207812728,-7943.9745476251]},"Model1 ll":{"0":[-1056.0730080161,-1321.2038558062,-1299.9809982275,-1087.4303627936,-1171.5130040848,-1165.9153851417,-1255.199281096,-1082.278430095,-1129.8313274694,-1326.1621424522,-1315.0355254621,-1060.3435612159,-1039.4699651202,-1099.0750382901,-1101.4618551949,-1138.8138330527,-1156.7750139153,-922.1642713864,-1064.4365740814,-1056.9182523865,-1224.6066940646,-1265.6443063342,-1124.1016444909,-971.0904205742,-1210.9509932456,-1168.273878905,-1026.4978221036,-1199.2470086374,-911.4597458169,-1030.8008987586,-1117.5337591506,-1216.154064127,-1118.8286798271,-1178.8219625362,-1279.5805775886,-1166.7917881433,-1196.1458142483,-1092.5021862908,-1085.5493937991,-929.6306940004,-1193.7964873685,-1213.4069646705,-1212.9381476279,-1135.3423511903,-1172.542757524,-898.1701893865,-1032.9223130664,-996.7474979867,-1084.5964047037,-1168.6372974066,-1072.9103868888,-1051.7976857031,-1299.653118936,-1331.8745992741,-1261.4707896067,-1032.7363124858,-1262.7006814131,-997.9069395897,-1198.5803138473,-965.9788752501,-1089.8277654678,-1205.6994406551,-939.6223669106,-1000.8530009447,-1014.0070217068,-1187.4458782926,-981.23758658,-1093.2761571912,-945.0767412146,-1161.9867540536,-1234.8390118285,-1066.6263197055,-1051.5895726083,-1247.1598455246,-1077.0269481569,-997.3333436666,-1114.1119432581,-1025.7756911238,-1217.0145499919,-1079.6156024697,-1088.9402572796,-1186.7678725914,-985.6099709569,-1132.7625864063,-1157.645275591,-1079.5026786356,-1032.3112072291,-1070.4296493694,-916.644332336,-1128.9748617037,-1090.3233705864,-1260.8333739956,-959.8806243579,-1153.8132393783,-818.406950938,-959.8670909868,-1004.33669688,-1368.5655620343,-1093.1532961849,-1053.3872943882]},"Time simulation":{"0":1001.5549},"Time inference":{"0":25.4216}}