{"Parameters":{"0":{"Kappa":2,"Tau":0.01}},"Positive hit":{"0":92},"SNPs":{"0":[505353,501195,500207,503627,503805,502308,503911,500683,500600,503531,504030,505958,498848,505676,504063,506736,504341,502157,503068,501066,500187,504083,503488,503495,503062,506987,504520,502398,501524,503447,505323,501774,503729,504677,503879,502160,507336,502801,505001,504563,501525,502260,506350,504661,504178,505408,505297,502667,504183,504745,501704,502383,502414,501927,501459,505163,504406,503513,508560,498614,504637,504361,503383,503835,501883,502678,506518,504196,503823,504408,503487,499420,505006,506605,503678,500094,504786,506034,504511,505140,501772,506317,500956,503668,500111,505028,507258,503062,503599,505513,504342,503403,504566,503032,504011,506756,506718,504651,499871,503090]},"Model0 ll":{"0":[-191.3184759982,-128.8496395693,-191.8055750718,-204.5907284455,-135.6993036961,-164.8130004647,-146.1108140544,-130.971308793,-176.5404892045,-219.8073726748,-156.8531139679,-133.5785890323,-156.525861939,-128.8550525905,-171.3747496909,-159.2288744968,-145.8389221419,-148.312435218,-137.3553255647,-213.3853584326,-184.8594471477,-164.2866265911,-159.4301905056,-163.6876060123,-281.8645220279,-190.2428743314,-205.5939826135,-154.7500211731,-230.0091461863,-150.9951514726,-208.1188794236,-163.8753178691,-152.1181440879,-164.7928898098,-126.570477438,-239.2554802253,-128.9697281454,-166.7080815412,-190.6038547422,-144.9884508772,-136.1807819707,-199.4698625055,-133.0420946547,-151.987806135,-152.6474535589,-147.3516366539,-152.9559745037,-185.6605702559,-151.405219748,-198.8454919791,-183.0257100162,-141.5395401908,-147.8695130536,-174.6071810591,-183.1185116069,-165.1493416949,-151.0236295402,-155.7488137156,-130.0373948527,-286.9064725491,-143.9704281898,-151.4086151533,-200.7848871799,-160.6135076776,-157.7193500601,-166.5512238287,-164.2782116109,-150.4905502658,-143.8228373606,-135.0704566115,-163.0321726543,-166.9116513297,-184.5177370534,-126.6081836922,-179.2202334033,-196.9596413488,-122.7375163719,-139.8172207221,-155.7970103599,-133.5770652402,-145.7364788251,-167.3801442704,-148.0606907652,-182.7840004231,-184.2927485542,-127.2012454522,-143.738718424,-168.3761883716,-181.7604206171,-140.3169688648,-172.8204343714,-167.7884606773,-212.5055881078,-212.28883644,-142.312030908,-134.6887221758,-154.6928977783,-127.1772256071,-150.9749487401,-185.1367363158]},"Model1 ll":{"0":[-135.7226655058,-118.1114584655,-129.4956184151,-140.998108648,-126.1838813865,-145.4349518534,-127.0384978254,-130.5452544897,-128.2856740202,-150.2630111085,-137.3553537026,-128.5589155634,-131.1747527769,-127.1081672415,-133.7263311509,-137.8857309969,-129.6134243015,-140.9277146712,-134.8854936485,-157.8602779376,-134.7072690182,-127.2956808228,-131.7726006403,-142.4737311105,-145.6427994574,-145.8485314819,-134.2919193577,-133.2155860753,-144.2993160551,-132.0963336271,-126.2784772353,-145.438630334,-140.708611851,-128.1079251634,-126.5704774367,-129.261080943,-128.1261031091,-141.1196673642,-153.9295277649,-132.7320537269,-131.7272189527,-172.5004130472,-125.7563279586,-134.4207488762,-134.5557031245,-123.4826712951,-148.1223863905,-137.5779450848,-132.4626826502,-143.06134408,-125.5276086436,-141.2828337689,-139.5510975442,-128.7935439567,-139.0985037699,-137.7592731993,-136.8391629733,-143.3542132704,-129.9685783141,-144.1152574011,-136.0780573464,-137.1109050016,-150.4758043286,-143.7402570551,-123.9018120775,-121.2172961729,-126.0316563604,-136.0042593367,-136.2972277226,-123.404801961,-148.7006734974,-140.8708310986,-140.9411354708,-124.1501017187,-140.4769691408,-129.0135708231,-119.1106335876,-128.4880542391,-139.1654820712,-125.0111755454,-133.198083608,-135.6574528868,-129.7910599579,-162.3026228546,-135.8048039812,-127.1807248991,-128.5733917666,-126.9263635284,-132.2579094,-126.4538964219,-160.7068704494,-140.9373547713,-138.9602210307,-150.3801716569,-140.8320850578,-131.5642616226,-139.8427168537,-124.0636159788,-128.271039534,-137.164852755]},"Time simulation":{"0":1273.4565},"Time inference":{"0":6.0245}}