{"Parameters":{"0":{"Kappa":2,"Tau":1995.2623149689}},"Positive hit":{"0":27},"SNPs":{"0":[508174,507797,508458,501432,504844,506133,505935,508830,509908,505723,505917,503282,507643,507117,507903,508223,507414,509041,506979,509031,507879,503550,509449,507087,507636,506709,507201,504004,509546,505048,504979,504161,507020,506722,503629,508119,507933,507779,507831,509444,503862,507799,508568,505170,506880,506365,508254,506763,508352,514672,512068,508542,508142,506498,506205,506942,505510,506613,505838,510546,505812,508091,510231,509463,503912,508240,508640,508656,507861,505314,507868,506613,506983,506877,506789,508618,505673,508354,506973,506996,507629,507685,501442,507215,506059,507137,508950,504379,506502,509788,504812,506991,507507,507797,507587,509078,509724,507050,506217,506441]},"Model0 ll":{"0":[-142.5156820006,-131.3603535576,-139.9588636591,-183.9933132307,-135.9156689066,-145.8614032824,-139.2525195807,-147.4636333494,-142.2138116969,-135.4813144425,-137.2122125746,-136.538691532,-141.4885614404,-141.738900604,-143.9030049622,-135.6198640534,-151.0525742311,-138.415914464,-136.761327072,-140.4092912015,-168.7156150778,-176.9162654631,-144.184176456,-125.2972927378,-138.7053773371,-128.0778062246,-125.0897680832,-141.207856466,-142.7007523437,-140.673933863,-173.8875021788,-130.8587500242,-146.0538836371,-135.5639099288,-124.7903569198,-141.1859036317,-126.4272848223,-151.5291119734,-126.3457412348,-135.9943057824,-135.9526385701,-130.0941082165,-144.7421699985,-139.2805098465,-133.1531095752,-133.7638223186,-130.4764507348,-145.3777264212,-130.2575689829,-149.9287991704,-160.8890187986,-136.1031582874,-148.4043469478,-139.1274128817,-152.2194190753,-126.2097943898,-165.7029177085,-133.2300057598,-164.5783354511,-138.4485336095,-126.599277685,-160.8701570496,-145.7381530644,-160.3077631693,-143.8175189608,-126.5197135738,-147.3865334598,-131.6100227832,-138.5878174546,-134.9939309086,-138.3109151925,-127.5811882407,-150.5526379054,-165.7195778593,-128.268688402,-149.8204081493,-130.2896415826,-127.0919712961,-152.4402963642,-121.1610606589,-130.1933093648,-123.4741442382,-154.3220317094,-154.6964613786,-137.4243136184,-142.3551191602,-142.5131016771,-143.8379066486,-131.1543536981,-145.7022772081,-144.3435930158,-134.5542261288,-133.9945899561,-139.7099841723,-139.2232295783,-139.2494006167,-148.3145560282,-134.2607754195,-141.6083866753,-138.191125678]},"Model1 ll":{"0":[-141.9739725207,-131.360272952,-139.738025158,-134.6158239853,-135.9156688977,-145.8297753841,-136.5624111765,-147.463633343,-142.213811685,-131.0491567372,-137.2122125776,-134.5834833538,-141.488561432,-141.7097350766,-143.9030049591,-135.6198640428,-151.0525742238,-138.4159144586,-133.5351644606,-140.4092911977,-168.4106294071,-125.6330808738,-144.1841764465,-125.2972927396,-138.7025234076,-126.2408430139,-124.8573273798,-141.1915895189,-142.700752346,-139.5846738926,-143.2368161969,-129.3293321647,-146.0538836323,-135.4485904826,-124.7338935449,-141.1859036334,-126.4272848171,-130.944100349,-126.3457412303,-135.9943057772,-135.4215994178,-130.0862787047,-144.7421699951,-131.1283581223,-123.1103016791,-133.7638223116,-130.476450731,-127.2605350964,-130.2575689804,-149.9287991557,-160.8890187909,-131.3461394703,-148.4043469476,-139.1274128759,-152.2194190711,-126.209794396,-165.7029177039,-130.7505097555,-164.5783354518,-138.4485336044,-122.9673837141,-138.924629503,-145.7381530513,-158.0876719199,-142.403947894,-126.5197135745,-144.4572735827,-131.610022782,-135.4623876635,-132.654052752,-138.3109151961,-127.5811882415,-150.5526379063,-165.7195778468,-128.268688401,-133.1871617187,-128.2341739838,-127.0919712941,-148.8181835362,-121.1610606583,-130.1933093669,-123.4741442383,-150.1887614219,-154.6964613667,-137.4243136182,-142.0700971481,-138.660071011,-143.8379066487,-129.2028077839,-141.2864818669,-143.5325374789,-134.2605106879,-133.7989657242,-139.7099841767,-133.6297790331,-139.2494006105,-148.3145560124,-134.2607754254,-141.6083866661,-137.5773787588]},"Time simulation":{"0":518.0645},"Time inference":{"0":1.121}}