{"Parameters":{"0":{"Kappa":10,"Tau":0.0079432823}},"Positive hit":{"0":2},"Model0 ll":{"0":[-210.0327917387,-212.5033804772]},"Model1 ll":{"0":[-141.6616389657,-147.5954249159]},"SNPs":{"0":[1122947,1120347]}}