{"Parameters":{"0":{"Kappa":10,"Tau":0.0001}},"Positive hit":{"0":1},"Model0 ll":{"0":[-89.4754526735,-73.3276725552]},"Model1 ll":{"0":[-89.4754526731,-71.2631910811]},"SNPs":{"0":[2884,2944]}}