{"Parameters":{"0":{"Kappa":10,"Tau":6309.573444802}},"Positive hit":{"0":0},"Model0 ll":{"0":[-114.3573128044,-123.5425559932]},"Model1 ll":{"0":[-120.9588787154,-123.5425559931]},"SNPs":{"0":[112960,113551]}}