{"Parameters":{"0":{"Kappa":2,"Tau":7.9432823472}},"Positive hit":{"0":99},"SNPs":{"0":[498759,499465,496657,497942,498890,501136,496226,498973,498789,501304,498893,498950,500026,500961,500452,501536,498702,499820,500685,503092,501107,502909,498806,499069,500763,496189,500631,497369,501239,498950,497028,503707,499442,500068,496640,500665,498974,498113,502335,496818,500342,498185,497739,499828,499952,501033,504816,502517,497608,499179,496692,503000,500154,499703,502754,499003,498517,502751,501604,497504,502183,502228,500796,501244,499197,501271,501707,500229,495294,503667,498855,500076,499004,505721,498306,496027,502177,500962,498412,500654,504009,499783,497569,500773,494378,503722,498226,497459,498344,500663,492967,500825,498810,502438,498735,501598,499814,499580,500488,498352]},"Model0 ll":{"0":[-178.8792788177,-198.9940970442,-143.2247448586,-169.5600030285,-207.1226621524,-173.2136004831,-192.8206040107,-195.8392872395,-172.5816628633,-187.0235506979,-170.0599534874,-180.8209695461,-179.5723153289,-165.4301341653,-193.0710806493,-156.8891134712,-211.7852247801,-181.6065232854,-143.3463708581,-165.1918023563,-179.0122247416,-178.9188316135,-176.1709937232,-197.5876331059,-174.7683649992,-315.1664144128,-165.2835149318,-173.6673563187,-185.0920128271,-184.782774944,-181.97354745,-162.5646881539,-203.4499018406,-179.9308064783,-165.929537509,-172.2237388911,-184.3108212553,-183.2087600148,-146.6391629552,-190.1392592351,-183.4588119684,-195.6382444099,-192.7469441485,-183.8154282273,-183.4970709447,-193.3710016217,-165.5149647367,-162.2636661349,-216.2816594682,-187.5133910454,-200.4500218551,-161.1284415307,-171.8418598304,-174.9289051269,-175.1786713889,-159.0227328973,-172.2972568982,-168.2574963283,-202.7003239165,-204.7193432405,-181.1790247726,-183.1469348877,-188.904831675,-188.5639982896,-208.4530751708,-167.4101107272,-179.6142429446,-189.9858625118,-194.041411113,-170.3325885954,-190.9426634051,-166.7505992805,-215.6830465655,-173.6362266569,-204.5522276507,-146.5217234023,-170.0140796261,-178.1504219263,-223.0485488599,-185.0606913513,-152.0052373153,-190.238375004,-199.3065309264,-189.4592663605,-260.1064226649,-187.8287134387,-192.5964075488,-169.0788882559,-202.7983450133,-184.4058101858,-347.798849513,-161.0324227698,-215.8272535625,-193.1001234246,-169.5391526468,-159.1753700012,-207.9989853241,-167.4919713443,-159.1979817982,-197.2888067174]},"Model1 ll":{"0":[-125.8332369968,-125.0738106729,-120.8207966128,-141.7830829087,-139.9789897391,-141.6024171273,-146.4675831294,-166.324043147,-139.5402399723,-153.0607565947,-130.6005295538,-132.9949433521,-129.6569811867,-127.0646531687,-128.9689151183,-122.5767818397,-165.1038949095,-145.3718900064,-132.0238204903,-125.9922905848,-136.2849185924,-136.9398588959,-133.070455087,-139.2312867766,-146.5732980943,-158.0743836505,-125.610639628,-132.0827838083,-142.6322927912,-144.7924624193,-151.7326338181,-143.5345867955,-146.8314123983,-150.6379496221,-152.2224820378,-146.4713400719,-137.1067419605,-135.3809573237,-136.4820823188,-128.7548756084,-136.8691681557,-146.2999752619,-132.5602044592,-141.9950147217,-140.1116565773,-129.8590771743,-151.0650456706,-124.7789703797,-146.6372693187,-138.7860180525,-133.5437296576,-135.3397511552,-123.6605911638,-146.8661625226,-149.5856510641,-145.7186147738,-141.5532066201,-136.3081721808,-152.5149709017,-142.488160208,-128.5659495663,-158.8733307205,-139.1902346832,-160.7497375023,-131.9548744922,-136.5192592762,-151.7141354954,-151.8338216592,-137.1576067208,-155.3666091371,-128.8150405465,-127.6831059305,-138.3159796897,-131.4922076124,-137.2925054052,-131.6638458424,-131.5344409564,-153.3563631939,-132.0786207212,-135.7912418724,-137.7912112146,-139.2816549156,-146.8710762574,-126.080859296,-157.8829771873,-129.09215652,-140.6590226974,-129.1244173397,-135.113953128,-128.043238298,-159.5198945123,-159.8146708808,-145.0846627922,-131.3570770272,-146.4757209884,-138.7100947682,-144.4397752174,-128.6907241608,-135.317124052,-136.9354631802]},"Time simulation":{"0":736.7801},"Time inference":{"0":2.8379}}