{"Parameters":{"0":{"Kappa":10,"Tau":0.001}},"Positive hit":{"0":1},"Model0 ll":{"0":[-85.3461644561,-79.1615278312]},"Model1 ll":{"0":[-85.3461644558,-76.7450418386]},"SNPs":{"0":[3073,2924]}}