{"Parameters":{"0":{"Kappa":2,"Tau":0.0003981072}},"Positive hit":{"0":26},"SNPs":{"0":[500906,500331,502619,501242,499397,499378,499117,498637,498372,504048,502094,499442,499050,497781,499547,499659,501093,498716,502073,499273,500547,501462,497995,498988,499193,495580,503006,500696,500108,500471,497523,501909,501892,502405,501343,497570,498537,496519,496694,496715,498098,499027,497333,496298,500623,500215,503294,499753,494795,499164,498463,498922,498447,496765,502091,495703,499513,501674,504362,496882,502744,498790,496563,500597,499515,501120,501314,497251,500334,499237,501604,498539,499089,497215,499285,497724,499866,500891,497901,498010,505472,500036,496533,496733,494875,500774,499549,497214,501484,500670,500575,500837,504118,498847,498973,497637,497340,499451,497667,501910]},"Model0 ll":{"0":[-144.3839644253,-141.6344685827,-133.8244120802,-131.1423382158,-164.8738962377,-152.5689799153,-137.7807018133,-124.0955123827,-140.5469601726,-130.1989680404,-139.916500304,-126.6171995599,-127.2205874035,-124.8339433355,-124.7072796157,-152.8686103608,-150.7530650235,-143.960474838,-128.8871480739,-140.2469946279,-151.290318967,-138.2128116519,-127.0888747345,-127.729459126,-118.7684769067,-137.2707497654,-122.6022902329,-147.3232491511,-136.9850152419,-134.0073407272,-156.6088701027,-136.8368675812,-131.0344854694,-134.8679067825,-138.9838895483,-122.0616846657,-131.4829594728,-141.6105771732,-127.1626426595,-140.324905267,-136.05941933,-133.8955740703,-139.927073499,-127.3472841084,-149.5046287987,-142.1427409017,-134.7753525134,-170.1989389023,-138.5967358851,-141.9185967849,-130.590625499,-136.9255558332,-169.5972892716,-134.2854631625,-130.651434801,-137.2777882226,-146.6758991533,-143.2044620602,-121.3943098803,-165.6642239116,-123.827280749,-134.6964030355,-126.7347902177,-145.1957679761,-136.2343934121,-147.7135900664,-135.5987137251,-136.6945123671,-140.0710968355,-130.8741353661,-144.0655510341,-138.6516584271,-114.3799230528,-124.0304371212,-152.6216674153,-158.6627410892,-143.7971035916,-131.0326925087,-125.9578149127,-144.715282502,-133.0783429231,-131.172666547,-137.9468281949,-128.6940185691,-148.4598502901,-157.4972625404,-125.6391974031,-172.4513955127,-132.1072628322,-140.7656168916,-136.4615476378,-129.3875222963,-152.7821512651,-138.0587704462,-135.698166757,-162.3257074203,-132.0572400662,-138.9407914349,-135.0710087481,-144.2542508165]},"Model1 ll":{"0":[-144.3839644285,-139.0508346391,-133.824412074,-131.14233821,-149.3416999817,-152.2849038188,-137.7807018169,-124.0955123825,-138.1556754938,-130.198968042,-139.9165003078,-126.0928662797,-127.0948067352,-124.8006984959,-124.7072796144,-142.0147507112,-150.7530650161,-143.9582517944,-128.8871480799,-140.1318340345,-151.2903189685,-137.7329876326,-125.1575770628,-127.7294591273,-118.7684769083,-137.270749764,-122.6022902319,-147.3232491414,-136.4980778451,-134.007340723,-148.760798602,-135.5514788124,-130.2317272541,-134.8679067832,-138.8389202539,-122.0068964872,-131.4829594708,-131.237200518,-127.1626426591,-137.9896639477,-130.9670644736,-133.8955740676,-130.1007491973,-121.2115428904,-147.5680501525,-142.1427408966,-134.7501340459,-170.1989389007,-138.5967358904,-141.9185967819,-130.4830030411,-136.9255558358,-169.5972892692,-128.1055866866,-130.476022407,-126.2534829592,-146.6758991539,-143.2044620553,-121.3943098807,-149.1526718036,-123.8272807466,-134.696403038,-123.1250891944,-135.0103631867,-135.2527910298,-147.7135900651,-135.5987137265,-136.6945123685,-130.5292379034,-130.8741353695,-144.0655510261,-138.6516584233,-114.3799230534,-119.7683969081,-151.2516698211,-149.8423183987,-143.797103587,-131.0326306932,-125.9578149144,-143.695278539,-133.0783429223,-131.1726665478,-137.9066589427,-119.701683987,-147.4696343095,-157.4972625282,-125.6391974028,-138.0179185721,-132.1072628328,-140.7656168962,-134.1813681416,-129.3875222885,-152.7821512615,-135.1986943696,-135.6981667567,-154.0570442374,-131.4918252864,-138.9407914313,-124.2049553549,-144.2542508155]},"Time simulation":{"0":1306.9979},"Time inference":{"0":5.9182}}