{"Parameters":{"0":{"Kappa":2,"Tau":31.6227766017}},"Positive hit":{"0":19},"SNPs":{"0":[490958,490295,495988,491212,495212,493283,492369,495006,494002,491324,490468,492525,494550,490668,493018,490711,493253,494799,490131,490009,494018,496417,492583,489674,491299,490325,493744,495233,494206,490694,492888,491324,495818,496020,496881,491889,495344,494771,491681,493035,491279,488991,487968,490416,495546,492233,493328,493408,492765,488517,493711,489851,493206,492912,494739,490407,493875,492342,491636,495774,493057,493294,495161,495768,495805,495744,490619,495606,494571,493511,492604,493155,491769,492714,492941,493151,494432,488373,490451,492590,492842,491193,496274,489973,496472,493508,489112,492521,490378,494227,495037,493532,492954,493864,492487,490583,492739,492984,492982,493887]},"Model0 ll":{"0":[-145.1480044692,-138.592651629,-154.9245480943,-147.0817603503,-141.1989809234,-142.1883981169,-129.6094605807,-156.3481100285,-159.1062872003,-130.1256611661,-156.8257805056,-140.0397534344,-145.5835754768,-136.2426145359,-130.4927979481,-141.5055853864,-150.3977072911,-150.1970513495,-121.6648409804,-143.8466942892,-129.4303869276,-141.4725001944,-158.1430788901,-151.6423599838,-137.1898881585,-135.9301947597,-135.5461564927,-139.4505250486,-127.7121711411,-136.1495318789,-139.4538540676,-156.8798007687,-146.7706277932,-138.578867401,-127.455778084,-130.6964912599,-132.6112470488,-153.7029299817,-135.4037155882,-185.4680742403,-145.9010279174,-137.2706833456,-230.000296482,-155.8013314522,-162.2960068235,-145.1215865342,-131.8099871152,-123.649967712,-136.2177932924,-141.2779042424,-161.0048022694,-130.9542586696,-134.578135233,-151.1364279709,-144.8325862979,-152.7873346167,-159.3055784728,-128.4492465125,-124.3125430379,-123.7755406901,-133.6245140424,-138.4443009807,-133.5827724218,-129.6905566138,-138.8739682162,-157.0540115722,-140.0904708502,-134.0282314717,-140.9199502011,-143.3391841099,-131.539876499,-154.0506011174,-128.6517458091,-139.1653719161,-129.6061998911,-143.4551315113,-147.0839962825,-127.6154060558,-151.900775491,-139.4245079825,-144.2886895367,-137.1277298549,-145.591355976,-161.987911972,-152.304056985,-128.645228309,-133.3340576761,-140.028419789,-149.8157018197,-128.9140392604,-137.0986270992,-129.4322528719,-145.1338198134,-147.1840680095,-142.85118879,-133.7053144502,-131.5735194602,-130.1893520115,-148.7046700872,-153.6565001473]},"Model1 ll":{"0":[-145.1480044722,-138.592651622,-154.924548091,-146.5411795458,-141.1989809292,-141.2492081273,-121.9706960669,-156.3481100263,-159.1062871919,-125.7323708598,-156.825780515,-140.0397534286,-145.5835754775,-136.2426110664,-127.0298326116,-141.0427474164,-150.3977073003,-150.1970513415,-121.5377682477,-137.1397092638,-129.4303869263,-141.4725001997,-156.5619558916,-141.787860526,-137.1898881656,-135.9301947611,-135.4953958789,-139.4505250556,-125.8354723312,-135.9169303974,-138.8344518637,-156.2839975461,-144.3946320277,-138.5788674015,-127.4557780836,-126.3999125974,-132.611247052,-153.7029299732,-133.7806291721,-185.468074248,-145.9010279124,-137.0290368974,-138.1260414709,-154.0751548455,-162.2960068198,-145.121586527,-131.8099871143,-123.6499677129,-136.1099553005,-127.0327527811,-145.1348114207,-130.9542586687,-134.5781352319,-149.7350556703,-144.8325862996,-152.7873346148,-155.9250538844,-125.1461787733,-124.312543038,-123.7755406908,-133.3736847573,-138.4443009738,-133.5827724189,-129.6905566112,-138.8739682147,-157.054011571,-140.0365539418,-133.6080873327,-140.904935549,-143.3391841111,-131.5398764927,-154.0506011133,-125.5018359362,-139.1653719053,-128.5448577654,-136.7852810117,-144.297894389,-127.5729114596,-151.3038860455,-139.4245079812,-144.2886895295,-137.1277298539,-145.5913559765,-161.9879119749,-152.3040569824,-128.5557120182,-127.9217323869,-139.2861939279,-147.6249355083,-128.9140392656,-137.0986270995,-129.4322528725,-138.5859170366,-147.1840680088,-142.8511887872,-132.7766263831,-131.5735194551,-130.1446366813,-139.0048542247,-153.656500152]},"Time simulation":{"0":1242.965},"Time inference":{"0":5.9059}}