{"Parameters":{"0":{"Kappa":10,"Tau":0.0015848932}},"Positive hit":{"0":0},"Model0 ll":{"0":[-131.7145273725,-188.6483917658]},"Model1 ll":{"0":[-131.7145273732,-322.2737745072]},"SNPs":{"0":[1138557,1139282]}}