{"Parameters":{"0":{"Kappa":10,"Tau":2511.8864315096}},"Positive hit":{"0":0},"Model0 ll":{"0":[-114.943383736,-114.1726566894]},"Model1 ll":{"0":[-114.9433837339,-114.1726566908]},"SNPs":{"0":[113015,113806]}}