{"Parameters":{"0":{"Kappa":2,"Tau":0.1}},"Positive hit":{"0":100},"SNPs":{"0":[495990,498663,498571,501191,496354,496294,499615,499935,497746,497483,504611,501002,498320,497209,497340,497619,500506,498651,498705,501424,498878,497392,498482,497311,501624,499417,496829,501557,498918,497306,497136,500424,500512,500240,494483,494849,497029,503376,498248,496903,493630,502453,497841,494581,500449,500690,498182,499996,500720,500767,500702,501785,500129,494951,500506,499724,501166,494345,499252,499255,499295,496948,501038,497297,498261,497602,502847,495684,499986,503373,497554,501995,498610,495622,499343,497619,500663,499343,499457,497172,499562,500500,496893,498308,501778,501160,497855,496663,494906,502843,501464,498161,505016,492725,500297,500509,495428,498989,498858,495474]},"Model0 ll":{"0":[-1415.7357734175,-1739.5392891656,-1536.0017732277,-1373.6142365405,-1920.9386604169,-1869.1634918596,-1686.7643269984,-1404.1942152109,-1508.9520799817,-1790.3289552786,-1456.309272873,-1657.8131308054,-1482.2025982454,-1353.6439855212,-1527.0992447106,-1574.159092409,-1544.0584883738,-1399.7331325389,-1560.321667391,-1422.7013631284,-1505.2898029122,-1407.0402855951,-1416.2575734687,-1981.0743135518,-1472.3299669459,-1460.2805672087,-1815.1726582631,-1677.4348004665,-1393.3359969563,-1791.0427564035,-1531.2982238862,-1521.5719054285,-1520.5427896464,-1739.9694615596,-1603.177225828,-2046.1525847844,-1525.4882454771,-1652.8987881268,-1792.8293854238,-1896.1977758389,-1523.8985816734,-1434.3153585964,-1771.5194053145,-2284.8660227697,-1463.3221416363,-1447.5849034771,-2023.370554779,-1728.3007260167,-1650.8014296664,-1615.5537591714,-1381.8398322358,-1532.0763403649,-1657.8581984803,-2040.6307519146,-1376.1590840709,-1763.8517952756,-1573.079757831,-2023.8517940359,-1717.9514071963,-1401.4232191626,-1556.204431556,-1691.5336153294,-1680.6681914044,-1706.4140340621,-1532.3924465466,-1628.2066906806,-1573.4843569137,-1565.4964441049,-1463.6647256493,-1345.0495627111,-1553.0300457088,-1494.9956760213,-1787.731549437,-1399.2673273014,-1585.7701507962,-1726.8963527737,-1452.911067056,-1595.8907702009,-1524.2877835006,-1538.06014015,-1608.8469738412,-1558.7991279571,-1768.6672915826,-1544.4495918007,-1726.0928865076,-1577.7556347026,-1414.337185147,-1416.7947454903,-1662.689628044,-1617.8511052489,-1462.2420647615,-1324.983792878,-1830.7378476291,-2591.0003091343,-1650.7881977423,-1489.3510857092,-1729.558083436,-1532.3640147897,-1658.272754345,-1878.3301375619]},"Model1 ll":{"0":[-181.3343657707,-137.7294612122,-168.8024075113,-192.390334539,-141.3577865246,-146.3437475231,-181.8855125774,-137.3139812296,-134.0960929274,-150.2733744626,-132.9275034989,-161.0789972946,-157.5567489631,-154.0091112346,-140.0679098505,-138.2923757151,-158.4772687708,-148.7142444863,-147.3075161996,-150.9251713902,-151.271649529,-131.4059051802,-147.3139126644,-140.2831758538,-149.2740403959,-127.902462863,-180.4140726836,-133.0348775874,-187.127032331,-140.5738737649,-210.079416924,-159.7826271585,-132.957748508,-147.6289192975,-158.8090780715,-150.3682550307,-149.7637665237,-172.604644751,-173.5859385401,-127.547550712,-147.1721799748,-160.0467055218,-143.0302127871,-171.1981556742,-156.2513703293,-133.8112221871,-134.384622668,-164.9130524443,-144.9303492806,-143.510328968,-149.165520296,-154.2717535539,-154.8859130018,-154.899524838,-208.0373655684,-154.3643643272,-158.6974786391,-147.7481840563,-157.9976838309,-128.1187091376,-174.6852003746,-138.1738012133,-189.0255058471,-145.4146633614,-150.8664696126,-161.4841612387,-137.0815291147,-139.3102072466,-152.6461886803,-151.3675029992,-150.0554533892,-132.9329559093,-133.4909715161,-193.1424215868,-152.2833841083,-152.2345418728,-161.7185000208,-149.7801181136,-136.6254233559,-161.885440099,-136.9507044957,-194.543296538,-158.9479703881,-178.0899565644,-130.3530380226,-164.9900557782,-155.722384876,-146.2498896089,-161.2363734435,-143.5097909377,-141.7607342774,-170.5907382331,-156.9223620276,-144.044969446,-168.2526299492,-145.0940556915,-143.7717327926,-145.4862744098,-152.8163716161,-162.4004040846]},"Time simulation":{"0":1398.0872},"Time inference":{"0":5.3967}}