{"Parameters":{"0":{"Kappa":2,"Tau":79.4328234724}},"Positive hit":{"0":16},"SNPs":{"0":[492950,491175,492555,493500,493408,492712,490813,493073,493032,495531,494025,494420,492421,491369,491347,492055,491872,496089,493882,492934,493981,492918,492207,489616,491633,493609,491386,493451,493029,492312,492817,494959,493674,490890,493807,493072,496584,496162,494381,488330,498479,492727,493902,492010,492147,493989,490072,494313,492820,491212,492430,496457,496425,493099,491778,490467,491664,494490,493313,494813,494216,494924,494504,489685,494140,490909,495090,492528,493050,494037,490992,494209,494000,493930,495275,491220,491989,494289,495849,492205,491443,495615,487985,493404,492412,493086,485829,493068,492578,492733,494361,491511,493556,494804,497316,487579,494075,494118,494190,496517]},"Model0 ll":{"0":[-134.3733502515,-118.3235966048,-137.7841851643,-139.4611420432,-125.6769306796,-134.317486134,-121.0734390271,-152.2516213288,-133.1399614477,-140.8424150435,-136.6155844274,-123.5900456551,-137.885214482,-143.1201032797,-142.6798234818,-165.084027574,-143.9192694711,-134.1173201077,-139.2630770172,-151.0632895095,-127.8618813401,-131.6875263182,-137.1947902004,-147.4604965545,-142.6732416829,-136.2683565811,-150.1646654366,-141.8233430159,-153.400815877,-145.6414906024,-138.0549642271,-156.8167377116,-138.3374616942,-131.0184886018,-151.5868908029,-159.2365487043,-149.6838927097,-139.928476314,-132.0088485889,-129.97463504,-148.5259940012,-130.939751608,-133.2665420595,-154.9071008837,-158.4360101023,-130.6653599757,-159.4260378984,-130.3919044146,-143.1840837138,-123.7390623853,-132.134814495,-127.7745227879,-139.4061951163,-134.6765680074,-142.4864910016,-122.8478963966,-135.4361663076,-138.7341447416,-132.2883435546,-132.4375730189,-152.0249855928,-141.8155474401,-127.6072569928,-155.7276607841,-133.0943855079,-130.3976484641,-128.6889122321,-135.1747251067,-181.005666838,-143.4190740842,-148.2854907809,-132.2833926511,-145.4651746753,-145.7443880854,-132.6696563742,-143.3788825283,-132.5650207084,-135.3874125462,-143.1621324905,-136.2969928818,-126.9402004837,-121.9924252685,-167.049170233,-132.1409685208,-150.26688932,-136.1645271746,-148.6252201645,-124.656836006,-133.2120672313,-155.4602254458,-148.6060052065,-135.5141949985,-140.0614653508,-132.426706179,-129.0878063429,-206.6027803772,-140.4746032136,-125.4811119243,-144.2779462342,-144.4249444662]},"Model1 ll":{"0":[-133.8468470647,-118.1611180735,-137.5425297432,-139.3320676526,-124.2609097221,-134.3174861308,-121.0734390257,-152.2490753415,-133.1399614431,-140.7904429493,-136.6155844277,-123.5900456493,-137.8852144837,-133.3546634019,-141.4741132077,-165.0840275697,-143.9192694572,-134.1068867183,-137.3626931557,-150.9801950458,-127.7778666493,-131.1208192154,-137.1947901895,-140.311121319,-142.4197955905,-134.3418128113,-147.7802931427,-141.8233430122,-153.400815876,-142.2910560411,-138.0549642216,-156.8167372821,-138.3374616902,-131.0184885943,-151.5868908078,-159.2365487088,-142.9624452887,-139.7146444364,-132.0088485839,-127.970894195,-148.5259939922,-130.9397516008,-133.2665420538,-154.9071008739,-152.2427022584,-125.7800240756,-149.0165500901,-130.3919044097,-143.0298910939,-123.7390623792,-132.1115829633,-127.7745227871,-139.4061951067,-134.6765680028,-141.7530098903,-121.8776677383,-135.4361663022,-138.7341447399,-132.2883435468,-132.4375730189,-152.024985593,-141.5550031334,-127.6072569899,-152.23969722,-132.9046924088,-125.6006605906,-128.6889122344,-135.1747251089,-181.0056668259,-143.419074085,-147.897470927,-132.2833916457,-145.4651746646,-143.7175538129,-132.6695982409,-143.3788825142,-132.1465747948,-135.3874125432,-143.1621324858,-136.1961507465,-126.9402004809,-121.2969293982,-144.2315337628,-132.1409685124,-150.2668893074,-136.1645271669,-133.5079811032,-122.7481093477,-133.2120466113,-155.4602254371,-148.6060052053,-135.3476988281,-140.0614653489,-132.4267061695,-129.0878063468,-134.2897328891,-140.4746032022,-125.4811119202,-144.2779462336,-144.4249444583]},"Time simulation":{"0":483.0431},"Time inference":{"0":1.347}}