{"Parameters":{"0":{"Kappa":2,"Tau":25.1188643151}},"Positive hit":{"0":26},"SNPs":{"0":[494094,491697,492558,494237,493317,492571,492022,491884,493097,494267,494619,491834,494783,490382,495602,495707,492391,495517,493546,493384,492456,494542,490635,498695,491727,490786,494218,494731,490844,494790,490436,495147,493212,495819,494610,490089,493139,492937,491758,492051,493890,494570,492158,491821,493153,492121,492845,492154,495096,493612,492082,489606,495018,494199,492375,495468,495483,495447,493427,495984,495133,491237,491605,492241,491877,494772,489669,493200,492072,494178,494833,490136,492242,492658,491840,496866,491651,492753,492647,495152,493391,493390,493606,493922,493071,489862,493119,494308,496430,492108,491354,490436,495161,491615,493285,493951,493347,494984,492113,491661]},"Model0 ll":{"0":[-130.9252681927,-130.4547783393,-128.8983171341,-132.2744964303,-135.0511539785,-140.0821419141,-127.1386571828,-155.4909361111,-137.8532182953,-131.2202912523,-145.5246146442,-137.4460275309,-131.3026253509,-135.2906366483,-140.9125815246,-146.6423345932,-158.7975465067,-140.8582790254,-143.479052356,-125.5285706156,-121.3393362408,-134.8963836366,-128.8771358707,-160.0096220928,-131.4939591318,-136.6868409311,-122.5803608906,-126.4591004901,-133.0685587579,-124.6198156357,-154.1440570905,-138.1586680097,-126.8246848066,-130.8481775678,-133.7702416604,-158.4477260562,-150.7730978507,-126.7723359579,-142.3665674564,-144.6020479187,-142.1676538322,-142.8062452504,-126.7821954372,-157.2201591282,-137.1154322728,-141.9389499543,-142.5493388368,-148.7092160925,-153.6114829258,-156.5510664105,-129.5535980149,-139.5083746453,-125.9718890849,-129.7667300183,-150.946045169,-134.2569201504,-136.3354558584,-144.7134437709,-137.1742662915,-130.7601035597,-132.5263723769,-147.7638802178,-140.5673561316,-130.3672938213,-145.1420126058,-124.7230579412,-130.6188179896,-130.4967877333,-146.7927487526,-129.3471715572,-127.633624434,-141.9817549673,-134.4524375454,-139.0744974508,-122.2627810934,-141.7554220883,-139.4640247094,-145.3317311364,-145.6872365033,-135.4317940707,-130.6007890759,-143.3880822786,-148.9372626809,-152.6071919342,-147.8910050053,-142.7012432848,-152.9211039049,-138.2078275754,-130.0925297741,-130.8336077938,-146.6463607929,-139.3439824215,-137.1446512134,-136.9252814773,-127.2464678726,-136.4286301236,-143.0591585901,-142.7454476253,-162.1599483276,-130.9359108619]},"Model1 ll":{"0":[-130.9252681951,-128.9348005233,-128.8673486059,-131.8070410833,-135.051153983,-140.0821419124,-127.1386571769,-140.5664818301,-136.5316198737,-131.2202912485,-143.1634596858,-137.3291293242,-131.3026253489,-135.2906366447,-140.9125815223,-146.6423345944,-158.7975464971,-140.8582790282,-140.7502876767,-125.5285706146,-121.3393362409,-134.8963836313,-128.8771358763,-160.0096220845,-131.4012966223,-131.3214786873,-120.5889619991,-124.4685379706,-133.0685587585,-124.6198156354,-144.9850157503,-137.4632727967,-126.8161187206,-127.5248522223,-133.7702416581,-155.0337243934,-143.8272296266,-126.7723359598,-141.0389065546,-144.602047918,-138.4854229825,-129.8225384079,-126.7821954382,-157.2201591205,-137.1154322652,-127.5663395114,-141.1049200903,-132.9336730898,-153.6114829193,-153.3591086367,-129.5535980141,-131.5176400305,-125.6194854346,-129.7667300176,-142.9355818188,-134.2569201535,-136.3354558532,-144.5746726982,-130.6573116292,-130.3708056252,-131.9912359522,-128.5366721341,-140.5673561347,-130.3672938208,-135.3447326566,-124.7230579405,-130.5736323452,-130.441985726,-139.1953001848,-129.3452978701,-122.4701111005,-123.7537773308,-134.2991720054,-139.0744957055,-122.2627810974,-135.6670543383,-139.4638200244,-144.5919304486,-140.6066973352,-135.2923479956,-130.5202397424,-141.9398757026,-148.9372626836,-152.6064294714,-147.8910050014,-142.7012432908,-152.9211038973,-138.2078275688,-129.6813941641,-130.4389161562,-146.6463607898,-138.6314345432,-137.1446512095,-136.9252814736,-127.2464678742,-136.1818184174,-141.6661439398,-142.7454476178,-144.6597736651,-130.5973557812]},"Time simulation":{"0":591.7352},"Time inference":{"0":1.5317}}