{"Parameters":{"0":{"Kappa":2,"Tau":0.0398107171}},"Positive hit":{"0":100},"SNPs":{"0":[500669,493488,494569,494639,494764,492393,493826,495981,490914,492127,494826,497139,490634,494236,490452,499097,497381,493658,497656,495474,492636,495472,495974,493087,495672,492481,495206,494438,494357,492131,496722,493476,493105,492591,489037,493708,494463,492655,488287,496354,493161,496156,497712,492292,493887,492641,491561,493286,495050,495583,496987,491644,491022,496392,492264,497179,493034,493383,494959,492885,493941,495390,491187,492006,493410,491604,492772,486682,495856,494594,493922,496695,493781,493808,493894,491149,492236,494632,492416,491076,492614,493449,492922,493161,493498,494592,493446,492497,492515,491452,495346,493164,493156,493925,492992,495066,495543,490404,496747,497205]},"Model0 ll":{"0":[-331.2447254107,-651.260051172,-440.9626329583,-469.4048756371,-591.091898849,-427.3940098677,-505.3830264697,-583.0696188925,-564.0172767577,-697.8639847763,-549.5872402325,-496.4710983905,-527.4673734523,-440.6873447773,-483.9235128373,-404.131478426,-344.3299269726,-457.3640490948,-363.0244986475,-473.2425253606,-458.7253684137,-540.8307001465,-339.0875157359,-435.8367773131,-637.2590363753,-443.0485339335,-477.6436758536,-490.5232530264,-449.0504008092,-656.3457094479,-319.3668756901,-397.5095615306,-554.0335732247,-443.3368706127,-526.2863397568,-450.3337074957,-389.4238832815,-452.9692561483,-756.2113234311,-450.0245250652,-366.4493395313,-527.6129832862,-305.8117257791,-379.711165127,-753.1874952537,-526.1952701261,-607.6731713896,-422.4423747478,-573.4827184615,-454.0810611876,-459.78576339,-552.9358987622,-606.1740939474,-494.6453123405,-400.5979399441,-519.6804006657,-502.7554866743,-489.1729153962,-595.6915387215,-550.7399510721,-337.5292785806,-497.7260001171,-608.0856097456,-483.9586257686,-489.6348933573,-454.673611009,-395.3709083735,-914.6374268856,-430.5646468244,-524.5754989523,-407.467974272,-430.2324158143,-453.3945306245,-447.476427649,-611.8745195248,-629.5493397563,-362.4530462106,-500.3297760769,-516.3973716477,-627.1566989313,-506.264411883,-470.5453819415,-479.8681455197,-582.1625343979,-435.2472108735,-382.2207919002,-504.2631652515,-640.2681743534,-604.4973357663,-616.5672774527,-421.7371728358,-371.5436928365,-433.0314791289,-493.9187479189,-634.0332139166,-485.212700619,-479.6297611906,-453.05257242,-451.3147695676,-523.4469637226]},"Model1 ll":{"0":[-128.0511847441,-134.4341103988,-134.0810739366,-142.0754484549,-142.0713516636,-134.9393236297,-124.8481483789,-130.5077904881,-146.1186879919,-124.2568600721,-137.1810783808,-137.6796373621,-124.6479576753,-129.1097061482,-150.5809325715,-141.6885293736,-125.9273037975,-164.1635283772,-135.8728741115,-147.7873038692,-154.8891376782,-142.6348099955,-123.9818940698,-127.4149393278,-145.5094975608,-130.7557421744,-127.1430899583,-131.5170360306,-128.180241526,-146.4953031757,-132.0823066942,-138.1443101925,-152.2623942053,-131.3173784675,-120.0532578623,-136.9173795176,-125.5054946785,-124.5376026938,-151.2929685055,-138.277525781,-126.1268920749,-156.037327965,-130.0181987184,-140.5907954951,-150.5792532249,-150.4546118015,-126.9920559203,-136.166454195,-147.6560619509,-134.4820974858,-147.5737926379,-171.9259689343,-129.967253035,-162.3277703329,-143.6937811563,-146.389190537,-133.8928914361,-152.5858327577,-133.2285000237,-147.0059545637,-145.5070744002,-132.6941796415,-143.1639148317,-126.6766722546,-162.4194983885,-143.6846148293,-140.4008860343,-149.8557532876,-155.34288964,-142.2122293551,-146.3893404705,-127.9110591763,-134.9371332912,-124.6914710571,-147.4263945733,-128.2839302767,-123.8451261582,-138.9313855918,-139.5782291151,-132.2384748926,-135.323885007,-122.8277345381,-145.230520746,-133.2944356613,-131.0022211617,-148.3075049794,-159.6252096747,-137.6271126412,-143.0173364932,-121.3292072687,-139.9992162383,-134.235815647,-138.6532658707,-130.4970400777,-147.6088119367,-157.5331767448,-154.210360407,-138.1787705301,-134.9609509617,-149.3745365743]},"Time simulation":{"0":938.9234},"Time inference":{"0":3.6348}}