{"Parameters":{"0":{"Kappa":2,"Tau":0.0025118864}},"Positive hit":{"0":42},"SNPs":{"0":[500246,497883,500506,498407,493595,499950,499415,498636,497864,501316,499859,499640,498477,498742,497554,500691,501956,496397,500370,502302,499368,500798,502052,500928,494692,501245,501775,499085,495357,500239,496315,498349,500871,501581,501976,500010,495455,497173,499140,499691,501195,499193,497072,498155,498906,500699,497675,499933,498661,499089,497142,500420,500689,500185,496787,499875,500767,496000,502386,502079,498985,500290,498561,500811,497926,496423,497741,497325,501099,503179,500993,498730,500854,499132,499284,500469,499174,499796,499183,501201,502334,501278,501828,498602,496928,497148,500538,500172,496221,499614,498050,498610,498508,501637,497117,495173,497693,501255,499268,500881]},"Model0 ll":{"0":[-129.7614192994,-131.5611176784,-130.1644256776,-129.2299765918,-141.253638881,-129.8419719024,-132.7293244056,-139.4070862311,-148.9437576831,-137.0781185899,-125.950851523,-142.4046954328,-152.5252468842,-144.5911705241,-129.4618425936,-136.5321093625,-137.2230399888,-148.3971020353,-155.3749981172,-130.8199111309,-130.8006509115,-138.3090216391,-133.365269261,-128.7953165253,-267.4721140108,-156.8622040374,-119.2309912215,-142.081054682,-177.7644431755,-132.7194010304,-151.4664520696,-125.5059651135,-130.347030632,-145.222544037,-143.2756224968,-129.9813398778,-124.642724182,-118.9453381616,-126.093098933,-137.8442240622,-127.2514014169,-137.5322182249,-140.6321352091,-118.1041871834,-142.7545505905,-144.5425051332,-133.5853538743,-133.1581039397,-144.882921991,-162.3513700212,-148.1200424787,-127.9826743908,-137.0905794485,-154.180047592,-142.5243805509,-139.0568316265,-144.5695878463,-160.8379950661,-135.4194215274,-126.5061773268,-151.2331262915,-145.5849784837,-137.0289450691,-131.0582608572,-128.9584615797,-158.1526497646,-138.4556396259,-131.0399609607,-144.1582917384,-125.0574209964,-138.8095671116,-131.5147598905,-129.7844248771,-160.9521787559,-132.5291050645,-146.5236862232,-122.801637367,-139.969383259,-131.8711490525,-134.0019080395,-126.5764029744,-132.7669741014,-126.7558668422,-136.9609313301,-126.8604475102,-140.9399011478,-136.5961835421,-135.3884110921,-139.5259401008,-137.0643577018,-133.4590636089,-144.9705692225,-144.2639612135,-148.113334871,-143.9167891845,-138.7692160455,-137.2807695243,-127.6374549387,-147.6644926716,-131.4669262535]},"Model1 ll":{"0":[-121.0392988885,-131.5611176833,-130.1644256725,-126.188619218,-139.407944208,-124.5746514168,-132.5173775441,-128.8254823075,-147.1524651526,-137.0781185911,-125.9508515227,-139.4853274092,-142.4986906764,-140.0439203612,-129.0774161056,-136.5321093574,-137.2228128151,-147.743382227,-152.5246628727,-130.6790584614,-130.8006509134,-133.3778416738,-133.1341789854,-128.7953165279,-132.5098972186,-133.9497125071,-119.2309912184,-134.3597030626,-149.1661630162,-132.7194010269,-141.7632482026,-119.2900350964,-130.2569188837,-135.5576638803,-143.2756224956,-129.9813398828,-118.8681261703,-118.8301095461,-125.5063992882,-133.1191809883,-126.6715624255,-133.2012158448,-140.0061856384,-117.8785107672,-139.3103999562,-144.3333980056,-130.4196182423,-133.1465494558,-143.8037919398,-124.6906637734,-135.2046941547,-127.9826743898,-136.6578253261,-152.1182188404,-137.1633329492,-130.3867285471,-143.9201135991,-141.2622586828,-132.4189762423,-126.5061773304,-140.3673783963,-137.6253969471,-137.0289450637,-131.0582608568,-128.9584615771,-155.3072168885,-137.9967149649,-124.6189953073,-144.0771145451,-124.0049868317,-137.213549589,-131.4458712177,-129.7844248771,-160.9521787598,-132.5291050663,-142.5610111885,-121.9553341955,-138.8819935715,-131.0648789379,-134.0019080417,-123.7444526921,-132.7669741013,-126.7558668335,-136.9609313324,-126.5849891869,-136.2850506923,-133.58582228,-134.7328162079,-132.8194352295,-137.0643577006,-133.1897794434,-144.9705692204,-138.753397993,-148.1133348674,-136.8481966988,-138.7692160514,-136.7310691689,-125.678193286,-137.8020195807,-128.2402158146]},"Time simulation":{"0":904.7628},"Time inference":{"0":3.6784}}