{"Parameters":{"0":{"Kappa":2,"Tau":0.0001}},"Positive hit":{"0":22},"SNPs":{"0":[494503,494012,496956,491432,494285,492490,493715,491647,494887,491979,494702,492670,494303,492332,495001,493785,491834,492048,491257,492294,495629,491454,493253,492937,491767,493472,494118,493166,492576,492862,495177,485169,491279,492966,493655,489258,488881,492210,493244,496657,493163,494252,492956,492353,494003,493683,490715,491375,495152,493382,492414,492802,495153,493811,495240,492913,493752,488883,492774,490407,490819,492223,483616,490726,494253,494636,490601,494421,492805,494267,492025,495433,492230,492950,493584,494906,491108,488523,492914,491391,487253,493763,493136,491444,494144,494710,493669,491147,490580,491648,493771,494100,491277,493160,495030,491978,492460,494878,491731,494330]},"Model0 ll":{"0":[-127.5378883157,-126.0433217692,-131.462760495,-123.45569477,-130.7865764267,-133.7639529681,-138.644937745,-175.2752185187,-136.7709005138,-140.6460113297,-131.1570720082,-154.7797029254,-131.6457667437,-146.6190666428,-122.3424278396,-144.5400677316,-135.9844491383,-134.5013595358,-126.8286430958,-135.4221208458,-127.9711220815,-128.6930321897,-142.1592681927,-151.9342912537,-128.0309065821,-124.316720873,-135.2214105964,-157.9020842693,-156.8121563481,-131.166307807,-124.7550934734,-243.2724355085,-149.4611841498,-125.9815990542,-151.1020186943,-161.9736479562,-137.226845858,-128.0280551489,-177.3457037652,-122.3872477559,-127.3945069048,-131.9327267544,-125.2242228658,-136.3599050415,-128.4549653345,-139.7745990728,-151.1813978687,-133.2245677674,-138.1799573978,-144.8897088692,-131.0107418134,-135.1210834745,-139.554905113,-131.1471265155,-137.7277032991,-148.632786884,-129.6452527767,-148.3031646496,-155.3285573406,-131.1993666843,-128.9492909404,-139.0221432862,-236.7959871533,-136.5584631098,-131.4266005086,-154.1956394769,-128.1498565733,-134.8175483488,-134.2548418551,-161.2758818322,-135.2848601556,-140.6671284,-152.1051966607,-128.6794427416,-134.037011591,-126.9678000916,-141.6840618224,-158.4126462584,-127.5566066715,-145.7054531857,-149.4257962193,-136.8573916006,-134.7665650416,-140.9330107721,-134.1933028412,-130.1675402263,-139.7871381182,-163.4136209541,-135.8164745218,-131.7573602373,-131.1377240867,-138.6516995223,-128.4432205829,-172.9863091335,-135.4012054168,-144.5634103692,-137.9284839095,-143.1116132464,-135.7088087701,-145.5561844423]},"Model1 ll":{"0":[-127.5378883139,-126.0344212611,-131.2082974147,-123.4556947715,-130.7854723404,-133.763952972,-136.4633871344,-175.2752185202,-136.5156516671,-140.6460113221,-131.1570720128,-154.7695520688,-131.6457667374,-146.5691732414,-122.1033378176,-144.5131104939,-132.1417855743,-134.5013595402,-126.8286430959,-135.4221208436,-127.9711220768,-128.6930321898,-135.6949127016,-151.9342912501,-128.0309065834,-124.3167208747,-135.221410595,-157.9020842565,-147.156504435,-131.166307811,-124.7550934725,-125.6907173218,-149.4611841444,-125.5723838846,-150.2935391155,-161.9736479481,-136.1773695878,-128.0280551508,-141.6111174391,-122.1244860456,-127.3945069057,-131.9327267506,-125.224222868,-133.455380311,-128.3653990849,-139.7745990707,-151.1813978611,-133.2245677726,-138.1799573992,-144.8897088634,-128.4078801625,-132.9902477436,-139.5549051048,-131.1471265132,-137.2677906601,-133.6123660525,-129.6452527754,-140.6676679784,-155.3285573398,-127.754534598,-128.8796480898,-139.0221432943,-122.9057346503,-136.5584631125,-131.4266005091,-154.1956394724,-121.9197508038,-134.8175483486,-134.254841856,-161.2758818317,-132.2712384072,-140.667128402,-152.0560134679,-128.6794427466,-130.5093571485,-126.9678000919,-141.6840618161,-132.5090100488,-127.556606672,-145.7054531828,-131.7841544126,-136.8573915975,-134.4345710629,-140.7434362077,-130.1329810944,-129.2153325925,-139.7871381154,-142.9210154245,-135.816474517,-131.75736024,-131.13772408,-138.1609581432,-126.4616094857,-172.9863091289,-135.4012054128,-144.0054145827,-137.928483906,-143.1116132458,-120.8932836876,-145.5561844318]},"Time simulation":{"0":1308.373},"Time inference":{"0":6.0168}}