{"Parameters":{"0":{"Kappa":2,"Tau":0.0125892541}},"Positive hit":{"0":100},"SNPs":{"0":[501158,505519,499668,501436,502085,500702,499349,503284,496540,499370,504119,501738,503732,504107,504218,502901,502942,499599,505165,503538,502821,502757,505759,502081,502104,505966,501815,503311,502858,501700,505613,502991,501783,502900,497469,500418,507744,502000,504085,499108,504307,499589,502329,503926,501077,504999,501376,502903,505398,502357,500220,505987,506344,501817,499904,501805,503802,504350,504739,500313,505103,501708,500820,502512,505043,503440,503989,502305,503468,503392,500266,500715,501775,504033,499105,504763,500565,502826,499426,503259,501948,501603,504557,502658,504989,505066,506780,505885,492210,502004,501164,502839,500054,502604,499199,500478,503873,498894,503260,506174]},"Model0 ll":{"0":[-193.9772522969,-171.6868236354,-207.2468269898,-231.1811589423,-146.1126443133,-159.7608118902,-245.0547903915,-191.6224571836,-333.3335741682,-197.2233108981,-199.9912347455,-172.8639545203,-185.9148034053,-290.5020752546,-147.8369993791,-190.0295853496,-191.3324865453,-186.0000662731,-194.8982613715,-175.8760763147,-175.7686027761,-201.4860910757,-182.5105261561,-178.4892343705,-188.7575522994,-237.9453712444,-171.7946260644,-147.7220883088,-206.5648940209,-166.4696035768,-157.0374350731,-196.2312526263,-250.7787391021,-212.2776657148,-285.0474810425,-203.8145520298,-152.1498778045,-206.7848245186,-212.5782456375,-268.2645089098,-176.3082622943,-195.0482152871,-165.4923031015,-177.1859531513,-181.9491185982,-192.8772768349,-244.3681963291,-191.9781111337,-148.0915616825,-150.0911086078,-163.0352978844,-174.8933200421,-168.5251357149,-160.7292237141,-151.6075292632,-200.7260381677,-159.4734753308,-167.4036895358,-134.4941417528,-221.0444209656,-150.4136549197,-185.4782153939,-163.8806091828,-225.9568201315,-164.8388072591,-151.2727650074,-150.8255908568,-159.0720562748,-240.4395962691,-167.8099040594,-157.7512081754,-280.3619699145,-189.3469477678,-161.0112051729,-206.0490380671,-186.5560984532,-163.3450657066,-182.8855787497,-200.5163513439,-161.9858945795,-151.4945321357,-163.3332952603,-197.0827053292,-198.5544352922,-136.4691248644,-150.9104384237,-152.6224799837,-177.0675182949,-425.5312096526,-183.5161069653,-162.6779159263,-153.6249553418,-239.589087158,-174.4558779384,-198.9531506631,-169.9334450436,-158.5302220682,-153.5561476649,-138.5490418696,-171.932464412]},"Model1 ll":{"0":[-154.0913624233,-141.4738929359,-157.52335722,-141.5571433627,-129.8700429026,-134.8581738637,-131.6129960612,-122.8361553146,-127.074458715,-141.601185337,-153.0205775647,-131.4911807775,-140.0939347454,-168.1883106996,-140.2212418995,-152.9329688936,-155.9860399127,-126.6293663064,-138.8951294735,-139.2411630879,-127.8214390557,-133.805557231,-147.6323953935,-130.3660713029,-124.7008032129,-159.4456214661,-124.8894210644,-130.0493644352,-131.449664573,-130.3850404335,-139.918726166,-133.9919470878,-132.4545169815,-145.6980394724,-119.2313092325,-147.8237126484,-142.3164997252,-150.6769147169,-146.4846757847,-138.3552276178,-128.6597660315,-128.531751011,-122.9537635619,-128.6168701155,-126.4174191601,-132.7199098256,-139.5746439107,-136.3053432554,-119.4429844438,-123.106081648,-122.7588165587,-163.4583451698,-154.650603379,-131.8348405288,-131.8016895091,-138.001962972,-124.8915124595,-126.4780040757,-126.1743823643,-131.0428678208,-136.5716977755,-132.5958892078,-134.0633052288,-128.6052942302,-131.6287496437,-127.48388861,-135.1465805597,-123.4697042036,-130.0288764365,-127.9009948268,-136.540253588,-130.865522466,-134.3075214904,-140.6085877579,-136.4551965848,-130.2517767273,-146.4747294472,-137.7010220743,-136.875667197,-132.0723102318,-137.3304075179,-123.0039781663,-138.5672828592,-134.454070655,-131.7181342406,-142.6166480735,-147.7451909654,-142.5508061675,-134.501024561,-129.1194767697,-130.350013328,-128.8441776967,-122.0886538745,-140.1891339401,-143.5512158665,-138.6000484869,-139.5390221644,-138.7687089413,-135.0798726573,-154.1266554001]},"Time simulation":{"0":1399.1605},"Time inference":{"0":6.1026}}