{"Parameters":{"0":{"Kappa":2,"Tau":398.1071705535}},"Positive hit":{"0":25},"SNPs":{"0":[504167,506659,507002,507054,507552,502927,505917,506412,508589,507185,504566,506200,506844,510060,508704,505883,508716,508005,508286,508802,507530,506600,509464,507786,505172,508841,506170,506894,509506,505706,504576,506564,507866,504886,504977,504727,509425,505893,505022,507490,507565,505212,506884,506206,504869,502938,511467,507074,506827,509617,507640,508690,508238,506000,505522,506565,507358,509549,506613,507867,504993,506278,507834,505421,507364,507751,505062,506849,508518,507525,507986,509718,504918,504663,506453,507324,508150,503302,508890,503945,506270,504744,504322,506870,506507,504204,510343,508837,505376,503209,504367,512178,507223,507838,505995,508058,508115,504403,509824,508292]},"Model0 ll":{"0":[-130.2696815778,-157.7347487417,-130.3485411728,-141.8351061968,-142.7192744438,-151.4337426472,-139.780654028,-128.9778016554,-138.1345829438,-136.3790451548,-150.0038787818,-122.7364198923,-136.5167971727,-155.8315973413,-131.7420637034,-155.0244154164,-145.100525046,-138.1243895074,-146.9263846268,-139.3180184614,-168.7224111856,-123.3844184842,-140.8474490168,-140.7568440613,-144.6324552112,-136.6960790816,-137.920484748,-134.4730722406,-154.9379535577,-125.9854214366,-132.4487118943,-147.9960601223,-149.7512276964,-148.3285117511,-150.3177313944,-184.5462402357,-141.6605325066,-144.7330581352,-153.5871565547,-132.4228295488,-137.3623089967,-131.8597575892,-156.0813501388,-138.6760562651,-165.9916475431,-125.0948685899,-148.0950241787,-140.9357546695,-150.9274725168,-135.9459893477,-133.7722957225,-156.9801993808,-151.1621348226,-129.6425867531,-149.9416581154,-142.2065464598,-140.855911514,-138.2069749094,-127.5835837186,-125.2311737599,-124.329595308,-158.8100754167,-145.8694062527,-119.4424927264,-130.6463017441,-135.8751052767,-146.2391178671,-137.0812437345,-169.3967701246,-122.3722913901,-145.3849170684,-138.2683012139,-122.7055004769,-124.2813851195,-147.7702851436,-141.7211630403,-142.1858866253,-146.7049533936,-131.3153334347,-159.2795591213,-119.3903731582,-150.1722585802,-136.8694734263,-130.1098849492,-139.916628784,-155.2885392312,-145.686622409,-138.019248457,-126.2669392758,-150.94301513,-138.2658088733,-157.1410296808,-142.1195250169,-135.1239312292,-136.3604574612,-136.5342138637,-132.3617751141,-124.8502216367,-151.5947631313,-129.4375364327]},"Model1 ll":{"0":[-128.5467235014,-157.1359565173,-129.9743436773,-141.8351061931,-142.7191624792,-134.4568862129,-139.780654029,-128.9777992655,-138.1345829436,-136.3790451498,-130.1758020225,-121.9605137268,-135.9746089068,-155.8315973299,-131.7420637058,-152.5269911123,-140.5980299367,-138.1243894993,-146.926384612,-139.2161543042,-141.9885196647,-123.3844184868,-140.8474490173,-140.7568440662,-144.4529761157,-136.6960790777,-137.7902234887,-134.4730722415,-144.4611445067,-125.5527747482,-132.4479524337,-135.4927744243,-143.8776072095,-142.3172626273,-149.7886932936,-184.5462402361,-141.6605325016,-142.8252000793,-153.5871565403,-132.4148468431,-137.3623089885,-131.5751753886,-137.68295601,-138.6760562653,-146.6979529029,-125.0540089201,-148.095024179,-140.9357546731,-150.9274725138,-135.945989343,-129.477252862,-156.9801993768,-151.1621348186,-129.6425765607,-147.038870892,-134.351901097,-140.8394538421,-138.2069748997,-127.5835837144,-123.3794273467,-122.5746997308,-158.8100754056,-145.8694062523,-119.4371999865,-130.646301738,-129.354589468,-142.3190561813,-137.0812437286,-169.3967701079,-122.3722913881,-145.3849170599,-129.1796205997,-121.9291360586,-124.1103884297,-129.3823717575,-141.7211630403,-142.1858866237,-146.704953386,-128.051414781,-159.2795591198,-119.3604601314,-147.5251968117,-136.4733276155,-128.3008607114,-137.3709615691,-151.3248737008,-145.6866224012,-138.0192484535,-125.4316270323,-138.1187115381,-138.2658088782,-157.141029667,-142.1195250083,-129.950292775,-131.9620516425,-136.534213861,-132.3617751091,-123.8664076411,-151.5947631207,-129.2655090755]},"Time simulation":{"0":674.4007},"Time inference":{"0":1.3705}}