{"Parameters":{"0":{"Kappa":2,"Tau":0.0031622777}},"Positive hit":{"0":52},"SNPs":{"0":[498911,497842,494289,499762,497557,498733,497068,497651,499599,495836,499616,497437,498123,495905,497344,499760,498545,499054,501486,496224,498567,498093,500098,497532,501236,497938,496764,500832,495718,497643,504899,500799,497272,498070,498831,496308,494824,497233,497607,497513,499751,497107,498748,497719,497988,500984,498850,499292,500563,500477,499919,502275,500420,501830,499961,498395,501228,500803,498658,498648,498926,500963,500413,499659,498399,499361,498919,500889,499022,498491,497366,499897,499814,501459,500564,497331,499752,500795,498614,497516,497940,496863,499421,502067,496197,499038,498769,499044,497240,499756,501073,498466,499177,494905,498655,497516,500581,499407,495091,494513]},"Model0 ll":{"0":[-129.0210045343,-129.9313166653,-160.175728169,-142.6373894961,-133.1182075596,-130.5010545144,-130.7731849489,-145.4410511342,-136.9000767835,-131.5301839099,-138.5904735421,-141.0036072765,-136.2901207952,-124.9321923936,-130.1362803825,-142.537228355,-183.5240746332,-140.7713895469,-138.2458878439,-165.4499506425,-159.8369770175,-121.5095093794,-141.1313709571,-147.0566000674,-152.0447304593,-155.225635277,-136.7889494822,-133.5699508781,-139.361697561,-134.7869243595,-149.6712670431,-143.8852133073,-141.1568912665,-131.3532645924,-158.0231513219,-126.9405785643,-146.28292477,-138.9997086408,-135.7225791032,-154.0407018679,-140.434939092,-149.2056188129,-165.6420637411,-151.1268402601,-126.2694212597,-148.9242258766,-149.6441809782,-152.3264636823,-149.2660383588,-142.371466929,-137.4032607403,-152.1520074127,-140.5350262114,-128.6249172241,-121.6356962358,-122.9549758115,-144.0536630015,-140.0733558367,-127.092295616,-150.1959547586,-159.2323474531,-131.9110571646,-181.8396227678,-135.4615288154,-141.3589547204,-143.4519831593,-143.4110159045,-126.377136655,-125.579302806,-159.2758291281,-136.133607241,-136.2774816122,-151.5582096388,-139.027967605,-139.3839162253,-132.7054371163,-142.6153445549,-145.8622185983,-144.8178538607,-152.327357212,-150.6091429144,-155.3029853382,-151.3427540304,-133.9503689296,-139.6940870733,-150.30414437,-129.5257038061,-134.2071084231,-147.8333502574,-196.6059930968,-135.229264187,-141.6440407734,-137.3073597529,-159.3569110704,-133.4495407265,-133.4127013977,-131.4160141483,-149.8328924864,-132.6014586504,-156.9647858262]},"Model1 ll":{"0":[-129.0210045387,-126.9276760195,-129.4249106577,-137.5681188906,-125.4344419666,-128.4694892809,-128.4321188769,-142.3151977257,-131.3282957626,-130.1710318254,-130.8717408343,-136.375981097,-134.8617905359,-122.8262044602,-130.1362803768,-138.0310528098,-158.9023143699,-134.6807287443,-137.2508630886,-135.0628461882,-138.1081987913,-120.7474278209,-141.0452658146,-147.0566000696,-142.7515684133,-131.0761934171,-129.2113221903,-130.9326903702,-139.1460691186,-134.7869243652,-149.6712670496,-126.3102330848,-139.0982735511,-131.3532645924,-158.0231513227,-126.9403553258,-142.3891034383,-131.6663350944,-135.7225791109,-145.0119317519,-137.9006049281,-135.4913575127,-165.5548920903,-150.3007606512,-126.269421263,-148.9242258765,-149.1966465075,-142.7917651994,-147.8416597571,-142.371466937,-137.4032607438,-147.769884725,-136.4665350606,-128.6249172227,-121.3603794533,-122.9549758117,-144.0536629971,-135.6657004045,-127.0922956155,-131.4262413609,-159.1241961352,-131.9110571646,-135.8935936587,-134.0218025417,-130.4378114615,-143.2384295886,-143.411015898,-126.3771366573,-123.8435762578,-155.2299423902,-136.1334273789,-136.2774816059,-138.5139591201,-138.0869431889,-136.7651333099,-132.705437119,-142.615344555,-135.1031847118,-125.0626963065,-129.6744734707,-124.086909386,-141.2254325146,-144.0158935375,-132.2419709968,-138.5737960322,-122.9789934519,-128.9608820021,-133.5767935873,-143.6879198303,-168.0198889767,-135.2292641862,-141.3509202691,-132.3969178891,-133.4898479144,-132.9431799053,-123.7400380337,-131.416014144,-145.4675789764,-122.0139816583,-147.6603344353]},"Time simulation":{"0":923.2323},"Time inference":{"0":3.3243}}