{"Parameters":{"0":{"Kappa":10,"Tau":0.0001}},"Positive hit":{"0":0},"Model0 ll":{"0":[-154.862036422,-136.839448331]},"Model1 ll":{"0":[-154.8620364104,-136.8394483264]},"SNPs":{"0":[1137498,1133101]}}