{"Parameters":{"0":{"Kappa":10,"Tau":25.1188643151}},"Positive hit":{"0":0},"Model0 ll":{"0":[-116.5825667368,-142.2690833961]},"Model1 ll":{"0":[-121.9114391274,-142.269122842]},"SNPs":{"0":[113973,112687]}}