{"Parameters":{"0":{"Kappa":10,"Tau":7.9432823472}},"Positive hit":{"0":1},"Model0 ll":{"0":[-801.5495249016,-824.4739220333]},"Model1 ll":{"0":[-144.4858272162,-824.4739220196]},"SNPs":{"0":[126107,126793]}}