{"Parameters":{"0":{"Kappa":10,"Tau":0.3981071706}},"Positive hit":{"0":2},"Model0 ll":{"0":[-49524.4653761832,-51277.8526911758]},"Model1 ll":{"0":[-14391.2327485814,-211.4315109385]},"SNPs":{"0":[816239,819592]}}