{"Parameters":{"0":{"Kappa":10,"Tau":3981.071705535}},"Positive hit":{"0":1},"Model0 ll":{"0":[-118.0280581096,-144.8801715347]},"Model1 ll":{"0":[-134.5846461535,-123.4785880148]},"SNPs":{"0":[113656,110865]}}