{"Parameters":{"0":{"Kappa":2,"Tau":0.0007943282}},"Positive hit":{"0":37},"SNPs":{"0":[502064,500734,497641,501239,500402,501734,502836,499582,497885,496847,501558,503318,500815,498438,498060,497460,497328,495684,498824,500568,500742,501567,500058,499631,499128,497339,498985,499442,501935,498864,502208,495945,500731,500540,500914,497161,498495,498593,495859,502305,497077,493683,500336,498848,497990,496613,500344,498388,499404,496748,495707,498133,496821,499877,504163,496935,499144,499318,500451,499382,494259,499796,500721,501721,500892,500683,502878,502202,497274,501056,499094,492731,501123,501814,500211,500116,500895,497469,499884,500822,501701,499647,498288,498659,499055,501191,497052,498256,500548,497342,501969,501676,505468,497653,499800,496488,496761,501730,499937,503079]},"Model0 ll":{"0":[-139.2920197882,-127.4844050484,-144.6830601451,-136.3237017208,-139.9189696289,-134.7337496295,-140.479382891,-132.1058840371,-124.9683959328,-159.3247384264,-146.4151544618,-152.0461547057,-129.076483324,-150.8694726921,-150.8203378926,-134.4692367971,-147.1312782139,-139.263175831,-142.6063264434,-135.0756550444,-148.2965224499,-149.5479008233,-132.2643368584,-136.7784718136,-126.0317722699,-139.8538929144,-136.9486274187,-122.5467522093,-163.6778504778,-132.6837902992,-140.6389458131,-135.3680466366,-128.7054263604,-144.1732052981,-118.8891783315,-131.0532865521,-134.4839890663,-128.2695034898,-136.8605286083,-124.1505983985,-130.9530553298,-165.3501622708,-149.3002083186,-147.4749768344,-144.0099522606,-143.9902509931,-124.966097744,-151.0356439593,-123.5780377498,-121.7293518122,-165.8464587798,-141.8402171782,-129.7793709977,-142.889310908,-130.0117062894,-133.7630212836,-155.890020872,-133.3738642649,-131.4706150311,-127.2753660352,-168.1780520356,-130.3847388027,-130.8301886859,-130.5057658188,-141.0143712367,-143.9745428791,-140.3459386477,-126.953988609,-135.0895022032,-129.1566671891,-125.1809123815,-163.3583445412,-152.4673507536,-123.8160306514,-133.3965098618,-127.8745338441,-140.5598032519,-142.0605650612,-127.5443023376,-129.9227316305,-144.8262957026,-121.7096289965,-145.461809304,-133.9272745162,-131.3411932367,-139.445828746,-128.6284848881,-164.230234864,-141.6551943745,-142.8418467524,-141.8571636152,-140.8233010164,-136.0618962077,-132.4749889019,-141.5166939659,-133.3774164449,-134.0929234048,-129.1339640308,-138.3758788768,-122.9948083926]},"Model1 ll":{"0":[-139.2920197881,-127.1463175392,-140.5911342965,-136.3237017191,-139.9189696255,-129.2235989662,-140.4793828891,-132.1058840339,-124.9466821425,-158.3458984689,-146.4151544567,-151.0717707225,-125.6510679155,-148.3548324015,-150.8203378862,-128.2582146408,-123.4782764549,-132.095732541,-136.7370369877,-135.0756550455,-148.2965224413,-149.5479008193,-132.2643368554,-135.0610553337,-126.0317722671,-139.8154757802,-136.9486274187,-120.4488383049,-163.6778504641,-131.6540382998,-140.6389458046,-131.4919592043,-119.9737911369,-140.4363859349,-117.7805136368,-131.0532865534,-134.4839890643,-128.2695034886,-123.407354716,-124.1505983953,-126.063558303,-154.7679557468,-145.9484580609,-137.7219459504,-141.9744482348,-140.7311183019,-124.9085896913,-142.5719534838,-123.0360854958,-121.5616558988,-138.5916717379,-139.7775307663,-129.7282529473,-142.889310905,-130.0117062839,-130.378374532,-155.8900208602,-133.3738642585,-131.470615029,-127.27536603,-132.0349121603,-127.6402710496,-128.8862720095,-130.5057658194,-141.0143712261,-143.974542869,-140.3459386479,-126.9539886013,-134.237725198,-129.1566671868,-123.0691662328,-125.1309696525,-148.6944554256,-123.815791216,-131.0467775842,-126.9986885261,-132.5405860665,-129.1447302357,-127.0010042263,-129.8639843784,-144.8262956981,-121.7096289981,-133.6377357999,-133.7508624094,-131.3411932302,-137.5172167642,-128.6284848865,-160.8429310834,-141.6551943657,-141.0588853149,-141.857163616,-139.8142874982,-136.0618962012,-130.4495470445,-127.2287829406,-132.1894524823,-133.938044272,-129.0942147998,-138.3758788828,-121.9484970013]},"Time simulation":{"0":611.0927},"Time inference":{"0":1.417}}