{"Parameters":{"0":{"Kappa":2,"Tau":501.1872336273}},"Positive hit":{"0":19},"SNPs":{"0":[507274,502454,507322,507464,505277,508421,506045,502974,503596,509767,507978,505373,506208,506586,505482,508741,509684,508576,505407,505637,507032,504358,506879,507917,506623,509875,507396,509819,506848,510666,509424,503915,507905,505939,505766,506502,505993,509660,506685,506409,505972,505550,507265,506276,506918,510042,505005,506478,501872,508036,507030,507786,509418,507022,507869,504550,504699,507022,508645,507639,502650,503731,503565,507238,507357,508718,510276,508919,507805,509286,506713,503382,507143,508047,505833,506626,507799,505178,506423,502727,506666,505826,506277,504394,504069,501622,505952,505683,507468,505136,509681,508459,507385,508182,509631,506347,509055,505688,503568,509272]},"Model0 ll":{"0":[-125.9911334113,-142.6912655039,-137.0160160775,-134.1976711993,-122.729500772,-129.3693592859,-130.5257175082,-134.6685513532,-134.2813592031,-161.4757810445,-126.431601998,-133.860471094,-136.087532367,-140.3256947888,-129.4078142269,-136.2703174325,-128.4889122582,-136.3032006312,-148.8818282025,-133.6109434733,-162.5822277513,-122.0224858757,-118.3489911267,-126.1919764766,-140.4654552478,-139.4846651486,-131.5480409575,-134.4498096437,-147.5795134509,-125.5802441946,-128.9685163922,-130.206149025,-130.5654441036,-171.583917336,-141.2982733724,-147.2422317903,-132.7125479167,-147.7786030709,-136.9109436723,-155.122027162,-134.9968791508,-141.0986131161,-141.893448613,-144.4569926503,-148.4424063755,-148.4583522914,-144.8607953784,-130.4151714663,-134.796575783,-124.3909244695,-134.5731590082,-124.2493229656,-145.098579583,-151.8656402212,-141.1622552394,-141.3317920285,-159.2396256133,-154.1070954345,-123.5486443423,-136.2387134563,-146.4729823251,-190.0871221233,-138.3368719444,-137.4622266181,-148.9023682442,-162.7235492645,-135.9432862641,-145.4588313026,-149.7710580029,-134.5811822222,-138.2405276353,-152.0711095334,-152.5830817023,-130.2675544802,-140.4344836869,-145.3436764531,-140.8997183129,-123.2344322505,-129.7708846943,-145.6723436714,-132.0989442369,-135.4220297181,-175.9624021101,-131.6017561627,-135.2794754673,-161.7710142142,-133.8648721576,-125.1121389542,-147.4501487743,-152.1547319731,-147.8400559352,-150.0303332979,-155.2598118798,-132.4216109766,-142.2835284274,-129.1527521173,-142.9823858196,-146.6689657676,-130.6509201788,-140.2126143475]},"Model1 ll":{"0":[-125.9911334103,-138.6796953336,-133.0833788388,-134.1976711954,-122.6028591254,-129.2609248943,-125.3990496959,-128.1735334693,-134.2813592073,-152.5779835042,-126.4316019973,-133.3526081379,-136.0875323657,-140.099245403,-129.4078142226,-136.2703174237,-128.4889122519,-136.3032006301,-148.8789785233,-133.6109434742,-158.7529929436,-122.0224858726,-117.7176949094,-126.1919764735,-140.0450613453,-139.4846651412,-131.3199714225,-134.4498096382,-147.5795134544,-125.5802441931,-126.9445768554,-128.5064143515,-124.7884099201,-151.7011738152,-141.2982733635,-146.4761174655,-123.350919177,-147.77860307,-135.3836169131,-154.4564199044,-134.9968791568,-141.0986131071,-139.2686098525,-144.4569926492,-148.4424063785,-148.458352291,-129.8314686747,-130.4151714618,-133.7904824119,-123.0214808228,-134.5084575735,-124.2493229638,-145.0985795766,-151.8656402208,-139.7256068641,-141.3317920218,-158.2322868238,-154.1070954341,-123.2185166228,-136.2387134584,-138.2405761921,-133.2072819426,-138.3368719471,-137.4118751527,-148.9023682376,-162.723549255,-134.516971495,-133.3127241757,-149.771057989,-134.581182217,-136.8135455854,-152.0278659281,-152.571537844,-130.2675544845,-139.2135435834,-139.909533223,-140.8997183169,-121.7058423259,-129.7708846935,-145.6722027917,-130.1799836551,-135.4220297171,-159.64279239,-131.601756162,-134.1900171405,-140.2819674026,-133.8648721529,-125.1121358665,-146.8076306049,-151.5287472071,-147.8390733299,-150.0303332952,-155.2598118779,-130.5343037028,-142.2835284185,-128.200809115,-142.9823858078,-146.668965757,-123.8392614484,-140.2126143449]},"Time simulation":{"0":676.8165},"Time inference":{"0":1.3434}}