{"Parameters":{"0":{"Kappa":2,"Tau":0.7943282347}},"Positive hit":{"0":100},"SNPs":{"0":[497806,494073,494399,492356,494758,496889,491444,494042,490441,491960,494406,495438,494761,495091,491712,493618,495795,493024,491162,493727,494102,494452,493456,488299,490025,492589,492115,494472,494128,491428,493736,496384,493452,493236,490770,492186,494225,492166,488563,494633,492822,493414,495601,493022,489591,497248,492814,493329,492504,496095,495367,491915,491895,495556,493088,495256,494349,492454,494263,495992,492577,492902,487645,492657,499187,494692,495249,490316,496016,492792,494298,493605,494157,495702,496218,493401,493530,490237,491954,497825,492500,495845,494699,497686,489803,495986,492970,497408,495527,491461,494185,495743,494142,495969,491515,495455,493215,493496,493281,495332]},"Model0 ll":{"0":[-9636.4944865433,-9444.7945474436,-10302.5758572952,-9251.2843244638,-10137.0883266745,-9996.6868740427,-9437.0533574986,-9579.2966671117,-9187.6687400401,-9448.1768406051,-9423.162535811,-9946.2401147278,-9386.9175696999,-10048.00402119,-10062.871785578,-9959.4299135506,-9304.9953470379,-9119.251599117,-9313.3276063407,-8988.0558047336,-9865.3581893227,-9870.5428955044,-9911.0533724388,-9688.7890128227,-10132.004297164,-9509.1532123607,-9973.0172175309,-9114.5317813149,-9558.2867049158,-9901.3798008349,-9231.6301383865,-9220.2039985502,-9854.2379239622,-9383.6118839553,-9594.8818613963,-10458.5065935528,-9689.3683719977,-9696.4915004358,-9470.938870481,-9963.9697204761,-9662.7512802207,-9845.3072531649,-9366.2172739831,-10137.250233445,-9615.7219072713,-9732.1357922398,-9546.4603883866,-9477.2768396075,-9514.7707481564,-9376.1397920431,-9556.5789298389,-10280.5740661483,-9581.5238743574,-9622.588626841,-9449.0228377532,-9777.4975670216,-9117.3808533448,-9902.2901723175,-9652.1348715741,-9667.8784977225,-9698.9687468972,-9328.9610970368,-9577.051050041,-9283.8846125157,-10315.8544889065,-9186.3192404686,-10024.1052339886,-9204.4801792969,-9489.8360976217,-9133.6431255422,-9383.42462347,-9654.4715690251,-9525.2067401898,-9558.4051534764,-9450.358540822,-9184.3402619972,-9764.4317295209,-8964.4437153182,-9415.9366814161,-9490.9167939933,-9534.8794796753,-10039.535119065,-9428.4812450199,-10386.9953449801,-9733.3731874455,-9581.976200348,-10210.2413676766,-8981.3595419265,-9804.933812463,-10492.074215595,-9874.6885301488,-9355.260304317,-9775.4137665269,-9974.5692086848,-9621.7316106205,-9636.3233921441,-9428.8711541857,-9860.9628578525,-9746.9278411903,-10110.2829340906]},"Model1 ll":{"0":[-1355.867866744,-1464.3198321461,-1682.9661265427,-1394.1494393064,-1436.7567404773,-1302.846313819,-1512.1949119857,-1141.2529263007,-1199.8488672101,-1426.1108873391,-1311.9708591159,-1401.0628529383,-1564.2471314653,-1518.5256526617,-1567.3980722928,-1567.0307532252,-1310.0218356189,-1452.1923231917,-1274.2607986014,-1269.809873599,-1442.7372305959,-1560.5118086536,-1362.6329555046,-1520.0463605195,-1686.0486371666,-1286.1157598771,-1467.8821727197,-1217.1553296168,-1234.2601830178,-1376.1204155434,-1195.7224456445,-1202.2793000654,-1400.1602317019,-1277.651950595,-1499.5765224237,-1661.1503508732,-1407.4968559755,-1608.2955980052,-1332.2545701308,-1375.4182381516,-1349.1207204266,-1695.8217184706,-1326.7681984719,-1594.6596718878,-1242.9166349031,-1368.7380946516,-1281.6847951666,-1267.8483990474,-1357.5302337661,-1346.1175689626,-1350.909548471,-1750.7801459422,-1415.6024892198,-1493.969978215,-1374.0094960475,-1396.0765700598,-1305.979588935,-1623.6321103637,-1306.256777783,-1353.0092480106,-1351.998771795,-1170.7852406991,-1215.6566843757,-1493.7264817154,-1643.5435036214,-1263.0906975187,-1556.0717785892,-1326.3496845544,-1490.7755720493,-1174.291568073,-1247.0317246136,-1401.2406168615,-1274.3758492617,-1330.9701562106,-1120.946843734,-1134.27941343,-1438.4195904458,-1123.4746250857,-1527.9910078891,-1539.1797965406,-1469.1310584626,-1256.9642820135,-1338.6797496289,-1581.1559096006,-1247.481301071,-1292.4185880399,-1409.352835833,-1137.7314627945,-1531.6990805983,-1778.8848625169,-1456.2630364676,-1450.5501370586,-1543.7433511028,-1575.941070379,-1636.9048107196,-1307.098249836,-1392.2423195334,-1301.8970769267,-1416.0786378161,-1454.8452279525]},"Time simulation":{"0":1131.2657},"Time inference":{"0":31.7763}}