{"Parameters":{"0":{"Kappa":2,"Tau":251.188643151}},"Positive hit":{"0":23},"SNPs":{"0":[494939,491256,494253,492053,494159,493126,493649,492357,492949,494038,493278,494069,493279,491317,492701,486127,493739,490447,491403,494045,492643,491326,494731,492158,492009,493235,495683,495673,493018,496073,489979,496821,488401,493515,492747,494998,495767,491929,494370,493158,489734,494510,490144,493647,491482,493921,493379,493337,494264,493058,493308,490529,492737,492024,495105,492699,491364,494182,493214,492556,496606,491054,494058,492353,492154,490914,492910,489697,489442,492913,491512,491721,494696,490725,494396,493006,492268,494873,493086,492847,492858,490681,492260,493604,492445,494568,490904,494391,490982,493087,492784,496903,493204,489361,491387,492199,494836,490524,491655,492927]},"Model0 ll":{"0":[-137.8550314321,-142.059056081,-143.1608249682,-142.4440209356,-144.7520359954,-136.2740505657,-135.2444386194,-152.6760460349,-133.892670862,-144.2242994484,-136.774194264,-124.2006554862,-124.5944028881,-130.1889068395,-133.4185905367,-150.1490010116,-147.5014838432,-134.8784498545,-156.6234220536,-131.3077357044,-135.2202875332,-125.0827487654,-129.112522623,-141.6384894287,-125.4213912215,-135.6056151906,-125.133964498,-129.6987613217,-156.2816386598,-143.5894961614,-144.7933959296,-130.6383613803,-125.4006253731,-134.6907379435,-143.1827964357,-131.0373540251,-127.0555651494,-122.523535618,-116.302596976,-147.1480395801,-126.5190568052,-133.0923656914,-145.9300563463,-130.7370906656,-121.4273860552,-127.1013251655,-127.0207353075,-124.3349694657,-129.7315504057,-145.6074924482,-122.2081708325,-131.336393987,-126.4332277359,-144.0437983597,-130.7593489484,-140.8899720534,-128.0470784313,-142.1747919132,-134.6552723373,-138.8358705203,-136.8226282171,-166.0953619879,-128.1795864634,-131.811064218,-122.8774220765,-130.4661177998,-133.0392472888,-138.335646534,-136.0854230453,-153.7496715983,-141.7133918557,-130.9222172129,-128.7643073953,-134.9233126636,-145.0238635691,-134.1205919264,-127.795897241,-140.9578083647,-137.1788480005,-130.7793404647,-130.1244017491,-131.1856374938,-135.271793842,-132.5100680827,-143.7198476799,-134.6623345625,-126.6170183452,-142.9327342006,-152.8390655864,-162.7261166102,-133.2185924542,-139.6557771312,-139.6733978908,-155.823227771,-148.3742425488,-140.9211784503,-154.4785031989,-141.8905960163,-150.5910756011,-166.7774879225]},"Model1 ll":{"0":[-137.8550314298,-142.0590560879,-143.1608249678,-137.9948309857,-144.7520223802,-136.2224783169,-135.2444386166,-143.7693262745,-133.8926708616,-144.2242994455,-136.7741942657,-118.9618065378,-123.8264245147,-130.1888808649,-132.9620174701,-149.6931861151,-147.501483843,-134.0535574665,-147.0632879431,-127.0976339916,-130.7629486414,-125.0827487629,-129.0876016846,-135.8944667823,-125.4213912193,-135.6056151946,-125.1339644994,-129.6987613246,-156.2814951815,-128.9822874881,-140.1705663507,-130.6160153214,-121.6631788203,-134.6907379431,-133.8631436287,-131.0197026006,-126.8439701607,-122.4640710859,-116.3025969803,-147.1480395788,-126.5190568063,-133.0923656874,-142.0260127958,-130.7370906603,-121.4273860516,-127.1013251672,-125.1770110746,-124.3349694673,-129.7315504021,-145.60749245,-122.2081708291,-131.3363939842,-124.3116958119,-134.1805994777,-128.5547876898,-140.8899720494,-128.0470784346,-142.1513648752,-134.6552723356,-138.738554099,-136.8226282123,-166.0953619739,-125.1064213969,-131.8110642228,-122.0470609067,-130.2440075403,-130.1596015984,-138.3356465376,-130.3909353699,-152.4854144224,-141.7133918558,-130.9222172112,-128.7643073967,-134.9233126578,-145.0238635642,-133.8415284937,-127.795335605,-126.4723284079,-137.1788480035,-130.7793404624,-129.1921682103,-129.3657075088,-135.2717938418,-129.8536372381,-143.719847681,-134.6623345649,-124.3392507887,-142.9327341973,-136.2725361953,-162.7261166087,-133.2185924464,-139.6557771264,-139.6733978877,-155.8232277595,-148.3742425405,-140.921178452,-152.7928751936,-141.890596019,-150.5910755963,-133.3729938709]},"Time simulation":{"0":617.5329},"Time inference":{"0":1.4663}}