{"Parameters":{"0":{"Kappa":2,"Tau":125.8925411794}},"Positive hit":{"0":25},"SNPs":{"0":[492234,495211,491802,491734,492640,491675,493929,491912,492613,490792,489716,494124,494075,491669,493141,494700,492366,494224,491663,492579,493866,492878,494316,489930,489385,494201,496891,492715,491534,491027,493712,495149,490352,491745,492093,490455,493624,492115,494195,493361,494410,489956,495825,491836,491036,494950,494214,490622,494700,490833,490604,491964,492689,491061,493625,492683,495154,492213,495653,491495,491892,493042,493109,492558,491798,490549,491555,492436,493742,494244,491172,491318,493421,492864,493424,492775,491181,495057,492153,490627,494057,493501,493744,495586,496008,494645,492370,489603,492992,495738,494085,494912,492444,492647,497114,493402,493689,492083,491238,493717]},"Model0 ll":{"0":[-155.290676311,-139.540076547,-154.3845343858,-133.228015143,-134.5363068544,-132.1181006006,-148.4382102793,-129.2607763032,-133.5049999407,-140.6733860806,-121.9475058988,-154.7470167639,-129.9458416915,-131.0492148641,-137.3844368388,-123.8855058935,-154.8487661288,-125.5466651492,-150.103073891,-133.163146531,-168.1812294366,-134.2394084555,-124.430062604,-150.1265017905,-147.4548463667,-126.2867363449,-133.4630228244,-137.3409600771,-134.5535399072,-146.4509743909,-142.704946861,-119.7650744063,-134.1564873024,-139.188942787,-147.3770156859,-136.5573140856,-123.6585018723,-141.2369893951,-127.0198748588,-140.3099086702,-137.3346074514,-146.8766300909,-123.23116226,-139.6510930411,-146.0926482261,-123.4308670305,-171.6731721472,-149.7912679839,-168.9975134232,-138.1816762245,-132.0946960339,-132.0519116764,-131.5573716618,-133.6524209237,-127.7962484813,-145.5492977877,-144.8006210419,-128.72621911,-154.2263951581,-135.7886721931,-133.0830058461,-139.4256867625,-127.7297663392,-138.90392591,-127.505256012,-147.0385726667,-139.3795792628,-131.4182794269,-130.9827692289,-138.1528937154,-135.6609529426,-137.6351223496,-163.1914502954,-144.5435531784,-138.7249122513,-131.9483855294,-138.0895691184,-146.6153348125,-138.8597343261,-128.3751185567,-133.9371663852,-159.2035570545,-148.1332265178,-125.2163170255,-143.6742535594,-138.3245925873,-155.8269524369,-122.2813890008,-122.991068402,-143.5513262155,-142.4136908101,-136.5436191515,-138.7254443132,-124.1863398093,-146.077060713,-135.045936836,-144.4840500138,-138.2627132499,-168.2787489097,-121.8433011341]},"Model1 ll":{"0":[-155.2906763044,-139.4728550497,-154.3845343927,-132.5575482829,-134.5363068592,-131.9488929629,-146.7519804759,-125.7155216156,-133.5049999345,-136.4538995551,-120.7239744403,-154.037054696,-129.9458416899,-130.2517230381,-135.8939751166,-123.885505891,-154.8487661244,-121.2249931534,-150.1030738969,-133.1631465308,-168.181229423,-134.1907111934,-124.4300626033,-130.4538381748,-131.9767261928,-126.286736346,-133.4630228205,-137.3409600707,-134.5535399073,-146.4509743865,-142.704946853,-119.7650744071,-134.1564873004,-139.1889427865,-143.9903219333,-131.1784176686,-123.6585018762,-128.5139951923,-127.0198748595,-140.2505068616,-137.3346074496,-142.4466864701,-123.2311622607,-136.985756974,-146.0926482259,-123.4308670305,-171.6731721438,-147.3262621919,-168.9533189803,-138.0925899009,-132.0651048553,-132.0519116777,-129.1102137786,-133.6524209325,-127.7962484813,-143.7115907137,-144.8006210455,-128.6285867612,-154.2263951529,-135.7455713348,-133.083005846,-139.4256867587,-127.0960061073,-132.8519279265,-127.5052560069,-146.2650198263,-139.3795792589,-128.3247151447,-130.9423162983,-138.1161412092,-135.6553183182,-130.4512308847,-163.1914502967,-132.6974737159,-138.7249122518,-131.9483855269,-137.8908133056,-141.6260335062,-121.3959562346,-128.0160462258,-133.3417145022,-143.9227315575,-147.6567190804,-125.2163170207,-141.75671505,-138.3163401188,-155.8269524361,-121.3389997211,-122.9910616462,-139.1684836987,-133.2588415661,-136.5436191518,-134.0910819233,-124.1831722477,-145.2838535017,-135.0459368327,-137.5516792925,-131.4878830825,-158.1071034105,-121.8230812383]},"Time simulation":{"0":614.0927},"Time inference":{"0":1.6496}}