{"Parameters":{"0":{"Kappa":2,"Tau":63.095734448}},"Positive hit":{"0":26},"SNPs":{"0":[491100,495974,488818,492365,491453,490876,493704,491646,493070,493269,489519,489642,491888,492311,490660,492676,494451,490281,491044,493041,493358,491072,495294,491562,493010,491343,489939,491064,499666,493297,492082,490855,493761,492560,491447,492285,492020,495144,493280,494265,493030,493130,494756,492073,492366,492907,494201,491673,496420,491986,491263,491645,494127,494613,493404,490216,494316,492668,492946,493129,491364,494849,494450,494421,499084,494022,490311,495728,492789,493228,493347,495526,489622,493475,492001,494936,489404,495825,495417,492810,495232,493948,492948,492329,492535,493552,492823,495755,488867,491438,494330,493307,494556,493601,491785,492596,492322,494974,495120,494707]},"Model0 ll":{"0":[-139.5118709283,-139.8449983463,-137.475556495,-150.512434786,-137.8831132781,-125.7552117528,-133.1483891372,-150.0978399655,-127.8073256182,-144.8970138103,-141.8350625778,-134.8956407537,-123.7522553936,-137.1799697363,-135.4162843005,-156.1505474543,-130.740653285,-157.7113110366,-154.1037562037,-152.9086614297,-128.3721108803,-148.2906717768,-147.9987660147,-144.9092861617,-137.0893498081,-126.6235726194,-150.0352372005,-143.7950860479,-136.6943020726,-149.9738385457,-129.6698961119,-133.1484078387,-132.6880559518,-128.2907885074,-131.8035705875,-141.2222985873,-152.0963918186,-147.3599077678,-149.1230043341,-168.9014809755,-132.7191233288,-143.5458543207,-130.7614530072,-138.4500660112,-127.6572287971,-138.5589630432,-151.1727717051,-130.6153320268,-132.730196189,-139.399648179,-154.4398301324,-144.1998588318,-138.2482727607,-169.104093498,-135.8396898247,-143.8098470456,-124.891351113,-158.2793455379,-145.2402601806,-151.1064452441,-153.0171642519,-144.4834868577,-144.1980865014,-153.885357761,-140.7102194404,-122.1782962389,-138.8031473298,-136.8605737469,-138.3324412069,-131.6670179824,-128.1024027628,-167.5459553715,-141.0696998733,-137.2610462984,-142.759399395,-129.9099086147,-135.1745033696,-126.8773747069,-168.2053814513,-136.0342999677,-157.0532717521,-133.607782046,-132.7512961759,-131.2277400313,-136.7612245285,-129.1184904327,-118.3670480887,-138.9741507195,-142.9018055416,-144.2625896826,-147.9919725727,-128.1426329818,-139.4692419096,-129.5243666131,-132.3058802623,-135.6870551215,-141.5124545848,-144.2049503776,-136.1482085088,-132.1381171352]},"Model1 ll":{"0":[-139.511870927,-134.045901839,-137.4755564989,-150.5124347857,-137.8831132817,-123.0479445788,-130.9731470298,-149.7515254176,-127.8073256208,-144.8970138057,-125.2499128537,-134.8956407545,-122.832037839,-137.1799697353,-134.3694081833,-152.5293011967,-130.7406532844,-157.7113110234,-149.6419672413,-152.9086614269,-128.3721108794,-139.4377023069,-147.2719480214,-143.4429885748,-130.7862091719,-126.6235726187,-147.8450735206,-141.2375783308,-133.5829068185,-148.3518756332,-129.3451019047,-132.6249521841,-130.8541717834,-128.2907885038,-131.8035705903,-141.2222985821,-150.3219499007,-144.3185652826,-121.9905619323,-168.9014809756,-132.7191233231,-143.5458543245,-130.7614530073,-134.7067863173,-125.3913850958,-122.9496396141,-151.1727716978,-130.6153320227,-132.5546149286,-139.3996481803,-154.4392228485,-144.1998588286,-138.2482727552,-169.1040934804,-135.402891955,-143.8098470437,-124.3965519055,-158.279345524,-141.4464419367,-151.1064452304,-135.0459079534,-144.2051849714,-136.4063841474,-153.8853577593,-140.710219441,-122.1782962363,-136.5625661459,-136.8605737453,-127.9963882632,-129.9018274613,-128.1024027613,-167.2279516203,-141.0696998703,-136.5688169963,-142.7593993908,-129.7094349665,-135.17450337,-125.8276758421,-146.8854792372,-136.0342999641,-152.6198824412,-133.6077820464,-129.6100824007,-131.2277400322,-135.4680058589,-129.1184904267,-118.3670480894,-138.9741507173,-139.476058961,-144.2625896806,-147.9919725616,-128.1426329755,-127.2846936505,-129.5243666113,-131.9333043257,-135.6655896328,-141.4874861125,-144.2049503742,-136.1482085012,-130.5554585155]},"Time simulation":{"0":463.3259},"Time inference":{"0":1.2969}}