{"Parameters":{"0":{"Kappa":2,"Tau":0.0063095734}},"Positive hit":{"0":82},"SNPs":{"0":[497141,496625,495497,498537,496994,496221,499367,497218,496066,497313,498064,496001,498429,502064,496563,497677,496470,500159,495559,500944,496460,496315,498203,498039,498382,500728,497219,499292,498348,498038,500995,496214,490926,499356,498295,496903,496446,495795,498544,496926,496033,497226,494905,499543,499663,498254,495452,499782,491643,499270,498923,499013,499454,495863,500025,496716,497412,496633,494360,495410,498595,498739,496958,497853,497918,499242,499191,497257,494889,496902,499582,494557,499061,496340,494821,499637,493212,498562,498591,498519,498127,501204,495094,500261,495377,495955,501003,501668,497535,497312,499756,499661,497004,498827,497649,497829,497226,500564,497026,493660]},"Model0 ll":{"0":[-132.2000436225,-131.4511582772,-167.5577138849,-152.7475683092,-157.3172661745,-137.5890138989,-162.4461559929,-130.1233413606,-165.2122263354,-152.4134537906,-152.7551016096,-134.4138365245,-174.6293425774,-142.1025358153,-154.4587473635,-131.7926436718,-152.1722739766,-127.1123877536,-165.0759254137,-132.9098371316,-167.9018270187,-134.7377712219,-148.0461681362,-119.2664032963,-164.5925168026,-135.7341397503,-128.811616645,-131.7023837009,-144.9166123266,-149.3694518477,-130.5880876483,-174.2658403634,-188.3383934052,-153.5334761195,-185.5251278278,-142.2580433913,-143.8165957214,-135.4759096604,-159.7470939581,-148.1077982964,-167.9161270004,-134.7139947484,-178.3975795224,-143.0474094524,-139.9362508441,-142.9533979351,-124.6225037334,-173.8496720718,-237.0906611997,-133.4818048565,-132.1955263579,-124.4878806852,-153.7475873468,-163.1563980707,-130.7417667373,-131.2816429853,-148.4394649657,-152.1305031219,-134.3281487502,-223.3643272964,-147.6216164069,-184.8433960196,-158.2312960596,-147.9436032036,-129.031423153,-166.9803021542,-150.6754620468,-126.9420827762,-134.5591668006,-151.6593838386,-129.4574173842,-137.2646501685,-131.8356222517,-171.4080523598,-192.0837139727,-133.3989301402,-183.9247623453,-163.6191487013,-131.6760449876,-150.2601538024,-138.2890058733,-158.4705072017,-152.479855597,-130.6230189804,-153.2394930911,-184.8093025565,-133.1260741644,-173.9005336058,-165.4591762467,-143.584902284,-142.8878498454,-127.0030578436,-153.204309761,-144.8662827695,-155.5390486648,-146.6554265657,-141.0539171072,-148.9522686085,-148.8547176132,-133.7186279928]},"Model1 ll":{"0":[-131.582495433,-126.2487838905,-127.9916990734,-128.2135007649,-127.0620302558,-137.5786873062,-149.0294872701,-127.7083954443,-142.6907457227,-128.8603217792,-143.5919295136,-132.1702108245,-135.6342352107,-125.4808320776,-137.4303070948,-124.6664264634,-130.5059511618,-127.1123877561,-141.2973118632,-127.6729722852,-130.7356731689,-127.6533497731,-125.5201344714,-118.8365416556,-129.7115790275,-135.7341397066,-126.296647889,-131.1908645174,-139.3407296195,-129.835069631,-127.5253806324,-137.1455738122,-122.7084813598,-140.06214286,-153.1468537045,-124.9305383809,-143.8165957195,-129.6945000439,-147.9076119846,-131.9542819137,-138.2163001778,-126.7229628688,-122.4503466206,-136.465538921,-139.8646184217,-124.8963313653,-124.5016949059,-137.05208964,-140.3012487152,-132.796268245,-129.4069868727,-124.4708138109,-138.5028105055,-140.0086667387,-130.6115315895,-131.2816429893,-135.3134138119,-125.7634339312,-122.5179403385,-185.4289414578,-142.9345429667,-162.5639834975,-146.4758246405,-129.2052061378,-124.078903003,-150.5723373899,-148.380887644,-123.9490247735,-120.5588370087,-127.0620372116,-124.990012217,-124.9218348083,-125.9375492169,-127.3658491726,-146.3396927061,-133.0403758697,-142.1540427291,-151.639188669,-127.4632818835,-140.7088004362,-127.3499852874,-130.6237721444,-139.5571740362,-130.6193224798,-140.5810367848,-141.3248549577,-130.1299105163,-138.4286842955,-144.1278503896,-142.6191685256,-132.4335098113,-126.7839899367,-144.1462869404,-143.8008411589,-138.3944377081,-133.7511749362,-137.0113294729,-141.3992687691,-141.254258456,-123.4013537284]},"Time simulation":{"0":1273.5711},"Time inference":{"0":5.904}}