{"Parameters":{"0":{"Kappa":10,"Tau":0.0063095734}},"Positive hit":{"0":1},"Model0 ll":{"0":[-173.760188735,-266.8136005003]},"Model1 ll":{"0":[-145.1149452528,-266.8136005324]},"SNPs":{"0":[1131700,1124980]}}