{"Parameters":{"0":{"Kappa":10,"Tau":0.0001}},"Positive hit":{"0":1},"SNPs":{"0":[499990,498060]},"Model0 ll":{"0":[-151.6553434603,-132.8672460159]},"Model1 ll":{"0":[-131.3336426695,-132.8672460169]},"Time simulation":{"0":557.494},"Time inference":{"0":1.309}}