{"Parameters":{"0":{"Kappa":10,"Tau":0.1995262315}},"Positive hit":{"0":2},"Model0 ll":{"0":[-25573.3681397521,-25524.245244937]},"Model1 ll":{"0":[-159.4740521813,-204.0259828292]},"SNPs":{"0":[934474,938407]}}