{"Parameters":{"0":{"Kappa":2,"Tau":6309.573444802}},"Positive hit":{"0":31},"SNPs":{"0":[507532,507712,505414,508329,507689,507326,508641,499137,505437,509792,507197,504969,506171,504928,506884,503280,509153,507260,506695,509018,505388,503244,507291,506948,506651,506707,505549,501852,506550,507007,505981,506292,508321,505018,505596,508477,505999,507748,509574,504928,507863,505771,508757,507207,508744,506787,507079,503861,507397,508113,505920,510546,508468,509234,504323,506694,503907,506246,507888,506972,507460,506836,507528,507110,506947,506041,506156,502733,506480,508672,508631,505460,507131,506876,509101,510416,508986,508573,504339,506115,503032,508829,506448,508545,506657,505952,505120,506066,503495,504832,507672,506985,505696,505824,506744,505241,509031,504781,507714,509884]},"Model0 ll":{"0":[-138.9751045772,-128.8636902236,-146.0694591324,-142.7017503817,-126.6188157279,-129.2485096506,-124.6788709721,-281.8067117307,-129.9130890483,-142.627735746,-144.4364769848,-134.205221898,-128.6554830115,-124.5789387995,-147.0237867617,-151.1598630598,-133.0527796077,-133.9726803234,-139.726044726,-155.7512229835,-138.7206506579,-177.8947417032,-146.4598921755,-182.8758332026,-129.0345366742,-127.9331721268,-131.9090232194,-164.3699404952,-146.5375205888,-133.7613463828,-127.5147721744,-151.3397485779,-135.5218378518,-139.1517826679,-127.7620699536,-131.5567173683,-131.124672776,-129.9600966295,-155.1166823715,-134.643548804,-160.4479470265,-128.3556124857,-141.5054055425,-124.0512540132,-134.0574275129,-156.2287954122,-184.6893809988,-122.9455051321,-142.1427002587,-143.7719244869,-131.8953406944,-163.4124453891,-129.5156646701,-129.2184644239,-135.7600062174,-131.0982604046,-130.4866648244,-134.5930516986,-135.6940202447,-129.4081637217,-138.1348068557,-178.4792025167,-121.3634690024,-140.3002574807,-146.1190553486,-144.1980469438,-144.0339049836,-128.2033994778,-137.0643336501,-134.4317327661,-146.0667730812,-139.6914667953,-136.3330003607,-144.4743959401,-140.7537483921,-157.9845566276,-141.7510318038,-145.8525296253,-167.6917340592,-132.0797626509,-149.2274567706,-139.8358947151,-152.4947597956,-133.2673852716,-140.1317796935,-141.9238672934,-132.6120055897,-140.6714616194,-150.2028073964,-140.4759153492,-142.1359301627,-146.5225452021,-160.8072307256,-133.1446173512,-137.5586747155,-131.010918255,-142.1665545394,-134.4054919349,-131.9580133552,-158.5756090015]},"Model1 ll":{"0":[-127.2929703097,-128.8636902239,-146.069459137,-142.6979996333,-123.7381828458,-129.248509656,-124.6788709699,-134.5065916166,-129.913089051,-141.9533340186,-142.1182005716,-133.9810279527,-128.6554830039,-124.167744891,-147.0237867636,-151.1598630524,-133.0527796016,-133.9726803143,-139.7260447199,-155.7512229705,-132.3966482676,-161.4766076022,-142.6780210953,-166.879557046,-129.0345366788,-127.2603995548,-131.9090232198,-164.2395062986,-146.5375205848,-132.4473439381,-127.5147721712,-150.6543712611,-135.5218378454,-137.7719291919,-127.7620699537,-131.5567173722,-131.1246727745,-129.9600966269,-155.116682359,-133.6408510114,-142.1805430496,-128.2053253058,-141.5054055362,-122.2657839871,-134.0574275122,-138.4899180866,-184.6893809783,-122.8736889609,-139.0905070558,-143.7719244843,-127.684121784,-163.2267234805,-129.5156646637,-129.2184644158,-135.7600062135,-129.1216529409,-123.0923027725,-128.8998496503,-129.9001673452,-128.9198921529,-137.5757428281,-178.4792024989,-121.363469003,-140.300257469,-146.1190553462,-144.1980469355,-139.3406000755,-125.3506479872,-133.7198938196,-134.4317327586,-146.0667730694,-136.3508940259,-135.5366797767,-129.8462750745,-140.6536319236,-150.231117794,-141.7510317993,-145.8525296149,-140.9343976502,-127.7709923411,-132.8807447116,-139.8358947132,-151.6969948109,-132.5992615137,-140.1317796915,-141.7225089701,-131.3635447069,-137.6177648641,-142.6440085109,-137.4506606739,-134.177962858,-139.686567615,-160.8072307185,-133.1446173494,-137.5585236728,-131.01091825,-138.474770973,-134.4054919273,-130.7704107501,-158.5756089842]},"Time simulation":{"0":658.3696},"Time inference":{"0":1.3849}}