{"Parameters":{"0":{"Kappa":2,"Tau":1584.8931924611}},"Positive hit":{"0":25},"SNPs":{"0":[506624,506508,504654,505348,506630,506884,505342,503946,508598,507164,504246,509593,505160,504086,505213,505844,503607,508709,506234,504348,507157,502951,506643,505422,507884,502082,505350,502610,507696,506438,507366,509170,506968,511118,507656,506450,507276,508883,507811,505052,504516,507081,505175,505541,506537,508790,503301,506341,506080,505833,505031,503776,506930,508743,507055,506292,510007,507818,506867,508092,508160,504216,506579,504861,507250,509370,504963,505425,506126,506737,507404,505974,504378,509283,507235,504680,506388,505358,505130,508046,507685,508066,508316,506630,507096,500738,507059,506137,506654,503547,507898,509030,508721,506910,505042,504652,506337,506484,504502,505743]},"Model0 ll":{"0":[-168.578922152,-153.8471981056,-144.3849622274,-119.3954181356,-129.6260215593,-154.193868077,-138.8716815514,-128.9101578772,-128.5697308077,-129.7504596269,-128.4287159936,-158.968854987,-158.2431426865,-129.7562248238,-141.6233088051,-142.3414389046,-160.5382226774,-143.3007868802,-129.6011123305,-129.1689752992,-143.6278602633,-142.3634690848,-146.2890505827,-150.405213124,-143.7577208273,-137.2280033995,-130.6348934141,-198.1268728369,-150.7878676641,-128.9328529645,-151.9969752708,-143.4436781991,-147.9952884935,-134.4826707152,-131.0747748573,-138.4683443104,-130.2523533181,-134.9918662868,-143.9492717667,-146.7210606327,-146.3039447241,-138.0425903225,-138.0050715221,-134.0124388065,-140.9567368343,-143.1736136184,-140.1756798457,-147.570243773,-150.2594141262,-134.2586000558,-137.4352481365,-141.3526186019,-132.8467326899,-143.5063903052,-137.4377471455,-126.3626350022,-170.4456803376,-148.8094506935,-141.4570660793,-148.6947269378,-141.3339215822,-128.1363947712,-136.6546993292,-127.8788747584,-138.5903782267,-145.0224693064,-127.8182104567,-126.1078534034,-131.976443805,-131.7771361738,-140.6131293667,-139.9847257961,-126.5516901644,-126.6419463342,-133.1733398828,-145.0415859313,-166.4780617233,-121.1319070857,-124.2120661972,-134.9922209614,-121.1746127657,-120.6526595387,-146.8100309942,-127.3367403619,-128.7194388478,-172.4067376278,-126.6237935828,-128.3851866834,-134.6823981407,-166.9938983704,-165.4828172408,-131.8987505663,-122.9353046061,-134.7973921795,-149.2653081085,-140.7339187727,-131.2030547579,-154.0728634546,-142.5530412814,-125.7484222227]},"Model1 ll":{"0":[-168.5789221438,-153.236744055,-144.0927355502,-119.3954181298,-126.7085713031,-154.0069674362,-137.4475494718,-128.6442815675,-128.569730806,-127.9453611077,-128.1201450405,-158.9688549799,-147.2162457412,-129.4733142552,-141.623308796,-130.0908009784,-159.550108383,-143.3007868723,-129.6011123253,-124.0262808756,-143.6278602565,-142.3634690792,-146.2890505794,-139.9057863052,-132.7834008598,-137.2280033918,-125.1211120146,-134.5175855679,-150.7878676526,-128.9328529638,-151.9969752625,-143.4436781943,-143.8114376734,-134.4826707096,-131.0747748545,-138.4400216991,-127.979135804,-134.9918662817,-143.949271765,-141.1433084115,-146.3039447231,-138.0425903133,-138.0050715147,-132.6700650323,-140.9567368341,-130.6032579291,-139.9400426051,-145.0943688031,-149.854189162,-133.3044780962,-137.4352481394,-132.0074021095,-131.155739572,-143.5063902998,-137.437747136,-126.3626349989,-170.445680321,-147.5884405281,-141.4221737887,-148.599027335,-138.8654596514,-128.1363947663,-135.6189415264,-127.370693715,-138.5903782222,-145.0224692981,-125.5209237208,-126.1078534014,-131.9764437989,-131.7771361685,-139.4639780585,-137.3833474421,-126.5407159471,-126.2407551613,-132.7540859007,-144.7420937432,-145.8208987263,-121.1319070829,-123.6214459313,-128.4630998837,-121.1746127675,-120.5133584158,-146.3374478332,-125.1241534584,-124.3079613031,-127.1675630239,-126.6237935824,-128.3851866823,-134.6823981334,-153.3573020017,-165.4828172331,-126.6897782684,-122.9353046014,-134.7973921699,-149.2653081125,-140.5147787028,-129.9270174096,-150.2118647966,-141.9922405258,-125.7484222201]},"Time simulation":{"0":671.9912},"Time inference":{"0":1.3828}}