{"Parameters":{"0":{"Kappa":2,"Tau":50.1187233627}},"Positive hit":{"0":19},"SNPs":{"0":[493622,492185,493174,490717,489690,495410,494790,492262,490337,496517,495291,495663,492721,492850,494857,492923,494507,488918,494493,492381,493632,490652,491144,494532,495524,491389,492104,493479,492760,494955,493549,493326,488697,495512,492579,490601,494159,493035,496323,492487,492554,491156,493881,489506,493944,493651,491255,492399,492435,492148,493578,492768,491070,490412,492375,490987,493513,495298,492681,491035,494858,490962,494430,491020,492991,488957,494150,495400,490013,493191,493268,495365,494923,493527,493961,493236,493744,494242,490513,494246,494283,491887,493292,491857,495224,491270,492296,496596,489781,492531,493194,492411,488862,492690,488642,492759,491247,493259,494187,493398]},"Model0 ll":{"0":[-143.3178912122,-139.4848303488,-148.2641368842,-146.6369121842,-173.6620769952,-131.5645013322,-128.1692599819,-138.2070597202,-136.6832611724,-134.0278642363,-125.6909308183,-151.9419289506,-124.3590828945,-130.2700124329,-137.2726750781,-123.2222468885,-163.631753892,-258.8188051604,-125.0460728559,-124.0058500459,-156.1667856637,-131.2363014234,-147.1205481297,-125.1664160398,-125.7055899319,-133.0745874114,-119.7297687861,-147.5827034721,-130.3413989025,-152.0465876171,-142.3287802076,-128.4162320842,-158.2379176171,-143.9103260644,-121.1864328648,-122.7350918116,-134.5671676685,-126.5310010492,-134.010645226,-146.5447633023,-126.752807818,-133.2498427581,-157.5504340946,-154.6447186724,-145.7484051313,-126.575434762,-124.89891852,-137.9603040572,-139.449312666,-143.2149875126,-136.1343966939,-136.0719524511,-127.1824453164,-138.8402246995,-140.1639520165,-134.2192037427,-147.2263301254,-145.0563980082,-136.0936290433,-157.6661453737,-144.6505894808,-127.5389203607,-148.7485453545,-136.5762087735,-147.2400048964,-143.3896456754,-132.8015245482,-140.3603527774,-126.6524333623,-148.2354735932,-134.0426319769,-137.0010504419,-138.2215141828,-145.1076796664,-142.9331733137,-157.6769815198,-142.0927067115,-135.2062496776,-130.4740810303,-122.778422921,-140.7429165785,-139.9633349346,-155.2310005351,-130.1476731769,-160.0478215685,-147.8399521332,-138.9743214976,-156.9649142016,-170.5840287425,-150.0276005417,-120.2106491828,-150.0008241245,-142.1990348401,-134.3582024936,-127.7565942876,-142.0728373181,-129.9418836387,-145.5816786681,-131.8994640625,-133.7279835039]},"Model1 ll":{"0":[-143.3178912081,-139.323399006,-146.0434217499,-144.1306708224,-123.3134476085,-131.5645013349,-128.1692599826,-138.2070597168,-136.6832293183,-134.0278642282,-125.3422965886,-151.9347231643,-123.6495099913,-130.2700124309,-137.2726750773,-123.2163678264,-163.6317538894,-145.0723797652,-124.9456433122,-124.0058500457,-156.1667856635,-128.4070862956,-146.1029160097,-125.1664160384,-125.7055899294,-133.0714846204,-119.7297687834,-142.8376044584,-130.3413989037,-152.0465876174,-142.3287802011,-128.4162320862,-132.9615450962,-141.539982929,-121.1864328619,-122.3486930324,-134.5671676677,-126.5310010482,-133.9644760755,-126.825242064,-126.7528078119,-133.2498427516,-157.5504340948,-146.5629213126,-145.7484051306,-126.5754330273,-124.8945747629,-136.0695450223,-139.4493126667,-143.1915983065,-136.134396687,-122.1372915076,-127.1824453133,-138.7689546189,-135.6239078051,-133.8283178469,-147.2263301165,-145.0563980064,-135.6126296746,-157.6661453618,-142.8516596711,-125.5340268862,-148.7485453455,-135.5525099221,-147.2400048863,-142.0622989117,-132.8015245499,-140.3603527762,-126.5123484077,-148.2354735797,-134.0426319772,-136.2933875245,-138.2215141801,-145.107679662,-142.9331733117,-157.6769815088,-140.3757921485,-135.2062496758,-125.0501900917,-122.2837684559,-140.0560489163,-138.8542348754,-135.0040423871,-129.0440037045,-160.0478215729,-134.9335573042,-138.9743214915,-156.964914193,-135.463277494,-150.0276005347,-120.21064918,-150.0008241233,-141.8464753138,-128.7403524122,-124.8797309822,-142.0728373116,-128.4882354085,-145.2358576879,-131.8994640539,-133.7279835044]},"Time simulation":{"0":470.5146},"Time inference":{"0":1.2943}}