{"Parameters":{"0":{"Kappa":2,"Tau":0.0002511886}},"Positive hit":{"0":26},"SNPs":{"0":[499495,500721,498334,497836,502528,497940,500317,498701,497863,500624,497656,503526,500352,500692,495384,500463,498005,498600,499906,499924,498685,501060,498447,500740,498601,502011,498556,499595,497983,503180,502736,501838,500187,501353,496526,498666,499035,497291,503466,500483,500875,497905,497172,499875,502174,495776,497618,502351,497769,497320,494853,497334,501327,500125,499592,499313,501752,499146,499645,501341,500234,501205,498049,500413,500457,496331,501670,502564,498712,499990,497820,497223,499405,501431,499811,497524,501596,497416,494588,498045,500651,499864,498707,496951,498509,495967,499270,496290,499008,498207,497812,495723,497603,498987,500593,495060,497777,498226,496247,501934]},"Model0 ll":{"0":[-121.92507194,-142.8165959352,-126.7158935096,-149.5456668121,-133.517919306,-133.0152347886,-131.405272581,-141.4243378188,-163.426569957,-135.4107278693,-135.2319855478,-133.1003637868,-126.0453686824,-145.2784527046,-138.75996787,-134.3798418629,-142.4196513492,-160.7335962422,-183.9066770359,-130.4105522002,-133.9415490597,-133.17320611,-124.0715270982,-123.2377071721,-132.4491020666,-132.7169946366,-160.9801101457,-128.821136152,-132.3669286681,-139.7788615492,-159.6053908857,-166.1829135887,-152.5230811053,-128.7091238631,-137.7558835626,-130.3881796347,-120.4240209989,-144.7360891521,-136.4193093318,-139.5910122245,-136.3101301312,-158.8283685524,-169.8966586446,-141.598738989,-128.5181386015,-140.3617434381,-132.0423622707,-123.1120051975,-130.7340594904,-133.6062922429,-129.7662247256,-154.693216244,-152.8284773615,-140.9661090772,-136.0393068684,-135.8206332274,-158.992720952,-142.3808095042,-140.3597446245,-151.729901018,-149.9625628955,-131.998859578,-149.2853500973,-152.9798749045,-143.4653652551,-122.5554081799,-133.1225696988,-135.2028927849,-124.8784050964,-138.6781589769,-148.580579977,-139.1413961247,-127.1018468088,-148.7282373867,-140.4731953636,-122.3043851073,-142.6130486564,-128.3072556602,-161.7082196157,-129.3025821432,-130.132978994,-134.0365308488,-140.3249687471,-132.2872201935,-132.1913954146,-139.4048857134,-149.5823857225,-148.0225498389,-139.9030166772,-174.6874965361,-139.3767862114,-135.1729277504,-171.9260295676,-137.5494681529,-135.5931236126,-179.7916738271,-131.1237592709,-126.1205704597,-135.8430046333,-130.5532044946]},"Model1 ll":{"0":[-121.9250719394,-128.7825609931,-126.1288741587,-140.3079846132,-133.5021347905,-129.2832580577,-131.4052725862,-141.3186783415,-163.4265699503,-135.3557059867,-135.2319855427,-133.1003637895,-125.8393418514,-145.2784526953,-138.3732534576,-134.3798418659,-142.4196513432,-159.9369802966,-125.2694698502,-130.0136023368,-133.7745932492,-133.1732061065,-123.8148452276,-123.2377071707,-126.130063001,-132.4992212497,-160.9750611488,-128.8211361571,-130.8361558908,-139.7788615391,-157.1324104527,-165.0298750942,-152.5230811053,-128.7091238609,-129.9880884212,-130.3881796328,-120.4240210006,-144.7360891542,-136.4193093336,-138.7223045637,-136.3101301377,-139.7083388432,-140.5176189226,-121.3873586375,-128.442736834,-129.3691864517,-130.7801706737,-122.8443128952,-130.0246185997,-131.7484440953,-128.7359136956,-154.6932162322,-144.914699935,-140.966109071,-135.067969014,-135.8206332246,-158.9927091078,-142.3808095005,-140.35974463,-151.7299010186,-149.9625628846,-131.9988595776,-148.9548859785,-133.1345144265,-136.5538219477,-122.5554081761,-133.0013086969,-135.2028927855,-124.8784050981,-138.6781589795,-144.7622705878,-135.2660556375,-125.7740972106,-148.7282373865,-140.473195366,-120.2565626335,-142.6130486495,-127.4423629319,-159.1331461012,-127.5674251939,-130.1329789978,-133.6673781897,-140.32496875,-131.8418214814,-132.1877894407,-137.6154003051,-139.544902399,-145.6006534741,-139.7028218552,-132.730560514,-139.3767862148,-126.6826694561,-143.0727628931,-137.5494681533,-128.4532853731,-127.0099138828,-131.123759271,-126.0909788696,-135.4505252196,-128.198401494]},"Time simulation":{"0":895.4617},"Time inference":{"0":3.54}}