{"Parameters":{"0":{"Kappa":2,"Tau":100.0}},"Positive hit":{"0":25},"SNPs":{"0":[489044,496010,495993,495461,495985,494539,491724,489985,492956,489646,494616,493313,491322,492314,492599,496149,492217,494064,493150,494660,493063,493260,494818,489398,494196,491302,493041,492193,492676,490473,492492,490688,491616,494374,491634,494164,492617,491373,492605,490836,489464,489933,493411,495460,491036,495730,488887,495108,492713,491345,492440,493011,490457,493747,493620,494601,492705,491922,494660,491639,491749,491352,489854,494847,491974,491285,494049,489799,486542,493514,491550,490536,493808,492448,490423,495044,492955,491735,492221,492648,491180,490884,492217,495761,493392,492996,491768,491157,490014,490357,493078,491266,494632,494335,493311,495554,493588,490252,491726,493762]},"Model0 ll":{"0":[-134.3565681934,-133.9928335322,-158.1175343686,-139.3726877701,-150.0845228565,-153.1545943279,-134.3542264254,-118.9056781208,-145.7652212827,-127.2336231689,-142.5446952424,-140.3250889501,-122.6747715604,-130.2982396882,-126.449391868,-151.7561484011,-139.6537922426,-151.6003527429,-148.7659447268,-128.6787126695,-142.7912680606,-138.3543362774,-140.6047696518,-138.7310329449,-136.3942180952,-142.1736450346,-121.7808455265,-151.1733583672,-150.5868995298,-133.6577373508,-147.6006214199,-128.2154352626,-167.4057938108,-125.0888333708,-133.4261726018,-143.134129221,-129.1597227349,-163.6846997696,-137.3970470242,-147.5880741246,-142.2510707835,-135.3135575184,-144.4759057243,-130.1394920821,-147.0166046417,-123.032786579,-139.1712572161,-130.4714987873,-129.3257617231,-139.0201747663,-150.2118142059,-134.5656681206,-139.118897517,-129.683663889,-143.0024227697,-140.4503738352,-137.7550149027,-128.1132097111,-128.5333826786,-159.0446384962,-150.4468430949,-139.0590147137,-131.1686841819,-131.939650857,-127.2179502131,-142.1963970721,-128.8498462193,-127.2529152721,-117.3314028434,-141.3716470478,-165.2129072493,-134.104686679,-127.831515111,-148.2959305811,-143.5141797973,-125.9328179622,-133.2838254665,-144.8869827627,-133.1403831268,-141.1197188542,-144.1497188832,-165.6182754588,-156.6624820582,-169.5684677301,-132.4083506229,-128.190748584,-135.4891354841,-127.4812201776,-157.5944584509,-130.1294854695,-127.4283239616,-128.066725128,-152.0186777333,-132.285358542,-122.0830016577,-142.4077928562,-151.427918061,-144.2870184047,-134.9943426845,-131.4770721313]},"Model1 ll":{"0":[-131.9165760617,-133.9928335249,-158.1175343552,-137.2342599332,-150.0845228492,-153.1545943192,-134.354226416,-117.7519774944,-145.7652212837,-125.4097392625,-142.5384856403,-137.3854956745,-122.6690077306,-128.4175924135,-126.4493918608,-151.7380865706,-139.6537922329,-151.0174017982,-148.7659447174,-128.6787126697,-142.7912680091,-138.3543362706,-136.1090449914,-137.6272549632,-136.3942180914,-138.5714052761,-121.4725579939,-150.2880335539,-150.5868995197,-132.7856576538,-144.9925701317,-128.1052085618,-162.1313331154,-125.0888333704,-133.4261726065,-143.1341292174,-129.1597227305,-163.6846997618,-137.3970470202,-145.2962691365,-142.2510707742,-135.3135575233,-144.4759057236,-130.0083834694,-147.0166046399,-123.0327865784,-135.6483295301,-130.4714987803,-128.8494807879,-139.0201747597,-148.7760509509,-134.5656681219,-137.7451087855,-127.7326399646,-143.0024227632,-139.0436969324,-137.7547028095,-128.1132097028,-128.2279793417,-159.0446384888,-134.2036254414,-139.0342557466,-131.1686841779,-131.9396508557,-126.5589117565,-140.5693527381,-128.4914485375,-127.2529152765,-117.2458344461,-141.371647042,-147.0541849564,-134.1046866802,-127.8315151043,-145.5910044007,-130.6682132575,-125.9328179564,-133.283825463,-127.8163439261,-133.1403831211,-133.6521327771,-138.6871691774,-150.5146508902,-144.6220476304,-167.3246644757,-131.296312348,-122.1203750234,-120.4453869897,-126.840244265,-157.5944584538,-127.66844303,-127.2505387821,-128.0667251278,-149.1519290361,-132.2853585403,-122.0830016583,-142.407792855,-151.4279180552,-144.0145824077,-130.6713090932,-131.4770721258]},"Time simulation":{"0":468.216},"Time inference":{"0":1.2298}}