{"Parameters":{"0":{"Kappa":10,"Tau":10000.0000000002}},"Positive hit":{"0":0},"SNPs":{"0":[502711,503624]},"Model0 ll":{"0":[-133.7486657463,-157.5652559579]},"Model1 ll":{"0":[-133.7486657519,-157.5652559719]},"Time simulation":{"0":570.967},"Time inference":{"0":1.466}}