{"Parameters":{"0":{"Kappa":2,"Tau":1.995262315}},"Positive hit":{"0":100},"SNPs":{"0":[504775,508094,506927,504475,506191,502799,503418,502153,505978,503612,505706,501657,505959,504509,502101,506291,506675,505857,506785,504298,506264,503277,505034,505646,501404,505839,506894,504325,502500,504587,503647,508041,508613,504461,507550,503360,502704,506464,505911,505026,508454,510216,502881,505111,501987,504444,500989,508184,502984,505225,507724,505618,502692,505327,509397,503956,503981,510244,505610,508262,506690,508486,505954,504064,501490,506484,506342,502528,506440,506489,509737,504015,500209,504898,503635,505487,503552,504161,509973,504112,503820,504227,509201,504437,507277,505166,505462,504144,508279,503497,511439,506546,504813,505526,504928,508592,504158,505668,507855,504564]},"Model0 ll":{"0":[-7769.9609567827,-7679.8513736334,-7846.0021832035,-7833.9502627645,-8715.4986375959,-8446.6398967144,-8086.5083819668,-8030.2391201425,-8201.9632843602,-7800.2957848447,-7867.8916638265,-8118.6106302431,-8091.2653978962,-7765.7107010612,-7791.6082371751,-7972.9106576059,-7781.802429158,-7965.214110865,-8267.3077502298,-7950.2687432745,-8464.9604215432,-7776.7311061725,-7588.5309217495,-7752.8767226603,-7582.2585306774,-7872.4584682986,-7640.5441240811,-7810.7851179125,-7633.2910654794,-8564.2147536012,-8034.2864664661,-7588.0099466747,-8036.9034730345,-8001.8692774211,-8064.8553368286,-7764.1721304444,-7694.6980068471,-7784.1940284891,-7614.3328451086,-8334.9701428015,-8087.4500485444,-7787.6410592601,-8221.2165162318,-8171.2988561164,-7720.9884792594,-7940.9829403604,-8088.6107782987,-7895.6216801121,-8127.8096468936,-8025.8903509227,-7917.309111006,-8400.3819193485,-7670.9087581543,-7876.4922798243,-7550.9579757381,-7990.5229082906,-8072.145735557,-7898.6294328115,-7600.3963638672,-8107.7990457483,-7405.3807284955,-7611.6112599294,-8067.7117785739,-8050.7899860251,-7919.1404947766,-7931.8329125147,-8333.1993200226,-8279.1369909006,-7951.8225100183,-7524.6807267602,-7774.1782428757,-7980.2083834089,-7531.087078446,-8016.8066017137,-7715.3521437799,-8259.3777746841,-8478.9115616267,-7849.5190874637,-7890.8169591013,-8416.1078728062,-7736.6483851532,-7747.8314122623,-7739.1223584675,-8506.5024302972,-7758.2231648234,-7884.8109623287,-7920.8517473911,-7748.3449162779,-7841.0611441467,-8010.1785095013,-7829.3479166084,-7546.3379782964,-7515.8923548563,-8041.2508652077,-7796.211238993,-8109.4885551338,-7679.4542058286,-7991.2322794116,-7949.7663408667,-7668.6963662531]},"Model1 ll":{"0":[-208.7420470231,-232.389211485,-242.9909699797,-231.5078197262,-288.8594937344,-340.4285242951,-265.2407158383,-156.0559830573,-278.9774368221,-210.8937187338,-262.2425841642,-224.7909405748,-218.7761394923,-197.0530795528,-174.9274833653,-183.968022496,-176.2321340424,-182.5197071138,-199.9707777107,-190.5853874995,-288.8561177625,-197.2103778218,-137.5850956404,-235.9222867245,-222.8026079496,-251.0362269497,-166.3980823496,-198.1788990124,-237.8144746826,-318.9321831492,-210.0809719746,-172.3174633127,-281.5496709789,-182.9584982901,-271.8184570326,-242.2729085871,-206.5061012873,-249.4072203027,-163.6645619701,-247.619615106,-184.1135796375,-214.9561711489,-282.1460573691,-284.4632683043,-200.2685701974,-302.4059568191,-185.2785287693,-206.0224106847,-283.2451453582,-170.996791212,-222.1810791001,-298.0643599289,-221.7355277875,-256.459364445,-221.6876383646,-271.6284980798,-253.0172872135,-214.2248485152,-179.6232077241,-231.1160646582,-200.0918594009,-197.9373145255,-165.0897963663,-229.9612986526,-241.7327885763,-289.147329504,-261.1817491884,-248.673670144,-201.5787314566,-204.2350210558,-213.7922473246,-253.358632646,-171.4686253011,-310.7644920876,-209.6549579892,-192.0930821094,-216.9947551031,-249.5401919235,-186.5579393372,-304.0743312389,-175.0708897677,-215.131784227,-165.1323794964,-202.7514141159,-188.2781491861,-287.8381393529,-213.9388805915,-180.9198763447,-227.514438464,-230.9232578002,-284.4531671874,-222.5294999301,-197.9042628759,-274.294747979,-245.8356314159,-182.2521329051,-262.2151993289,-350.8291483378,-224.4341567876,-226.1987315274]},"Time simulation":{"0":1295.0589},"Time inference":{"0":19.9738}}