{"Parameters":{"0":{"Kappa":2,"Tau":158.4893192461}},"Positive hit":{"0":29},"SNPs":{"0":[490623,492098,489785,488206,487782,493394,491784,490031,488878,492910,489308,490918,495431,490511,493039,489910,490460,489624,494155,488245,495101,491381,494774,494170,495390,490544,494636,490387,490263,491899,492256,494563,495281,494329,489260,493971,492892,493740,491678,492822,490526,492759,492613,491610,496273,493149,494037,491712,490774,493534,490877,492966,493835,494615,492561,490834,492584,491004,495525,492697,494264,495040,492863,492897,496138,490165,489652,494276,492990,493804,493042,490463,491915,491127,487953,495846,494623,491379,492862,494512,491220,492095,494540,493536,492333,494290,487549,491307,495375,491706,492532,496430,491193,490391,494189,492625,492033,494469,495625,490830]},"Model0 ll":{"0":[-157.0174251733,-125.0569432875,-142.8294452294,-155.3549416883,-223.1412729298,-142.6811597508,-119.4921223244,-128.5211458313,-132.227262776,-134.5210052425,-151.1730127385,-139.2948456341,-144.8959159217,-145.3908063608,-127.4548512562,-137.9989120977,-141.3514571903,-122.2699190643,-152.7374499257,-168.3485699186,-143.2609258911,-132.4007726844,-133.6967479478,-136.8141961967,-153.6736416989,-147.5739118055,-125.0672934343,-140.1980401126,-133.4540369887,-132.9228757502,-136.5245922757,-138.3000155491,-131.8835944639,-139.6871418163,-138.1470582588,-130.2465233039,-130.308446262,-136.1103348841,-126.7644653427,-154.007129983,-144.0791855334,-139.5904398702,-162.5832692264,-149.2830994808,-156.0520191955,-150.1599275251,-137.8246273352,-125.0795604117,-126.6874708785,-126.5443230139,-137.3069760505,-124.6606546898,-127.0215406029,-134.6104649999,-135.8343873069,-131.7972636133,-132.4401057617,-142.8465215206,-135.2693458622,-124.7682040715,-134.2667000483,-140.3336666806,-127.748725788,-128.5422191079,-149.5931295334,-134.5414560098,-145.0453688354,-124.5679016658,-133.3414429383,-140.0987170239,-127.9452795926,-134.6128235751,-141.6246578307,-135.0092523744,-135.2034456308,-136.7932127685,-153.0394880237,-142.8842865949,-124.7365193085,-159.7390072195,-137.2620551977,-144.8189695191,-127.3412225387,-130.744224387,-132.6256787701,-130.2923076089,-140.2875593308,-138.6930897592,-127.2897845434,-128.4535009163,-149.4669058742,-141.2827323606,-130.0717665128,-141.4790582012,-143.0775842646,-163.0138458116,-133.7349000476,-129.62610424,-135.0066731132,-140.438247591]},"Model1 ll":{"0":[-133.5846217539,-125.0569432858,-139.5153914597,-145.213976052,-124.6271562636,-142.4833826866,-119.4921223237,-128.5211458362,-132.227262778,-134.5210052407,-133.2772043725,-137.7548405403,-144.8959159181,-144.891132483,-127.4548512505,-137.9989120988,-135.5032086105,-121.2481209535,-152.737449917,-151.2554918414,-142.9870249155,-132.4007726834,-133.6967479487,-132.6456166129,-153.6736417005,-132.1704440386,-125.0672934322,-140.1980401169,-133.4540369921,-132.9228757478,-135.8949053561,-138.3000122413,-131.8835944615,-125.8590201597,-133.4169573038,-128.9946690971,-130.3084462582,-131.9369126617,-124.1662810428,-154.0071299859,-144.0791855301,-128.2054350162,-143.8217828562,-146.5148256167,-156.0520191851,-150.1599275179,-137.8203886112,-125.0795604105,-125.8748044186,-125.7772401295,-134.2565712758,-124.6606546892,-127.0215405989,-127.5222263835,-135.8343873137,-131.76643967,-132.4401057634,-137.6410582194,-134.5549352778,-124.7682040677,-134.2667000471,-140.3336666838,-127.2340962718,-128.5422191105,-149.5931295248,-134.5414560092,-145.045363129,-124.5679016678,-132.9053591619,-140.0987170212,-127.9452795865,-131.8474116396,-141.3883706495,-135.0092523715,-129.7725679055,-133.7431004647,-152.5274162964,-131.2513595099,-124.7365193104,-159.7390072061,-137.0821348662,-144.7362258809,-127.3412225362,-130.744224391,-132.6079438358,-129.9954398959,-140.2875593318,-125.8180549377,-127.2897845392,-125.8192842651,-149.4129992138,-141.2827323647,-130.0185267398,-141.479058197,-133.9582023289,-141.9387468548,-125.1655657631,-129.626104242,-134.7608587538,-129.4221286697]},"Time simulation":{"0":587.8752},"Time inference":{"0":1.5389}}