{"Parameters":{"0":{"Kappa":10,"Tau":0.0031622777}},"Positive hit":{"0":0},"Model0 ll":{"0":[-144.0340035489,-146.9108705254]},"Model1 ll":{"0":[-157.2197830829,-147.2247682937]},"SNPs":{"0":[1134984,1136180]}}