{"Parameters":{"0":{"Kappa":2,"Tau":0.0050118723}},"Positive hit":{"0":69},"SNPs":{"0":[496247,499586,498226,496282,496978,496866,498642,498195,496857,497772,499727,501067,498078,496471,497549,497827,499066,501170,496650,497933,494316,496741,497762,500375,500291,493012,496633,502143,496158,500090,499500,499192,502545,501203,499700,499223,492866,500254,495867,495722,497213,497229,498459,497521,496740,499351,499223,499703,497754,498992,497787,499355,498322,499379,496934,497712,497785,495384,495557,500490,495605,490103,497534,497328,494784,500725,496287,502238,498131,495672,499825,494889,498046,496148,496191,502133,496710,497589,501589,499169,499044,495707,499795,500598,497004,498079,499234,496615,495022,497487,499555,496758,500780,498216,500114,498442,496681,498451,497003,496948]},"Model0 ll":{"0":[-178.1607284067,-145.6991980087,-141.7547502752,-137.3249644311,-175.846965347,-138.1198093437,-159.4376806209,-142.1912313765,-178.5438623254,-192.4102339126,-135.8993634291,-168.8141063889,-124.351427544,-128.8278964553,-123.5997258251,-142.0235013942,-139.6516799069,-151.1022896673,-137.1686410208,-138.6515972791,-176.3266746531,-130.4665862539,-129.7766875616,-154.1016261743,-144.1691709551,-174.2012374612,-136.5463337828,-130.9843671963,-151.9698434757,-140.8016030021,-129.2448644419,-152.0827419352,-139.8841697194,-139.3032206409,-150.1434203685,-175.0778472545,-218.1686438176,-138.2735967446,-144.609358003,-129.8896628707,-157.6008107005,-158.8154995927,-151.0855243652,-131.8334019722,-138.7236508807,-135.4943680612,-125.8595527483,-130.9804917582,-132.8258213566,-138.8429383283,-145.8351647448,-134.222109733,-167.7192485775,-127.0572854459,-140.5099639955,-134.0697219353,-127.6286331458,-153.4384264021,-129.0108133101,-151.8149967435,-179.1509766472,-459.9936855051,-133.4373489084,-150.295940134,-142.1665737702,-133.5030720236,-136.8462870542,-132.0125517504,-173.4148532308,-138.2569078414,-129.3051091049,-204.5970006772,-140.9067751125,-140.6607759655,-153.1869740955,-130.2798169081,-146.1445547174,-146.2303948365,-136.799332729,-137.6341684115,-162.1543391605,-131.1605689865,-137.2417353852,-165.2679544092,-121.5362353951,-143.5048273139,-161.7738808492,-147.1926598904,-178.1916997053,-139.2849559427,-135.7010323259,-170.1013104505,-138.5116525046,-161.5367181177,-147.6971744346,-143.3662833545,-142.0839546888,-159.971296468,-137.99026156,-162.9984381534]},"Model1 ll":{"0":[-148.5649901456,-136.2767739881,-133.3921860561,-131.8571731722,-150.9583019529,-131.0980416561,-154.6053861057,-128.690757467,-154.9190282949,-167.7702627938,-132.1128244869,-158.0724183676,-124.3489165585,-127.5115069461,-123.5997258289,-140.8811489396,-130.8237924429,-151.1022896672,-129.6912970591,-133.147014156,-142.2124336492,-128.9322511876,-128.6039539821,-137.4662021607,-144.1488190245,-142.302303266,-125.7308431383,-129.4969027925,-146.7281015264,-140.8015736277,-128.5619290488,-123.8488674178,-137.6853666254,-138.9058101409,-150.1121604095,-164.2672965162,-137.5962752246,-136.9887533929,-133.2351918439,-126.9209649958,-137.6687235275,-138.6708545354,-136.6993234569,-122.1214406841,-138.262708815,-135.4803561408,-125.7366552274,-127.7482907877,-132.8258213601,-138.8429383251,-138.9395546309,-134.2221097362,-160.6533305109,-123.5782959436,-136.9022968788,-132.956739469,-127.5015452555,-135.0211234627,-128.5254746664,-133.2506636096,-160.1920578992,-156.3152321381,-127.8758242522,-142.4859268616,-129.6652887498,-120.7851565242,-123.7940145839,-132.0125517529,-126.8950438141,-133.823597937,-129.3051091021,-143.7426540225,-140.9067751147,-137.0995165836,-124.642535681,-128.3423193705,-138.150873746,-141.6805843209,-136.799332728,-129.7774614259,-145.2910123531,-128.9996130085,-128.5915758561,-147.6297219516,-119.8470159553,-128.8545861228,-133.4886307137,-135.5599139742,-140.3950994965,-139.2847605052,-133.1696074319,-143.7597130269,-137.7698359479,-138.8048427588,-146.8983908146,-128.8930508527,-137.2267004718,-142.2599375546,-134.1118883892,-159.0931465145]},"Time simulation":{"0":1272.7765},"Time inference":{"0":6.1221}}