{"Parameters":{"0":{"Kappa":10,"Tau":0.7943282347}},"Positive hit":{"0":2},"Model0 ll":{"0":[-75683.2540973992,-74694.2987674524]},"Model1 ll":{"0":[-263.3777053005,-161.8324768434]},"SNPs":{"0":[656650,651978]}}