{"Parameters":{"0":{"Kappa":2,"Tau":0.0001584893}},"Positive hit":{"0":22},"SNPs":{"0":[496459,495636,500445,497410,503459,499791,501512,496645,496850,499102,498780,501795,501745,502145,497525,500104,498523,499857,499228,500225,502565,501962,501316,497410,499353,500086,502269,500162,503463,500898,501222,500360,502755,498679,498974,498909,495512,500723,499062,496577,498683,499639,497221,494432,500162,503065,499883,501969,499468,503917,498627,501318,499796,497814,501621,499431,499759,499810,500989,499744,503589,496142,498179,499417,498689,502683,502560,501538,499111,500463,501785,499938,499855,499026,499671,501114,499746,498711,502511,502353,497516,498600,497146,499647,504239,498736,499510,501853,497749,500569,503364,497782,499268,501393,498384,501536,499724,500302,499196,499253]},"Model0 ll":{"0":[-138.6894781188,-151.9679641723,-131.8716395685,-203.9505736551,-142.3248861091,-159.6382024079,-122.1185894828,-129.7135834191,-133.3191183965,-143.2112846746,-134.1455481906,-145.3704127205,-135.3429033646,-144.3626009451,-137.7377088275,-134.5242338703,-130.555362872,-127.4328697572,-128.8558312415,-125.003931698,-142.8401291648,-145.945716043,-136.6684020617,-123.1049482611,-130.7907469587,-144.9497331695,-137.2121282636,-139.1869460799,-136.0834874876,-118.3576328589,-124.5736038965,-130.2252246627,-152.0594002424,-143.5562727403,-133.6571418501,-138.8628526187,-131.5724328014,-134.1452373931,-159.5974446926,-134.3636971044,-136.9826758258,-134.2074363236,-135.5384034239,-125.9829615672,-161.4900539423,-135.809561055,-141.0580463065,-158.2735223729,-144.065541408,-133.0727493277,-136.2661372725,-154.5626937509,-134.2524152838,-145.6541877822,-147.5535289019,-138.5927028036,-132.1531898034,-130.4635024703,-120.9952857828,-140.0305334549,-134.5283514448,-141.5839010314,-130.8735264984,-135.2583611613,-137.2538327578,-144.6079017544,-150.9275179761,-129.8845402096,-135.281843109,-155.6080890039,-138.3625595191,-149.0285251402,-136.6016732894,-126.8563347848,-144.7097223047,-153.4594409517,-150.1251485799,-129.7796717549,-138.8307386299,-139.9400208429,-129.6807205641,-140.8330542571,-135.3257543691,-119.7293162267,-137.5737003428,-136.9409483168,-161.5167118134,-156.2621620795,-138.6856280968,-133.47025272,-129.1899479057,-127.6144579479,-152.2754469374,-133.489356604,-128.455737491,-147.2306392977,-123.6017910933,-129.6675360787,-132.5743454799,-126.5211034073]},"Model1 ll":{"0":[-135.791517643,-151.9679629608,-131.8716395676,-136.4089221667,-142.3248861072,-159.2257469805,-122.118589481,-122.6900864502,-132.2350702589,-143.2112846681,-134.1455481869,-145.3704127226,-135.3429033612,-144.3626009412,-137.7377088275,-134.5242338673,-130.5553628775,-127.4328697541,-124.3950024787,-125.0039316951,-142.8401291652,-145.9457160473,-135.2221293027,-123.0197842596,-130.7907469559,-136.46971621,-137.2121282664,-131.6559707035,-129.7963770461,-118.357632856,-124.5736038991,-130.2252246625,-152.0594002407,-140.9597238971,-131.9185423884,-132.879197439,-127.0214763975,-130.620908884,-159.5974446896,-130.224253297,-135.7124314916,-126.9983124613,-135.5384034224,-123.1256392274,-161.4900539394,-135.8095610572,-141.0580463085,-158.2735223765,-144.0655414063,-133.0727493221,-136.2661372718,-152.2132920915,-133.4365684067,-145.654187784,-145.4442648059,-135.523472055,-132.0741634129,-130.4635024685,-120.9952857823,-140.0305334547,-134.5283514396,-141.5839010368,-130.7833153674,-135.2583611627,-137.2538327582,-144.6079017571,-150.9275179819,-129.8845402082,-135.2818431042,-155.6080890008,-138.2095191439,-140.7806798447,-134.5805985742,-126.8563347811,-143.1041069027,-153.4594409528,-150.1251485803,-128.8032102902,-138.83073863,-139.940020845,-129.6807205564,-140.8330542551,-133.6619703827,-119.5585725472,-137.459890525,-136.9407674216,-161.5167118159,-156.2621620719,-138.5729484672,-133.4702527161,-125.8585549907,-126.6417793889,-151.2730736154,-125.4669921184,-128.4557374935,-147.2306392982,-123.6017910898,-127.5846105592,-132.5743454751,-126.1274929054]},"Time simulation":{"0":1029.1328},"Time inference":{"0":3.7614}}