{"Parameters":{"0":{"Kappa":10,"Tau":3162.2776601684}},"Positive hit":{"0":0},"Model0 ll":{"0":[-112.4887027233,-143.493530799]},"Model1 ll":{"0":[-112.4887027239,-143.4935307965]},"SNPs":{"0":[113764,113040]}}