{"Parameters":{"0":{"Kappa":2,"Tau":3162.2776601684}},"Positive hit":{"0":21},"SNPs":{"0":[507453,507961,509628,507403,504309,507513,505700,510073,506511,504322,507850,509197,507331,503948,504655,506792,502991,506103,504826,506480,509580,507289,509214,509650,505743,507385,507799,505279,507959,506384,507957,508876,506636,505139,504734,505469,508416,501574,506939,505888,504222,504735,507194,507310,509211,506909,505287,508623,507569,507092,507091,510373,506833,508864,510348,508495,499789,509545,507172,509921,506870,507512,507190,511864,509745,506397,507717,504086,505475,505925,506075,507856,504410,505857,509233,509455,507298,504928,505239,504330,507896,504067,509485,507173,506665,505862,506489,504343,502538,505972,508553,510596,506876,510158,508292,505291,506676,507091,503582,502751]},"Model0 ll":{"0":[-145.6657896344,-143.3494947444,-131.9579294161,-123.2368614556,-141.9342949222,-146.6451874409,-134.9322668056,-141.6540695045,-132.6002029072,-133.0228681762,-144.9142284945,-144.2744388246,-146.6987193649,-145.6909616882,-133.7557432153,-122.4689765607,-196.8842381465,-158.3455501787,-140.8306903575,-125.1215134583,-124.3995312398,-150.6756819409,-136.1376579355,-147.7023333434,-169.8555957324,-136.171823097,-132.3487604954,-153.8711482043,-130.7338495717,-130.993810664,-122.2393599296,-148.9459153616,-124.1186462631,-134.6695198913,-142.5897481829,-134.4356681788,-128.3796450327,-142.1853451381,-148.5965313472,-128.5298260528,-139.6502560438,-133.7443260191,-152.0628015261,-140.5442486386,-139.15039632,-135.8503243088,-137.8553575621,-136.2691063598,-154.2654120421,-134.3854715007,-133.69134177,-129.1130267077,-150.3864065396,-138.3317793621,-144.9467286159,-136.576547041,-278.3352357589,-134.3238160822,-136.7754156264,-123.6984311526,-130.3333131608,-134.8840015642,-150.0750294441,-136.934891487,-136.5608905719,-165.1130930071,-145.778561364,-160.611110181,-144.3032189933,-152.1875558757,-146.4992760575,-142.2646161639,-138.3546511547,-135.6200066057,-122.0156762887,-129.6405329372,-144.1208528231,-121.7962913039,-127.8549207742,-131.221997969,-137.5607255868,-140.1024118729,-141.7969982874,-173.184890041,-156.5903204273,-143.0594043703,-131.6669184694,-127.5230543838,-136.6585203917,-133.2062597057,-136.5081406746,-149.5834537427,-159.7098474407,-126.2211409313,-139.2761079766,-127.8046764819,-144.9723676847,-152.8445966054,-149.2011858721,-139.4838176261]},"Model1 ll":{"0":[-144.3177506028,-143.3494947487,-131.957555324,-123.2077775367,-141.9342949098,-145.7601041305,-134.9322668013,-141.3167703517,-132.6002029076,-133.0228681744,-144.9142284845,-144.2725629702,-146.698719366,-130.9570155985,-133.7557432079,-122.4689765592,-134.0030016322,-139.6309164459,-140.8306903523,-125.1215134532,-124.3995312398,-150.6756819345,-136.1376579344,-147.7023333402,-162.0299073393,-134.9948041683,-132.1970561906,-153.8711481899,-129.5695613746,-122.9712371163,-122.2393599252,-148.5335689941,-124.1186462623,-134.6477500622,-131.0484937424,-134.4356681743,-128.3796450291,-131.242132936,-146.2416169754,-128.3669932188,-139.6502560457,-133.7443260177,-152.0628015153,-140.5442486361,-138.763754835,-130.2314446109,-134.8733751364,-135.7992690812,-128.8020491756,-133.6968516396,-132.9525845948,-129.1130267075,-150.3864065314,-133.9505380793,-144.9467286077,-136.5765470335,-129.3366877983,-134.323816079,-136.7754156209,-120.1019076895,-130.3333131552,-134.8337657816,-150.0750294458,-136.9348914828,-136.5608905636,-164.9164582406,-145.7785613568,-160.445556375,-139.5752203193,-152.1875558776,-144.4933728306,-142.264616155,-135.5348510079,-135.6200065953,-122.0156762865,-129.6405329352,-144.1208528257,-121.7962913048,-127.8549207727,-130.9785350692,-137.5607255873,-139.6921068555,-141.7969982913,-173.1848900236,-156.5903204238,-139.6338840426,-131.6666861391,-127.5230543837,-136.6465922545,-133.2062597074,-136.5081406681,-149.5834537361,-143.5781842745,-126.2211409326,-139.2761079761,-126.7309100076,-143.1408034023,-140.896463069,-148.3840273137,-136.8721688554]},"Time simulation":{"0":509.1773},"Time inference":{"0":1.1263}}