{"Parameters":{"0":{"Kappa":2,"Tau":0.0001258925}},"Positive hit":{"0":26},"SNPs":{"0":[494284,494952,493062,492533,493906,492178,491220,491262,493396,492844,493808,493626,493937,493866,493100,491264,490332,489938,494002,493758,493711,490911,488618,493181,493544,492183,490026,493742,493289,491467,493781,493098,496678,493326,492878,495238,488198,494592,491077,491879,492652,496026,493780,494800,492394,493321,493489,490961,491156,491151,490630,491414,491562,490289,493425,490331,497153,490222,491909,492755,491965,494739,492821,488297,495374,494843,491345,494226,495177,490840,493147,492800,493472,490789,496149,493246,495002,489355,493168,492879,492848,491685,489709,492355,493700,490849,495367,493692,493915,492764,492556,491059,489870,492632,493211,494420,493023,491707,490396,490843]},"Model0 ll":{"0":[-155.9628375385,-142.8595854407,-139.2427405172,-129.4850231167,-136.3941327464,-132.2418314409,-135.5496268057,-151.9469042073,-132.1251364056,-133.1698740607,-139.8857978543,-129.2170623399,-146.476960922,-154.4566005113,-131.202234042,-127.2126089352,-124.1071351657,-139.839580276,-125.7441098301,-130.1430530526,-156.0759487851,-128.4702193747,-159.477011518,-128.3110867087,-131.7860224079,-167.9402245458,-137.6201406026,-129.7924463423,-139.007547176,-131.0968443679,-133.8494778198,-153.0664356334,-134.9970481545,-166.8384736394,-136.564642766,-142.4086760654,-388.0294644531,-141.204474722,-133.1431817551,-129.2777575121,-142.9744578439,-129.2787498028,-138.0511873538,-127.3896198195,-132.3854115608,-138.057420053,-144.3038253561,-148.2533917642,-124.7388325267,-132.6533199193,-147.5720826326,-162.3468060094,-135.2921872131,-147.8473474792,-142.7891199287,-152.7850419605,-157.5310118519,-133.8009084335,-141.2617510162,-153.8105980912,-126.7939333684,-132.705358103,-124.3009446222,-165.1526369846,-123.3834485486,-125.5604271489,-155.2830717214,-129.8843910269,-141.459706501,-133.697226389,-146.7426261539,-127.3426549221,-147.530769874,-154.045277647,-132.9782990784,-149.4999739952,-150.6670195452,-134.9691195564,-141.1777488111,-141.5099989193,-141.8734976627,-138.7011908955,-145.0584005989,-175.482512475,-133.9878658826,-154.9835026214,-128.5205856483,-144.4231254494,-144.0507183092,-131.9184008717,-126.7543391399,-130.0592984435,-154.4894646346,-144.7798887925,-143.6342291721,-127.8729201655,-134.265321247,-130.5290231632,-139.0282988055,-147.3964096021]},"Model1 ll":{"0":[-155.9628375303,-142.8595854344,-139.2427392944,-129.4850231159,-136.3941327405,-128.9879316983,-130.1677985041,-151.9469042065,-132.1251364065,-131.2156566009,-131.5206503332,-129.1829634704,-146.4769609216,-145.2447783543,-131.1563704405,-127.2125971355,-123.4108076339,-139.3404043559,-125.7441098297,-130.1430530487,-156.0759487778,-128.3302336698,-156.3858669312,-128.3110867032,-131.786022409,-164.3844536896,-137.6201406074,-129.7924463451,-139.0075471751,-131.0968443656,-133.8494778182,-132.4268935463,-134.8235212111,-166.8384736425,-136.5646427612,-142.4086760626,-154.5192604189,-138.1722540953,-125.350934944,-129.1753713251,-142.9744578421,-129.2787497983,-137.8031794385,-125.7664466687,-129.698507474,-136.4930540982,-144.3038253525,-148.2533917643,-121.4711524751,-129.9390108561,-147.5323525597,-162.3468060061,-135.2921872098,-147.8473474838,-142.7891199315,-152.7830407369,-157.5310118543,-132.9451777758,-138.7641468716,-139.6599928164,-126.7939333627,-132.6881049829,-124.3009446183,-131.2585436283,-123.3834485482,-125.5604271476,-155.1402955871,-129.8843910285,-141.4597064998,-130.1442339851,-146.742626144,-127.3426549187,-147.5307698767,-139.8940612719,-132.9782990781,-144.1658873816,-150.6670195469,-123.9163249665,-141.1386065909,-141.5099989218,-136.9409547583,-138.7011908998,-133.9512244544,-175.4825124613,-133.8234480844,-154.9835026149,-128.1068134198,-137.5291924729,-143.6150081901,-131.918400876,-124.7378258881,-128.5967717838,-154.2167550399,-144.7798887936,-143.6342291704,-126.9721793983,-134.2653212418,-128.2731089721,-138.8689866489,-146.6674090306]},"Time simulation":{"0":1253.3509},"Time inference":{"0":5.7917}}