{"Parameters":{"0":{"Kappa":2,"Tau":10.0}},"Positive hit":{"0":68},"SNPs":{"0":[495879,498891,494391,492630,498406,495237,497557,494071,493152,494028,498019,496667,497305,495284,493954,493171,495199,494334,496079,493247,499190,495443,491492,494351,496454,494738,492796,491832,494879,490628,498562,495941,495402,494966,496633,496481,495856,492000,496167,490184,494871,496702,493550,494870,496681,495642,496792,497132,494177,495148,495102,494471,494373,493006,491742,497172,497011,496377,493856,492753,500202,492450,497409,495266,493040,494004,493830,499926,496832,494035,497627,492181,493343,492696,494103,496215,488245,494572,496603,499539,498045,498204,493395,493792,494974,496297,497372,500235,492140,494144,493483,492375,494225,494226,492774,496928,496049,494920,495960,495016]},"Model0 ll":{"0":[-133.42621701,-159.1563116609,-136.5333672266,-135.0109482075,-156.1503846268,-130.4739253965,-164.6146757276,-146.308071425,-160.6625394178,-138.6324838228,-122.5196741379,-134.8419022872,-132.5320438821,-141.7663659427,-140.8581616737,-162.3209906198,-162.7594716484,-138.5852491315,-143.4609430611,-138.7254663944,-150.3184931497,-163.2912473278,-155.6800046228,-154.3573765219,-142.1646146513,-164.0742063547,-149.317708075,-132.3648336379,-138.5480295257,-237.4637175982,-138.9220332727,-129.7171430229,-139.8020441025,-161.986056433,-133.5292780567,-144.2143009288,-125.317509297,-151.5164960133,-146.6605349534,-166.4641355366,-130.6487255328,-143.7665159264,-133.9871502074,-126.0824084837,-132.6368282527,-138.7084358544,-144.4717863049,-144.3251602451,-145.7351051395,-136.146378245,-145.9862672181,-138.089653635,-139.6418195897,-133.855095742,-174.7939744494,-133.3399513587,-136.1823360123,-140.3617893643,-152.850320779,-150.9350819071,-133.0033871517,-135.0562241415,-138.7053000492,-138.4271397689,-157.427837552,-155.4764034638,-154.4206818876,-138.2011776358,-146.5445241292,-140.9654886716,-128.6000272265,-154.5476753856,-149.8162879264,-153.2267620642,-161.8776580373,-132.4928315478,-331.1612134287,-175.2897662663,-142.0055671568,-140.1895182492,-158.3206866038,-129.1143650188,-133.940997922,-134.9594167601,-147.1735413816,-139.6055880562,-138.5753474954,-153.5548543507,-183.1104648167,-159.804611839,-156.1329927944,-134.9060241834,-151.1314300535,-131.2129100859,-126.1124090434,-127.3536954753,-139.7998388681,-129.8580068021,-147.1410106177,-145.8188561243]},"Model1 ll":{"0":[-133.426217011,-159.1236295485,-133.3046435744,-132.5009164508,-156.1503846254,-127.6240523396,-152.093655831,-139.3555265834,-137.6747640587,-132.7415210043,-117.6255726202,-129.6352274681,-130.9361494813,-136.1437811784,-140.8581616675,-137.0642588309,-152.6505238414,-129.2031450135,-135.5947222997,-138.106072588,-139.9368530661,-140.1425398166,-130.0267043897,-140.5295325493,-135.025915629,-136.0163766801,-130.6232373242,-128.7600721575,-137.4675528482,-140.7022124191,-132.8081415016,-129.7171430225,-134.054011632,-146.6677240058,-133.5292780506,-138.3223598549,-125.3175092938,-131.1398442672,-141.5299296701,-137.4641890087,-125.9894937972,-143.2046906365,-131.5703953603,-125.441433552,-131.5635365644,-138.6249687817,-144.4717862984,-139.1423267937,-145.3917516617,-125.0358631778,-140.5144632758,-130.9549593344,-124.7031778,-125.9883290997,-159.1003156339,-126.9113882716,-125.4172599242,-139.4583086093,-152.6333996588,-147.4071960328,-132.7792893562,-126.6207258439,-133.8558337867,-133.2165328533,-130.3982575083,-132.9994444542,-133.4092674994,-134.6541167563,-137.4468587006,-124.4638337895,-128.4348458956,-135.3216106168,-140.2673959688,-150.8193154298,-160.7168535637,-130.5905411246,-133.0737092464,-161.6943818819,-137.8248639278,-135.2644525467,-146.2458214904,-128.4425560662,-132.1957201691,-133.4535739408,-147.1735413745,-136.9254471883,-137.8077945876,-145.7017500128,-153.6094616038,-147.707985153,-142.8306996023,-133.2282922396,-140.7925601742,-123.6066083037,-118.1677938012,-127.3472984696,-138.342813201,-129.8580067924,-145.8359644847,-137.1661172053]},"Time simulation":{"0":623.856},"Time inference":{"0":1.4999}}