{"Parameters":{"0":{"Kappa":2,"Tau":0.0039810717}},"Positive hit":{"0":59},"SNPs":{"0":[500098,495905,501958,497369,498987,499126,496922,494607,495654,499136,499574,498552,496313,498594,497987,499242,495791,495479,499381,498657,498139,497527,498370,496791,497052,499578,497273,500343,499555,495306,495523,495282,500660,499963,496869,499619,499335,496175,498747,496968,494703,499772,498433,496836,498533,497091,496293,502302,498909,499361,496042,498500,498827,496760,497347,497887,497508,498186,497254,498997,497485,497487,496944,500066,500861,497538,497696,497306,502171,499807,496063,499101,499933,498583,498121,498117,501278,496310,498827,500020,495499,496670,500690,502010,502441,501122,498213,497309,494308,501462,498126,496405,499543,499881,499978,493451,499978,497685,494256,500285]},"Model0 ll":{"0":[-133.4995587484,-186.2278001117,-142.692639209,-134.6463203168,-132.1928448491,-169.6293876183,-213.8047696924,-167.9557703426,-175.8902190422,-140.1377873327,-130.3427533098,-142.0069146981,-155.9214295032,-163.4900418163,-157.4871801376,-147.8895981986,-139.3519597658,-184.1744103704,-141.9161733163,-144.2412356566,-133.6118802081,-124.6659412322,-143.675674249,-148.4973519309,-145.1382054355,-137.7866150246,-163.3811930446,-173.1359162845,-182.1211608804,-141.0139760042,-139.7457507701,-158.383855321,-138.3313901885,-139.5421907327,-151.6914206988,-129.6536701904,-139.3971434573,-154.3292608096,-134.5200046055,-167.6172220236,-184.3660282446,-132.8665010173,-127.9486001041,-144.3932741898,-137.0774033875,-126.6996951212,-133.6958975917,-140.3204647583,-135.7537441709,-144.1392368047,-137.6464951344,-135.5932887563,-129.8747727222,-178.5588399639,-132.7191918294,-138.3652192979,-134.9442337866,-136.4639260911,-181.6530315611,-150.9170495438,-137.6123735596,-169.1553668643,-151.8134858498,-129.5395454115,-155.3356967009,-141.8465210654,-159.1240029549,-128.8428309626,-150.7033734001,-136.2763908409,-166.6965634938,-156.012029735,-138.463950078,-144.3273522137,-129.8462404457,-139.2056865866,-130.575416947,-152.5866028786,-135.3093712928,-124.3618064373,-145.1581166699,-157.9305756144,-137.1057993272,-133.4888624724,-140.1677367921,-136.1171025429,-134.6611239042,-167.8752072888,-149.8914482026,-136.1189560113,-130.5754864795,-153.5739553225,-153.5393101231,-136.9430742131,-150.333097973,-162.539904888,-134.3891000693,-147.0065965019,-162.708295838,-139.4158194162]},"Model1 ll":{"0":[-128.5401930153,-144.7661194873,-142.6926392071,-133.4368186601,-132.1928448451,-144.4298206832,-133.0599736758,-164.4650346596,-128.2159979858,-136.0007879655,-130.3427533112,-128.1924863946,-148.0705272727,-133.3297828755,-157.4871801381,-147.889598204,-130.4807734194,-150.8162267344,-127.2830468145,-144.2412356461,-133.6118802017,-124.5961875937,-142.4447664922,-146.6574796571,-140.3577474284,-135.1211117737,-152.8374418612,-154.3165154626,-144.8133806309,-123.9250163581,-138.3939694468,-126.1471473092,-138.3313806797,-139.5421907352,-146.5972300535,-125.5240426565,-137.9880766366,-142.8782883514,-134.5200046021,-132.8636768964,-133.3041010257,-131.5107146347,-122.8929190282,-136.7640582149,-137.0774033897,-126.6846105808,-130.9721363086,-140.3204647572,-133.1221450145,-140.6520039012,-136.3978948411,-130.1316347743,-129.8747727216,-173.6025718847,-127.9404514479,-135.5971707462,-131.9303271729,-131.3977025375,-154.7522355855,-150.8067125769,-123.6705823972,-140.5436250659,-133.4757005933,-129.2851700103,-137.9596315536,-130.0642115348,-159.12400296,-117.376951344,-150.7033734011,-134.7727020197,-145.1656021275,-156.0120297302,-138.2954166498,-127.4225363218,-129.7419984575,-139.1889879816,-128.401958237,-141.0381128952,-135.3093712896,-121.4559259226,-144.308274562,-152.6937801103,-126.1094852927,-128.5637899913,-140.0075760319,-136.1171025424,-123.5983168601,-135.2293452221,-124.1814300626,-136.1189560103,-130.37546651,-137.6947153699,-141.6745000041,-136.943074217,-148.8442704728,-136.6520277599,-133.5742492737,-137.315196141,-126.3348439272,-139.0477124097]},"Time simulation":{"0":655.6247},"Time inference":{"0":1.3779}}