{"Parameters":{"0":{"Kappa":10,"Tau":12.5892541179}},"Positive hit":{"0":1},"Model0 ll":{"0":[-114.2097857814,-146.9740272343]},"Model1 ll":{"0":[-116.6415876168,-130.6153321432]},"SNPs":{"0":[116969,113841]}}