{"Parameters":{"0":{"Kappa":10,"Tau":0.6309573445}},"Positive hit":{"0":2},"Model0 ll":{"0":[-67328.0885059583,-67300.0638925307]},"Model1 ll":{"0":[-155.4318875784,-197.1306154722]},"SNPs":{"0":[715904,713073]}}