{"Parameters":{"0":{"Kappa":10,"Tau":10000.0000000002}},"Positive hit":{"0":2},"SNPs":{"0":[506174,504746]},"Model0 ll":{"0":[-161.4842644413,-153.708565311]},"Model1 ll":{"0":[-145.2151894865,-146.4655040283]}}