{"Parameters":{"0":{"Kappa":2,"Tau":0.0794328235}},"Positive hit":{"0":100},"SNPs":{"0":[504610,504540,504865,499987,504193,504148,505516,502308,502885,503569,505280,506421,502456,500285,505830,504124,506800,504325,503067,498926,506144,504432,503779,504954,505296,509069,499560,505736,500244,501714,501491,504574,506306,507278,502841,504677,506352,507609,502831,502572,505035,508794,506393,503899,505170,503594,504697,504675,506328,505573,504551,501554,501957,504314,509219,503745,501313,503598,506020,502915,505132,505839,502215,505503,507015,501530,507337,505358,505363,503450,499322,507545,501717,502961,504730,501871,505687,502157,506387,500795,507350,502498,506911,500929,504729,503062,503987,506657,504771,506154,504984,500812,504782,502304,505176,504043,503731,509071,504226,506015]},"Model0 ll":{"0":[-1181.4969484694,-1225.9416597274,-1540.9720287636,-1486.012427667,-1154.5797714936,-1029.2202378425,-1244.2227102486,-1134.4223905,-1065.8177397828,-1126.4569251759,-1112.7264325642,-1145.1106738769,-1208.4784651246,-1308.256367596,-1327.0852656916,-1103.1179423486,-1366.3684035887,-1082.6254751961,-1402.1720531999,-2046.8593714202,-1404.5718537483,-1225.9536834382,-1220.7155414688,-1004.041314288,-1079.0411384797,-1356.4372585913,-1340.2261173651,-1418.4981107164,-1403.3952661854,-1236.2912569302,-1378.9774862154,-1451.3951676785,-1001.8929736115,-1156.0125941565,-896.0755430435,-1154.8328663788,-1141.5644603978,-1166.1320577713,-1390.7038636588,-1243.3663942283,-1101.6734235462,-1125.9906952309,-1030.2630233011,-1478.7669225383,-1131.0852961899,-1131.9011620023,-1235.1595933092,-1295.7681734181,-913.6176083839,-1313.4126948668,-1314.9224763743,-1204.5847890765,-1474.9976491315,-1263.3454256975,-1194.7338738883,-1340.5720075918,-1518.3475862245,-1105.4610824801,-1054.3750919387,-1058.2713434154,-1127.6049483801,-1053.9945627019,-1295.5212330775,-1172.8255859497,-985.1907313351,-918.3691908238,-1257.9663488771,-1348.9711786072,-1257.9152630655,-1077.5812291719,-1387.1258890864,-1215.3726625254,-1547.2674024267,-1193.2269555573,-1310.9312060914,-1270.5122651449,-1366.8395792922,-1299.7235301583,-1168.1316940171,-1397.105882296,-1045.0007678184,-1120.3979552053,-1299.6088242166,-1512.7490653835,-1108.1612866803,-1097.5753922523,-1430.0375267313,-1067.6480211403,-1047.371563022,-1366.1889325696,-1312.8717434522,-1340.5485292664,-1222.5369268226,-1255.6872530669,-1252.7189480992,-1055.3969452156,-1287.451081994,-1044.3366655352,-1319.0672332462,-1131.1968719144]},"Model1 ll":{"0":[-157.7582513371,-138.4329439941,-142.7674733223,-148.1470938558,-141.4915132951,-141.6481276754,-185.7548659793,-130.1038322809,-134.6720232333,-184.5926875485,-143.1061439183,-157.9898987801,-121.2176388753,-147.8467510306,-141.4731320254,-150.6564621481,-133.4759279085,-127.4513774318,-151.5347274017,-132.8828607206,-175.8391965264,-139.0258518275,-143.4400782623,-125.0382512461,-150.0794635374,-147.5148420977,-146.7622850807,-140.2917858728,-151.0665017661,-131.1561983632,-154.4186456885,-153.7916463204,-148.8686790797,-132.1589885984,-149.6055571321,-126.594785172,-141.3280079632,-142.0343320092,-152.6419047055,-144.1767450526,-142.6501986644,-143.6979773222,-132.7104308858,-141.4921621045,-148.4412247557,-137.8489037555,-153.5856934775,-169.1412586251,-144.3609422894,-134.6610012122,-145.786502162,-148.2647299931,-139.303204811,-146.933497279,-133.9298718823,-186.6310029219,-141.8247264809,-123.6527563627,-144.4741506388,-152.4473353721,-136.9872617385,-125.3879278093,-127.4859804129,-153.0169306526,-151.5594387842,-129.830134473,-132.319685039,-142.8444425413,-126.8503025334,-136.5501899563,-124.9100987697,-169.8371770175,-133.6093838787,-140.4928680051,-141.3051175992,-151.7360766378,-165.3922822005,-172.1998268754,-147.9071952593,-163.0506445073,-131.1129688347,-145.0117813284,-138.852539095,-129.3930028124,-168.0213739462,-136.6545392846,-148.7110859442,-143.4774472645,-144.9378431682,-149.4812912104,-171.8247155553,-128.0948593026,-131.5149946291,-156.7434735053,-155.2641539387,-158.3740857117,-140.0401440059,-137.6243835371,-156.983416419,-131.6366829805]},"Time simulation":{"0":716.9878},"Time inference":{"0":1.3619}}