{"Parameters":{"0":{"Kappa":10,"Tau":0.0006309573}},"Positive hit":{"0":0},"Model0 ll":{"0":[-137.8391875022,-153.4080781212]},"Model1 ll":{"0":[-175.1109678302,-338.5608372396]},"SNPs":{"0":[1135013,1135521]}}