{"Parameters":{"0":{"Kappa":2,"Tau":2.5118864315}},"Positive hit":{"0":100},"SNPs":{"0":[501682,505358,504205,502749,500541,504046,502194,501317,502312,499260,499385,500120,504169,500572,502657,498723,500381,500925,505093,503142,502236,505774,502486,501272,503857,501546,500080,501235,503421,504728,502181,503707,502280,503751,504328,507282,503785,502409,499670,509069,498301,501033,501222,499464,505202,500214,501712,500546,500343,501775,503556,502140,504071,504457,499790,506025,504958,499298,502950,500801,504841,500922,498515,500606,503740,499925,503185,502459,500989,504482,502547,503403,500448,502422,508568,503148,503936,506341,504627,498738,502294,506691,501853,502141,500515,503842,501521,500411,502383,503293,502195,504027,501533,505934,507709,503681,501788,504419,501515,502389]},"Model0 ll":{"0":[-6008.0713095189,-5361.1473207018,-6059.1766149623,-5854.543311463,-5844.6543617087,-5814.4189342745,-5712.9818583863,-5838.2254828309,-6094.2165442441,-5534.6233206676,-5669.2301013841,-5856.469813164,-6397.7705258046,-6123.541351112,-6298.5516644215,-5371.6436968604,-5829.8548273187,-6042.9609127701,-5313.7911360083,-5963.7213098709,-5695.1828988109,-5567.8407020922,-5844.8593549993,-5683.0869218817,-5982.3294907237,-6036.0941146169,-6118.1929721336,-5941.2408338081,-6034.6868226587,-5654.6298835682,-5894.0408929623,-5787.2309154457,-5890.6860429461,-5548.8819801836,-6477.7696768186,-5577.5082835039,-5576.0936752686,-5925.7817225215,-5539.1811166387,-6108.1302548884,-5677.1758870121,-5797.0548370234,-5992.6554769792,-5851.1524987308,-6385.52824535,-5990.3210526227,-5741.1623942816,-5757.5830887514,-5904.3393139245,-5906.2601618661,-5894.9575142176,-5907.7546917108,-5738.6105103962,-5730.5659789139,-5513.854754842,-5979.0849108507,-5422.7490561509,-5718.2365941105,-6036.88592325,-6185.7986977117,-5911.2936817272,-6004.1221688045,-5830.221084998,-5746.2690041142,-5630.6086958034,-5863.7940226965,-5877.3828050776,-5740.4650760979,-5798.3129448244,-5556.2812614388,-5498.7669889368,-5905.6212030446,-5566.7460917123,-5696.3188014875,-5636.6692636572,-6013.593086775,-6051.8201377625,-5702.3729615188,-6028.6453417276,-5527.3019459365,-5667.1332196634,-6188.2979307543,-6202.5541857997,-5731.0319108502,-5862.5863654114,-5876.7861600886,-5813.986045375,-5295.5873705647,-5840.0341249194,-5418.9461213334,-5663.6676725882,-5747.5810914023,-6010.9332200713,-5679.0338785506,-6048.7172142672,-6008.3101038426,-5926.8530251007,-6010.9438218055,-5469.8626402445,-5547.404940559]},"Model1 ll":{"0":[-151.3126931833,-165.7923245781,-205.8255765246,-150.0125874398,-129.970565589,-157.0852515518,-148.8903065669,-229.6669902215,-157.6665960961,-145.2831239444,-154.6611079449,-148.6116575677,-183.5886266377,-202.2072613068,-204.3095805495,-155.3702732211,-143.3589639372,-189.3232700858,-153.0807089754,-176.4758715845,-222.5712861105,-176.9818202487,-165.007754488,-191.919191783,-179.7023385369,-164.7318296701,-211.1390842771,-173.4980210171,-166.2885160446,-156.0352920898,-191.8654091112,-174.2076954971,-148.214902704,-149.7958231008,-198.3191823758,-153.5942452377,-138.5030984211,-160.3858222464,-165.8722687754,-148.8096199029,-161.4350924728,-160.7979591615,-149.4363303075,-163.6856667457,-201.2695206358,-180.1498015923,-163.6726625283,-174.2892165115,-136.3228889297,-136.3648502441,-167.3883984945,-152.8165389215,-159.8751028834,-201.4981801556,-134.8336687177,-186.9498052158,-158.4532414642,-136.9357988119,-154.6378162426,-174.6250827449,-159.4392350469,-198.4838561365,-211.2958387492,-144.3447809997,-192.0214878457,-133.8779555095,-157.2508540852,-203.2056525128,-186.7859123854,-150.7768772309,-175.66769583,-158.9541242596,-165.4641841355,-134.7088861898,-181.9856307054,-155.3030786107,-158.1039746721,-180.9096881735,-148.5017528668,-151.9809269815,-159.1213934079,-134.4493886668,-173.1592285236,-188.0115839808,-188.7951041816,-150.9425955817,-162.9997756576,-131.3833038992,-139.6847024337,-127.2663515096,-155.4882409482,-161.6534740518,-156.2901275001,-133.9717618564,-165.877787651,-176.9585416262,-162.4112470145,-319.6153162468,-164.918186048,-175.4634781075]},"Time simulation":{"0":1153.0032},"Time inference":{"0":18.9225}}