{"Parameters":{"0":{"Kappa":2,"Tau":316.2277660168}},"Positive hit":{"0":23},"SNPs":{"0":[505934,507165,505693,505029,506814,510972,509855,508416,506481,511402,508509,505674,507085,506307,510445,505556,505961,508153,506765,505304,506270,503084,504868,507247,509436,507646,504337,507194,507364,507259,507258,503209,508559,505698,507777,507178,503704,508094,508216,506023,507707,504387,505914,508042,508788,505715,510104,508888,506919,504766,505333,508853,505458,506170,505897,503148,508204,507816,507781,507381,506112,504466,506461,510231,511927,506009,508680,506849,507440,507804,507247,506379,507312,506546,509202,509057,505997,505490,508574,508320,507845,507988,505684,504595,508211,507717,506578,509835,504850,507680,507400,504815,507309,508261,508050,507762,511241,505108,506021,507093]},"Model0 ll":{"0":[-140.0326615574,-147.3818623586,-136.704154987,-127.1854178248,-125.922860108,-143.0712803156,-132.0935360235,-143.9948996109,-149.585676566,-130.6476136636,-158.4545476047,-122.2364113413,-148.5168906261,-135.1939707518,-138.5959582647,-127.625502714,-145.083892163,-127.0236191034,-129.7897626025,-136.6458213177,-136.2422409981,-137.6090247083,-129.8206581588,-143.6464155838,-144.7918145359,-143.0621411437,-138.041767032,-126.4535089999,-128.9740731345,-130.8300133412,-173.6839746245,-142.6239539839,-129.2375149372,-154.0643931264,-130.96181923,-137.2586472667,-135.4155164176,-132.1603090105,-124.7415414845,-140.9230656874,-131.6825954971,-119.7206687689,-131.0902198483,-122.0869376589,-127.0018127338,-144.0156290653,-143.7024785905,-147.7393699724,-149.0281158941,-144.0037925922,-136.6687753061,-152.4491013533,-152.6307785394,-136.6572950768,-135.0541839087,-132.3661521012,-123.0072821794,-140.8503054876,-150.3901066745,-150.1087865178,-125.8795485226,-159.2256523021,-129.1704572671,-131.5077752009,-124.5688579479,-142.5209577052,-139.3433547711,-124.3559152454,-130.783271348,-121.8703137236,-142.7224636457,-150.3837553789,-147.2768269513,-136.4806705798,-141.7123657738,-125.5519110629,-142.5248145652,-148.2358284284,-137.1832208808,-131.237422091,-133.6035314726,-132.3859151491,-146.02368165,-156.8399795789,-162.8943750816,-137.4107257855,-132.4594533344,-147.697977897,-147.7776379957,-127.2583580067,-134.4013164259,-125.6706275819,-139.5239696463,-142.7826489704,-138.5103685904,-133.5918512545,-129.3768608816,-143.6110449618,-139.445526703,-130.8884476594]},"Model1 ll":{"0":[-138.2981128333,-147.381862354,-136.7041549879,-127.1854178263,-125.7158199974,-143.0712803195,-132.093536018,-143.9948908346,-149.5856765565,-130.6476136628,-154.4168562585,-122.0615431129,-140.8650138029,-135.1476832056,-138.5514934745,-127.6255027155,-145.0838921585,-127.0236190985,-129.7897625942,-125.9741909393,-136.2422409929,-125.2915850152,-128.545069273,-142.977131309,-144.3343893343,-141.1503834557,-137.7555718481,-126.4535089961,-128.1733967165,-130.3288599476,-173.6839746133,-138.01304047,-129.2375149372,-154.064393127,-129.7660243231,-137.2374861323,-132.1551950693,-127.1204306549,-124.741541482,-140.9230656786,-131.6825954948,-119.7206687687,-131.0902198521,-122.0428850105,-126.0417785733,-144.0156290556,-143.7024785923,-124.979803818,-149.0281158951,-119.9509070977,-136.6687753023,-152.3892557364,-152.6307785161,-136.134130103,-127.8756468857,-130.1719921395,-123.0072821822,-140.850305481,-144.9837781278,-140.5913136375,-125.8795485181,-159.2256522969,-129.0745993449,-131.5077751979,-124.5688579455,-137.8322806495,-138.6583978107,-124.3559152489,-130.7832713516,-121.7644599312,-142.7224636404,-149.8875012339,-147.2768269431,-131.4793631425,-141.7123657788,-125.5369449448,-138.3109465936,-142.4254677497,-137.1832208735,-131.2374220925,-129.1606377711,-132.3859151444,-137.1352270342,-155.8237504957,-162.8914135458,-137.4107257893,-132.4594533335,-147.5264994274,-144.4637702749,-126.8011132491,-133.4049397407,-122.7735731086,-139.52396965,-142.7826489686,-134.1417731202,-133.5918512512,-129.3768608791,-143.611044963,-135.5804140425,-130.8884476532]},"Time simulation":{"0":671.3899},"Time inference":{"0":1.3747}}