{"Parameters":{"0":{"Kappa":10,"Tau":31.6227766017}},"Positive hit":{"0":1},"Model0 ll":{"0":[-120.329963717,-117.6174728148]},"Model1 ll":{"0":[-118.3054757741,-119.5393035168]},"SNPs":{"0":[114915,115279]}}