{"Parameters":{"0":{"Kappa":10,"Tau":794.3282347243}},"Positive hit":{"0":0},"Model0 ll":{"0":[-119.2611202321,-112.29038084]},"Model1 ll":{"0":[-122.7315825204,-112.2909202514]},"SNPs":{"0":[112496,113359]}}