{"Parameters":{"0":{"Kappa":10,"Tau":1.995262315}},"Positive hit":{"0":2},"Model0 ll":{"0":[-63448.9452712976,-65154.6941723449]},"Model1 ll":{"0":[-235.6852213372,-258.4548001312]},"SNPs":{"0":[401782,403637]}}