{"Parameters":{"0":{"Kappa":2,"Tau":0.316227766}},"Positive hit":{"0":100},"SNPs":{"0":[500981,503032,503491,502406,502394,503129,497838,500316,501869,502640,502463,501083,503158,493222,498020,503180,504313,501313,505434,500715,499820,503008,502310,502676,499327,501150,503985,506817,498669,502338,502350,502551,502747,501543,502145,502189,500555,504313,502175,502306,505025,503372,500675,501256,503627,506274,502706,502114,498434,503210,501196,501406,501192,505417,501309,499681,500009,502277,501055,502541,501639,502663,503997,497807,502141,505065,505041,504068,500565,506736,502296,504076,500469,504054,501322,500031,499062,504667,500566,503796,499441,500798,498438,503093,503026,504051,500914,500749,501987,501424,501811,502951,505632,501294,500527,503344,501217,505248,504057,501599]},"Model0 ll":{"0":[-5167.9580688903,-5509.7954649895,-5718.3224935421,-6001.791162745,-5660.1325542216,-5369.6422937384,-6183.2099255895,-5559.2321602751,-5749.2588521281,-5647.9255455662,-5678.2811011291,-5936.8964839189,-5483.5694109244,-6900.0385704996,-6066.6721211129,-5673.8113901541,-4893.3724327857,-6011.3302036564,-5766.5596988651,-5722.8163725881,-5645.8472856308,-5960.1081110433,-5845.1527151205,-5555.2505160227,-6251.1602815944,-5842.7473491754,-5090.703411158,-5315.0250050241,-5865.305173801,-6454.5175256598,-6368.4904017102,-5555.8361668869,-5843.6300644204,-5492.250518216,-5701.4156587508,-5511.6464261874,-5914.2348584591,-5740.6805920849,-5631.6704393724,-5801.6077310863,-5684.8028638962,-5417.0872099269,-5993.1371429879,-5744.6696463989,-6020.4565042255,-6308.7174231453,-5753.2959559437,-6046.7034978162,-5696.2754565939,-5333.8581354848,-5598.1742241073,-5579.4360068503,-6163.2810674382,-5735.1279996841,-5560.9289546287,-5550.9107052016,-5345.6502383429,-5043.8522421098,-6035.1954564641,-5853.1818118742,-6207.8594140383,-6051.8680053824,-6123.334752294,-6101.3771535313,-6200.7834261911,-5555.3031536315,-5594.0357285204,-5626.217042233,-6027.5438324767,-5529.0065711358,-6166.5029904657,-5052.8447522342,-5890.2003432006,-5916.8843740554,-5090.0018378614,-5578.161198299,-5908.8581232392,-6099.0561750649,-5375.7607709939,-5626.2137424284,-5744.9660574026,-5600.8867906377,-5789.2933870299,-5344.160866071,-6038.2170594956,-5747.54564308,-5490.6678678878,-6082.420193689,-6163.6136609977,-5611.0969744283,-5784.2170391485,-5712.0543521802,-5531.6635033956,-6448.5539285707,-5881.7780629372,-5540.2755903459,-5896.4261474402,-5514.4344397752,-5797.2768282523,-5748.1151031585]},"Model1 ll":{"0":[-519.5758461137,-533.5337230891,-506.8399861558,-623.8529977437,-446.1812565454,-475.3121850631,-564.1173373615,-559.2213586267,-513.8355895517,-438.9959122054,-623.35254153,-548.6639083898,-484.6458455989,-416.1783568826,-544.0084710546,-581.281919726,-545.7511520684,-530.8028179791,-645.5363507105,-507.8058937674,-430.0834523936,-610.2276137342,-459.53645071,-515.8533395416,-404.6979574372,-486.4169915032,-592.9589703378,-493.0969876042,-471.9660123244,-549.5577911194,-521.1899466439,-426.6805243743,-502.4650078854,-544.2168202933,-471.4585186728,-505.3257212386,-538.2329599158,-486.2298873688,-442.3111635857,-447.3540510338,-481.1013970124,-607.0385847733,-521.3238197841,-368.8032598271,-675.2600684276,-497.3143485364,-459.5431880162,-583.3624128758,-630.3934130093,-495.4543540202,-504.4308628249,-486.7575006428,-537.9689169625,-501.2324139647,-524.3856613251,-494.9052635039,-564.3251362032,-517.9282706553,-521.7432445125,-544.1514797729,-478.5186484302,-489.604388676,-438.99977437,-602.3887648326,-363.1463432605,-503.6114154448,-469.9269821702,-535.699558602,-667.1608274553,-535.7350593358,-486.2158125541,-468.1114763853,-379.7016912002,-423.0894647639,-589.2913737947,-496.5174708289,-425.7704927066,-605.6337050846,-485.2393465908,-542.5111058088,-557.5778759441,-496.9115300074,-589.9488170224,-460.658328489,-581.2205251593,-510.4480837314,-568.8938158305,-485.5817155638,-521.9023587581,-564.2995004125,-483.9445781009,-511.3795747972,-551.5837779564,-403.0410498964,-433.7379433997,-414.1153040897,-582.7232016237,-511.502498481,-652.7225435443,-588.8248688714]},"Time simulation":{"0":1540.1369},"Time inference":{"0":5.5018}}