{"Parameters":{"0":{"Kappa":2,"Tau":10000.0000000002}},"Positive hit":{"0":27},"SNPs":{"0":[500548,503553,507459,508967,505177,502599,509527,506578,507154,505884,507210,504978,510832,510097,506269,507138,507449,506917,505672,506233,506668,503551,507473,506120,504477,508857,502467,509279,507522,503174,504708,505365,504957,509358,505263,506942,506880,506222,506875,508134,506816,507124,506556,508988,503971,508073,505935,507506,506781,508158,505133,508323,506838,507695,505258,508714,506473,506300,509645,506400,505631,506985,506753,505481,508008,505341,508471,510042,510271,508712,506859,507263,507039,508516,507616,508931,502431,510050,505299,505157,505915,505315,506283,504459,506956,508435,508063,507254,508283,506102,508400,507516,503118,509254,506567,502313,508755,505932,509858,505478]},"Model0 ll":{"0":[-224.9188555107,-184.619463934,-135.3704830652,-137.0027209515,-133.1174077444,-160.0831647605,-159.1335911921,-138.710307502,-127.5906379089,-132.0536861832,-139.5638737777,-155.258152702,-126.4735998653,-159.41761143,-140.1668148025,-139.29507772,-143.1360980287,-136.149001661,-136.3090483953,-136.1234125267,-132.0144573678,-130.5070479791,-142.6733614542,-151.5732667543,-130.5076451628,-142.9725959142,-128.0068982018,-121.6660261829,-131.9851640898,-137.949837392,-138.5679106509,-145.3951383173,-142.0791854424,-127.4378946769,-132.6142147148,-137.1641693631,-139.5306516718,-148.007037707,-141.7467073644,-146.151334791,-139.5313417367,-147.2978993787,-150.6684500678,-150.7384388427,-147.4813215005,-146.4840131791,-123.7447044977,-131.5220398214,-142.6138000394,-135.7749812819,-158.7775005543,-145.2549894074,-126.1490282118,-130.320409388,-130.6227081818,-138.8510115362,-135.8578581501,-135.209743317,-131.3278445844,-133.4561793247,-143.6863362421,-160.4638392035,-140.837598587,-129.6662830275,-150.6499457132,-136.614604853,-144.8471819257,-141.8841221181,-133.8497044171,-138.4506771742,-137.077596,-138.8062486569,-133.9141126509,-158.1225845423,-131.9706695473,-146.5835946732,-138.0695730728,-132.2184651295,-143.2345903598,-144.2982133254,-128.881422066,-134.5747480352,-133.0526223718,-139.0473873548,-126.3020800534,-148.36300647,-133.9169892068,-154.7261819515,-136.6802124705,-134.9748679194,-136.9187088469,-129.5514734118,-141.9744684224,-154.0411219222,-129.3250844886,-137.9666773889,-124.9702807489,-130.791172375,-135.550759515,-146.3670888874]},"Model1 ll":{"0":[-137.4423430719,-152.1286040187,-135.2769275446,-137.0027209472,-132.9358319641,-130.3287246629,-159.1335911829,-133.7591734435,-127.5906379052,-132.053686172,-139.563873773,-155.2581526962,-126.3647259269,-159.4176114149,-140.1668147951,-139.295077711,-143.1360980271,-123.6485568143,-134.9729155491,-136.1039866156,-131.8137163407,-129.6775464495,-142.673361446,-151.5732667438,-130.5076451617,-142.8611954866,-125.8036088018,-121.6660261794,-131.5687218979,-137.9498373941,-135.5510447775,-145.3951383086,-137.9618505944,-127.437894673,-132.6142147114,-137.1641693525,-136.9463025288,-148.007037693,-141.3587583223,-146.1513347867,-139.5313417364,-147.2978993704,-146.7450595971,-124.0578019355,-147.4813214657,-146.484013171,-120.80619269,-131.5035401871,-142.6138000304,-135.3353309271,-154.0481801237,-139.3590036962,-126.1490282091,-130.3204093844,-128.3636408973,-138.2275199088,-135.8578581517,-135.2097433168,-130.745169407,-133.4561793191,-138.9876898983,-157.5248538814,-140.8375985842,-129.6662830259,-150.6499457083,-136.6146048472,-144.8471819192,-141.8841221117,-132.3995369795,-138.4506771665,-137.0775960003,-138.8062486478,-130.5161381554,-157.9823249951,-131.9706695509,-142.5774999638,-136.8703478028,-132.1951430315,-125.128678944,-143.4203187034,-128.8814220601,-124.1466973918,-126.6903914012,-139.0473873572,-121.2389559925,-143.8127756421,-130.5730264341,-154.7261819363,-136.6802124646,-134.8672743778,-136.9187088408,-129.2010156165,-139.8597056221,-154.0411219212,-129.3250844829,-137.9666773848,-124.9702807441,-129.2757332707,-135.5507595054,-135.7286093023]},"Time simulation":{"0":634.1216},"Time inference":{"0":1.3813}}