{"Parameters":{"0":{"Kappa":2,"Tau":0.0001995262}},"Positive hit":{"0":25},"SNPs":{"0":[495605,499072,499510,500952,497613,497741,500699,498670,498023,496314,501833,499307,498624,499544,499945,498953,501732,497749,500441,498692,501362,498083,494655,499059,497445,500266,497424,501651,497893,500714,496732,497480,498923,502947,492847,499854,503147,496711,500775,498747,499546,500275,499356,500639,498225,500488,496285,503354,498755,499932,499935,500875,499373,496154,497442,499936,501004,496368,500439,498679,500409,501185,497380,502732,499737,502657,497822,504664,500153,499659,500668,497508,500241,503423,500170,498910,501873,499727,499427,494179,502230,499362,499574,499714,502869,500556,500688,502331,500735,502516,498875,498905,499205,500713,500889,497882,498603,499500,497634,498980]},"Model0 ll":{"0":[-139.3978691221,-134.3910224291,-145.0128623156,-128.1134564987,-136.289048748,-164.4362953299,-144.4188661942,-124.4033528326,-138.6135343923,-133.3627410398,-140.0237290882,-139.934327267,-124.3416874364,-131.9946972427,-148.0102021065,-145.0835628495,-146.1003782273,-134.7503785528,-146.3645258518,-124.3120761972,-151.7255517777,-137.5541688868,-121.1975639458,-130.7044991963,-134.6268282122,-132.1302983744,-130.9645547357,-142.8939666321,-133.6888701487,-141.108701559,-134.0635608608,-136.8493531325,-144.6812025584,-138.7314934221,-140.937060671,-169.5335689978,-149.6980628244,-136.9945849535,-122.572732851,-162.702021188,-141.2010177398,-142.938267046,-166.2223141747,-151.2658176796,-148.0574642761,-133.9929771523,-140.0393147366,-128.8201263088,-124.5452465108,-134.4766706067,-139.3276405175,-145.8321799983,-143.3772675757,-144.9453741314,-138.884342489,-126.0750356466,-136.3327814556,-134.1252826505,-161.1691535751,-134.9567293033,-126.0123658356,-135.1676273588,-134.8877778786,-137.484687115,-134.5799960547,-130.3629661023,-155.3695905003,-134.4783785048,-143.6340485706,-154.4406807323,-135.0007438957,-128.7377916664,-145.310674616,-140.5117116857,-139.078532547,-142.0861895632,-131.8142049657,-138.6186464802,-137.9455558319,-138.1868550392,-125.5172950867,-128.2780668984,-158.1450946007,-156.8143993393,-131.0399154182,-172.1750456333,-145.7709598989,-140.9712883882,-138.5571446303,-136.2786778247,-142.3159511838,-128.3814715611,-145.4426052088,-128.1394655961,-133.1224325692,-137.917123114,-136.0749077568,-157.7479831476,-145.7537922316,-140.7575038233]},"Model1 ll":{"0":[-134.9626425833,-134.3910224243,-143.295720043,-128.1134565017,-130.5118933724,-150.3231663651,-139.1703909279,-124.3459173461,-138.6074890887,-132.5737240762,-140.0237290853,-139.8401621823,-120.5257235494,-131.9946972372,-138.8479704837,-140.0152857696,-146.1003782328,-121.2849944445,-133.6701665355,-124.0796321565,-151.7255517716,-137.2336636196,-121.1975639471,-129.7653646894,-134.626828209,-132.1302983669,-130.9645547353,-142.8939666393,-133.3373090734,-141.1087015576,-134.0635608547,-133.4113544764,-131.0516021572,-138.7314934154,-131.0388609869,-150.0195061496,-149.6980628199,-136.9945849558,-122.572732853,-162.7020211941,-141.2010177358,-142.9382670414,-166.2223141686,-151.2658176703,-141.0150189143,-133.9929771455,-136.2063161409,-128.8201263127,-120.5915522402,-128.4851241371,-139.3276405223,-145.8204522204,-143.3273849721,-135.2459663538,-138.556546363,-126.0750356465,-136.3327814559,-134.1252826555,-161.1691535696,-130.6707000208,-126.012365828,-135.1463587153,-134.8877778701,-137.4846871103,-134.579996049,-128.6448188838,-155.2872144234,-134.3665545545,-142.8631992058,-154.4406807267,-135.0007438942,-128.5091126905,-145.3106746149,-135.9115040817,-139.0785325453,-142.0299560882,-131.814204963,-138.6186464811,-137.9455558347,-138.1855349699,-125.1083659151,-126.6477738708,-132.1336406854,-132.0780014558,-131.0399154148,-172.1750456302,-145.7709599016,-140.9712883843,-138.5571446311,-135.6122836939,-142.3159511832,-127.8225858785,-139.4539418634,-127.988863795,-132.0187533422,-129.8611113698,-134.7199558289,-157.6482719897,-143.4704159303,-140.2860488436]},"Time simulation":{"0":892.9901},"Time inference":{"0":3.5205}}