{"Parameters":{"0":{"Kappa":10,"Tau":0.0158489319}},"Positive hit":{"0":2},"Model0 ll":{"0":[-533.2988760002,-616.7569844011]},"Model1 ll":{"0":[-140.5370629495,-415.1573744767]},"SNPs":{"0":[1114213,1114158]}}