{"Parameters":{"0":{"Kappa":10,"Tau":0.0001995262}},"Positive hit":{"0":0},"Model0 ll":{"0":[-146.5247928318,-155.8040253555]},"Model1 ll":{"0":[-212.1585944057,-155.8040253597]},"SNPs":{"0":[1137195,1134494]}}