{"Parameters":{"0":{"Kappa":2,"Tau":0.0251188643}},"Positive hit":{"0":100},"SNPs":{"0":[499533,497486,498288,498803,496331,502088,495044,496821,501581,497102,499763,497894,499575,500432,496807,498752,499884,499382,495618,499342,498254,496268,499982,495511,497375,500144,501087,499076,498211,499953,497009,498794,497074,494952,496782,497011,495927,498491,492319,499540,497928,499626,496137,499064,500764,496824,500014,496188,495924,498925,496994,495404,499200,496248,497872,495064,495732,498839,496096,498515,496215,500185,497763,496299,500791,500608,498226,498292,499906,499215,500000,500244,497865,497117,497302,498192,494196,495992,496110,499891,499377,499438,495689,498782,500039,497772,501055,500546,498945,498344,497227,497144,496333,496963,496346,498567,500383,498215,497814,497907]},"Model0 ll":{"0":[-250.8793927199,-398.1841833696,-353.7872542176,-309.6055462698,-360.1467815708,-252.2693207957,-213.9767344011,-329.0274489912,-313.5905345921,-286.7364587005,-374.8057391578,-350.3096319193,-300.8638685615,-280.6914288128,-286.1968497452,-240.5311480212,-273.0216360458,-276.2204873178,-292.3289572326,-290.5626404654,-337.4463714079,-318.3448257007,-252.1088812068,-315.2657863494,-290.4974672757,-282.7764664005,-256.1280718482,-271.1832045186,-303.2629616774,-277.081123264,-365.2996477467,-348.2022368421,-252.7713147636,-324.8424674618,-318.6480650966,-312.5425594533,-305.5724582795,-252.6389104605,-414.4162610282,-356.9676604143,-343.5269197341,-317.4083564025,-343.1790226508,-221.0004307473,-237.8018096232,-337.7246374866,-229.4329870499,-302.5350759433,-373.315797553,-280.8774445622,-300.6014986737,-402.5955692882,-336.3952157419,-315.495420661,-372.059045175,-288.5328736391,-311.6133766601,-248.5247377194,-263.1564448547,-332.7712290098,-259.249940498,-275.5724787971,-284.3184619701,-396.5619659525,-329.8525187452,-255.1441579394,-280.6149506216,-228.5204788691,-250.2982282477,-238.0475302841,-237.0491122935,-210.007974013,-375.7096518489,-304.4798408772,-213.4672657774,-295.9787335409,-407.0897201055,-315.11134554,-344.3300447435,-258.7504092544,-253.1743894672,-312.7912419563,-451.0459459328,-297.2527122321,-312.4376639706,-286.7249893854,-312.4937554555,-280.8100981905,-286.5247723197,-340.13376613,-314.8355070246,-286.2557406937,-375.5943497266,-275.2001398306,-365.6457660646,-303.9184900942,-285.3067425175,-286.0122078787,-333.3121288144,-297.8103527183]},"Model1 ll":{"0":[-124.5240914437,-141.9277206602,-153.5810603079,-138.8684292403,-150.2712566748,-124.1731333633,-128.4260241265,-129.5981678553,-132.1958283896,-151.1715614492,-138.5639654385,-131.4214403757,-148.293958128,-124.8444796922,-139.0882403896,-125.8784659453,-133.544091121,-128.149574073,-134.1801630133,-131.4636239768,-134.0354560889,-119.1233235645,-144.1563910231,-127.3411583543,-126.2763038735,-136.0254839858,-154.7318168669,-120.36507975,-129.0402551552,-136.3788131527,-128.8532127728,-133.4466559939,-129.4030536971,-132.0482788906,-138.1037590314,-122.0202749902,-153.9089996004,-133.5671113843,-154.902513731,-120.0390800234,-135.6398868374,-137.2635520595,-126.7538690715,-125.4670977749,-136.5175113105,-149.8487564062,-144.951094438,-128.6831418311,-138.3455840307,-124.7373128579,-123.6182986684,-131.5912500863,-124.8028366379,-136.1421419106,-141.2778882847,-130.8833337897,-144.6216877924,-139.344156356,-135.2810999283,-133.4188102211,-137.8762938695,-168.0707234429,-128.3257307868,-125.5116546749,-152.977990907,-133.6686334864,-146.983779893,-131.5438907664,-146.7510487846,-124.5952078815,-134.4069670312,-136.9929740561,-140.2338447905,-133.272435254,-146.880761246,-129.9200602322,-130.6553970472,-134.2428961919,-126.4541173939,-131.2263064638,-131.4103411142,-127.1247100709,-136.2509351759,-128.1731154216,-136.179553104,-134.4502335871,-144.5556502819,-117.3895619181,-134.8968248651,-132.3635660492,-130.6654457107,-127.1312892823,-130.8529019962,-129.8523513769,-139.0227051274,-130.1429486818,-159.828113144,-127.7063624935,-128.7993058101,-134.9633869853]},"Time simulation":{"0":793.1996},"Time inference":{"0":3.1898}}