{"Parameters":{"0":{"Kappa":10,"Tau":63.095734448}},"Positive hit":{"0":1},"Model0 ll":{"0":[-169.0632479611,-142.5576799808]},"Model1 ll":{"0":[-136.3001351615,-142.5576799812]},"SNPs":{"0":[113064,113237]}}