{"Parameters":{"0":{"Kappa":2,"Tau":39.8107170554}},"Positive hit":{"0":22},"SNPs":{"0":[492249,491877,493594,493492,492821,490265,491998,494304,493342,492888,490073,492564,488485,491884,492021,492733,495223,493608,488873,490251,493432,493471,491130,496568,490323,491680,492530,489709,493633,495040,490367,491638,492582,494202,492598,494359,492980,489533,492479,489296,490606,492551,490543,492967,491994,490557,487430,493651,490186,493729,491870,491807,490822,493524,491832,493266,494573,491363,493206,493660,490201,491623,492472,493331,493011,493608,490143,491520,492602,493646,491833,492502,492116,495157,495049,492014,494494,496036,497985,490675,492197,493589,490810,490716,493153,493263,492489,495084,495121,493309,497214,490952,495044,493382,488892,493482,495960,491596,493211,492046]},"Model0 ll":{"0":[-134.1261126795,-173.807457252,-133.7126228114,-135.7884434225,-133.9389238268,-134.2448144062,-142.9456737416,-120.4019818279,-132.9595912904,-134.9887454429,-151.0909501446,-145.3287687912,-142.0717456408,-143.6121097708,-138.1266656229,-132.7439880277,-126.3494054186,-134.8967652723,-141.0474774747,-135.2442015264,-136.6440705351,-124.1066916197,-140.1375967293,-146.0960725396,-131.2319778002,-150.2433474356,-146.0537729814,-137.5210043186,-127.0210239678,-128.570324559,-138.4318023594,-126.5418366126,-127.3419730689,-138.0529206738,-130.9299220352,-128.2232798647,-129.1212789243,-143.4732116147,-119.3103805657,-131.4128566417,-141.5909126251,-157.107473539,-123.03023254,-118.1098396206,-138.4751514386,-135.3414113917,-135.9850865005,-132.9216121984,-127.5602956959,-153.325492732,-150.0527117347,-131.5372433646,-133.3565540233,-126.3694472214,-138.442053074,-149.6610512344,-127.454396792,-134.1469519965,-136.0091020749,-146.4422428522,-153.5006969181,-142.7618482369,-170.5883831849,-126.5599035916,-142.3707962505,-141.804398732,-138.1384918656,-134.6243240721,-157.4603132302,-134.5941446084,-143.6671781217,-143.3921870877,-139.3103726113,-128.7372205254,-147.2793203767,-133.4988915004,-126.2443151478,-149.6879072415,-134.0339530344,-136.6874718661,-138.4064774038,-132.7260948185,-133.5795649062,-163.4141138398,-150.7203587997,-128.7365700163,-130.2512717916,-129.4594332701,-128.1982374999,-152.2090007117,-178.6992533629,-127.4493530172,-145.2927336832,-138.2920370426,-211.5589130971,-187.3978590675,-133.7473515753,-139.3750835247,-135.990727341,-128.0260441425]},"Model1 ll":{"0":[-132.9551645926,-155.3725564627,-125.5321137397,-135.7860676448,-133.9389238173,-129.172707686,-139.1363001703,-120.2707595571,-132.7495769489,-132.6706184959,-150.5177517264,-145.3166820319,-142.0571232548,-134.2476299687,-136.578441659,-132.7439880308,-123.5326374288,-134.791654374,-141.0283190162,-135.244201527,-136.4948829898,-124.106691622,-140.1375613187,-146.0960725342,-131.2203006083,-145.3295544666,-146.0537729776,-137.5210043145,-126.7999026704,-128.0088597082,-135.5425812878,-126.3152268987,-127.3419730718,-138.0324391504,-128.0574655166,-128.2204825469,-129.1212789217,-143.4732116155,-119.0582679791,-131.2960657882,-141.5909126231,-157.1074735316,-122.9252728837,-118.1098396198,-137.6321680317,-135.3414113919,-135.2123125234,-132.9164168265,-127.5602956931,-144.1732308947,-150.0527117357,-128.0239953968,-133.3565540248,-118.9464969741,-138.4420530679,-149.6610512319,-127.4543967904,-132.8399110083,-134.9380168303,-146.4422428531,-134.0012388645,-140.3577115974,-151.2957072447,-126.5599035892,-142.3707962522,-141.8043987303,-138.1384918623,-134.624324071,-157.0121580513,-133.3452292536,-143.6671781267,-141.9200791478,-133.3054596705,-128.7372205268,-131.2367540022,-133.498891498,-124.8356828989,-149.6879072436,-134.0339530344,-136.01803636,-137.8050668179,-131.0901280952,-133.5795649016,-163.4141138387,-148.112861568,-128.7365700156,-130.2512717946,-129.4594332706,-128.1982374937,-152.2090007124,-178.6992533493,-127.4306708686,-142.7102771599,-138.2920370344,-132.9150785998,-163.707101489,-132.8035613854,-139.3750750295,-135.9907273435,-128.0260441446]},"Time simulation":{"0":1230.8072},"Time inference":{"0":5.8768}}