{"Parameters":{"0":{"Kappa":2,"Tau":12.5892541179}},"Positive hit":{"0":32},"SNPs":{"0":[494046,491869,498490,494976,497649,495158,498262,492629,493205,490744,495752,494580,491956,492204,498097,491501,492426,491681,494877,491316,493671,494323,497936,492060,494886,492169,487052,493903,494497,492940,489547,494983,491468,494372,491785,494060,493706,495266,495267,493644,492103,494787,494453,493594,491689,493313,493219,492569,493171,492797,494611,490647,492074,496001,490903,494702,493126,491958,491621,493573,493352,493888,496355,496223,493804,491594,492543,497118,493118,497469,497757,496291,495869,491382,494121,493146,490120,495159,494902,494251,493122,491290,494087,490900,497320,497495,494181,495806,490949,493268,493299,497671,494001,486780,492707,491753,490781,494926,496138,492084]},"Model0 ll":{"0":[-135.3679906611,-142.045649724,-136.0816753298,-139.5753076237,-124.62463271,-138.8655237825,-126.7247085601,-148.1871656382,-140.3941952519,-164.4943123013,-146.9911247295,-138.7484841463,-169.4840748852,-140.6831223744,-136.9045212116,-133.0256236925,-131.6690409898,-129.8272097718,-144.5234309999,-128.0542305661,-147.7827187134,-143.7795803125,-129.9273281441,-174.2329578071,-137.2772504747,-145.7151025242,-121.3283780103,-132.7917933539,-124.7199279797,-139.1132180224,-149.3241493246,-144.7010472214,-134.3409393344,-139.0221452831,-129.8708026312,-154.0145749875,-148.8995314332,-136.8561631667,-132.9188471907,-125.502941987,-151.443346469,-130.8963057641,-133.8441446091,-152.7662011272,-157.2585660294,-119.8071986173,-153.5517138786,-134.7872467373,-137.3686293752,-150.854371109,-134.8753558579,-136.5686215493,-134.9137192323,-147.7879529099,-186.6222691929,-141.7419119185,-125.4623584827,-147.9043772644,-151.8825352998,-134.4516446551,-144.0596947322,-118.1571877551,-144.6629111949,-134.9489659664,-124.5675095056,-133.1952426324,-143.564547245,-133.7289564723,-145.6620061082,-155.0231239406,-136.4608089766,-120.9817523606,-127.2407808212,-121.2445635472,-139.6109915162,-138.4338332163,-169.0989483981,-145.8606628226,-127.7722653167,-129.7361486163,-155.0973082212,-144.37721782,-145.6742260694,-148.876201315,-136.4729490289,-133.8821148346,-141.9142027582,-139.1223209313,-209.9818535232,-153.0772536712,-145.8780389087,-145.2499397192,-127.5025473829,-169.7793061313,-127.7053104195,-134.2206441086,-129.066561673,-122.2056999538,-132.9438902372,-125.8391097491]},"Model1 ll":{"0":[-133.12753074,-141.9221702635,-136.0816753252,-138.6632717613,-124.624578256,-138.8655237877,-126.7247085568,-147.9205675554,-140.3078151111,-151.3321281564,-136.8362909766,-137.9345614556,-135.9281287899,-139.4058074448,-136.9045212078,-131.2263812573,-131.6690409866,-129.2845645015,-144.5234310024,-128.0542305632,-147.7827187137,-135.9443750422,-125.4044739101,-135.347947275,-134.6959645507,-145.1400201851,-120.9016736532,-132.7917933544,-124.7199279764,-138.74790275,-148.0808365564,-144.6410851939,-129.2531757862,-138.024796982,-129.8708026326,-146.3615146913,-133.3962625199,-136.8561631659,-132.2912571383,-123.8973068027,-149.7934857567,-127.9775606644,-130.2973707717,-147.8839185721,-157.258566029,-119.8071986189,-144.9200486254,-134.1859286411,-136.0378539349,-150.8543711097,-134.487737216,-135.3271793766,-131.4875929431,-146.8823505504,-155.1069337245,-140.7480930611,-124.4323195388,-144.0976006601,-141.55529259,-134.4516446607,-140.7705945316,-118.0515349171,-140.8275354416,-134.9489659653,-123.2425947147,-132.2531161065,-142.2726416255,-133.0274249149,-145.6620061038,-155.0231216551,-136.3444603703,-120.7097577633,-127.1024615406,-121.244563546,-139.2898235924,-138.4338332168,-150.1228189449,-145.8606628151,-127.7722653116,-121.8481590404,-149.4434714147,-139.6638442688,-143.0274813843,-145.0070771356,-136.4729490263,-133.882114827,-140.0315750626,-125.656740138,-130.5126860748,-140.6764983463,-145.3964062209,-145.0741545534,-121.0210257296,-150.3850340319,-126.042978341,-132.8533357136,-128.0496014746,-122.2056999525,-132.9438327628,-125.7568981646]},"Time simulation":{"0":660.7133},"Time inference":{"0":2.9649}}