{"Parameters":{"0":{"Kappa":10,"Tau":1.2589254118}},"Positive hit":{"0":2},"Model0 ll":{"0":[-77252.3911576075,-77857.7422453084]},"Model1 ll":{"0":[-249.5412971861,-214.7045612131]},"SNPs":{"0":[536495,533272]}}