{"Parameters":{"0":{"Kappa":10,"Tau":1258.9254117942}},"Positive hit":{"0":0},"Model0 ll":{"0":[-115.5535464867,-120.6132740932]},"Model1 ll":{"0":[-115.5588284627,-120.6132740922]},"SNPs":{"0":[112396,112370]}}