{"Parameters":{"0":{"Kappa":10,"Tau":0.0001584893}},"Positive hit":{"0":1},"Model0 ll":{"0":[-161.5392538133,-143.3978813865]},"Model1 ll":{"0":[-149.468865505,-143.3978813961]},"SNPs":{"0":[1134306,1136349]}}