{"Parameters":{"0":{"Kappa":2,"Tau":0.0005011872}},"Positive hit":{"0":31},"SNPs":{"0":[503141,498947,502226,499173,497448,499697,499384,499647,501145,499674,495916,500697,498703,497963,502137,498111,499653,494589,496567,502425,498608,498043,499146,502081,497148,495661,501151,500137,497430,500616,499246,499893,498306,499133,495188,503795,500665,498188,502777,495146,498579,501630,493656,497548,499115,502421,499858,497440,499767,501459,500809,500030,499573,500973,498147,494821,500801,500596,501422,503306,500231,498545,500875,498911,498288,500269,501613,500173,499212,499527,499464,495267,500047,500545,500070,499667,500164,499098,500481,499312,501464,498960,500345,497764,500162,499451,501088,497238,498662,499010,496792,498454,498155,498538,497767,498025,501143,499854,504848,501526]},"Model0 ll":{"0":[-133.8793327359,-143.1062893492,-134.6632553979,-159.9588186485,-130.0455910351,-140.9449822414,-173.6518112335,-130.7122701004,-139.9864841719,-139.5797471507,-136.0271416678,-146.7721322623,-134.6450969281,-137.0658978469,-125.6614226738,-137.8502325589,-141.461327156,-130.4504853724,-137.5517547479,-135.264548748,-149.2961274472,-140.0617460604,-133.0941048845,-124.7275230484,-133.0043822971,-129.6400951407,-123.9577265966,-140.340386289,-133.5346398308,-133.2442923796,-137.0396421344,-129.7685396006,-139.1540501293,-129.5699414106,-143.9956397788,-136.8619506036,-148.037687638,-126.6644456908,-161.06851522,-133.3444258329,-127.5608427814,-128.1857042925,-144.9785996864,-125.972341826,-130.964615983,-139.8368568685,-132.454805428,-178.7904078126,-125.0483949725,-133.4310688984,-147.2781362611,-151.2034317665,-152.8220193118,-153.395531675,-127.5982039217,-121.860038125,-124.5147663834,-132.7860252928,-121.3636153633,-134.5699727108,-143.1163872646,-145.6298715538,-131.4525467754,-136.5972551226,-134.9468092631,-137.8633838277,-136.6877034868,-150.514248743,-150.6485737836,-133.0296054474,-131.7113863128,-138.8916284426,-162.9698844045,-140.0059321089,-132.0766224144,-125.8041492357,-127.9124497094,-148.747577044,-144.850763293,-137.7637850769,-139.3934173465,-134.3349002268,-133.308552929,-124.9463734513,-128.0979206998,-132.2666974118,-131.8315411786,-178.4228801176,-128.4374921108,-135.6455354575,-137.2760790575,-133.0146057933,-157.7190737172,-139.4666688967,-133.1247109212,-185.4578362039,-144.3460551458,-151.2468343579,-136.253662515,-130.8321661606]},"Model1 ll":{"0":[-133.8793327309,-135.1973794414,-131.601553766,-157.6835931452,-130.0455910393,-140.9441638308,-134.4498068434,-130.0555951897,-139.9864841684,-138.9175386268,-135.5970874138,-136.697218486,-134.4302252157,-137.065897849,-125.6614226766,-137.3598532535,-140.0068884131,-121.5220934208,-134.2769172003,-135.264548748,-144.5088159822,-135.2904625565,-133.0941048816,-124.7275230444,-133.004382293,-128.2955053096,-121.8222673534,-140.2902749536,-131.1448297549,-130.9086117742,-132.7634967358,-129.7685395997,-138.5072657482,-129.5699414092,-138.7827269155,-136.8619506035,-147.9272318456,-126.664445691,-161.0685152161,-133.3444258272,-127.5608427861,-126.630747074,-141.8677156703,-125.7016003653,-130.9646159799,-139.8368568625,-132.4548054279,-167.2885315579,-125.0483949736,-133.2919758609,-147.2781362538,-147.7151584793,-152.8220193021,-130.7916027478,-127.598203923,-119.7643444672,-124.5147663817,-131.1552729499,-121.363615365,-134.5699727132,-143.1163872667,-145.6298715482,-130.1739774846,-136.5972551277,-129.2758733129,-137.8633838301,-136.2769746862,-149.987520046,-150.6485737816,-128.3940797084,-131.7113863103,-138.786778192,-162.9698844069,-137.5591986262,-132.0766224136,-123.6737941534,-127.912449704,-148.7430357562,-137.2723949464,-135.8496035041,-139.3934173438,-134.334900224,-124.135012937,-119.9180379981,-127.945026438,-132.1772852506,-131.8315411744,-148.1954663291,-128.3994005051,-135.6455354591,-134.794147713,-133.0146057915,-140.0540357432,-138.9034184339,-132.9513624101,-147.0886671645,-144.2487943815,-151.2468343609,-136.2536625128,-128.1813550833]},"Time simulation":{"0":1308.9415},"Time inference":{"0":6.0852}}