{"Parameters":{"0":{"Kappa":10,"Tau":0.0501187234}},"Positive hit":{"0":2},"Model0 ll":{"0":[-3567.1068749306,-4705.6724224135]},"Model1 ll":{"0":[-156.9216933254,-3158.4570834797]},"SNPs":{"0":[1071223,1068361]}}