{"Parameters":{"0":{"Kappa":2,"Tau":0.0079432823}},"Positive hit":{"0":88},"SNPs":{"0":[502365,505997,503268,506528,504363,504255,501866,504100,504019,504008,503480,504095,501543,502040,504578,503949,501485,503775,508040,504724,504363,504817,506432,506764,504865,507165,502808,505271,504442,505399,505568,502926,505407,502699,503291,506069,505960,505617,501641,501511,506574,506341,502838,505666,501115,505342,505842,503742,505030,504942,503278,504598,502474,506346,502419,499327,502080,506634,503498,501087,503263,506400,504839,500167,503489,500478,503065,504921,503242,503692,504165,505104,501541,502138,506069,506590,504525,500029,506030,500427,504864,502623,504766,502408,504203,501592,502818,500568,502122,509077,505470,495853,499792,501878,503862,506967,503608,504619,501618,500504]},"Model0 ll":{"0":[-225.5909564612,-134.2410914625,-143.5147028074,-186.3034630516,-192.1200544632,-141.3362959573,-159.7029141276,-166.9321971252,-190.0860568946,-138.0435149247,-174.5557507313,-130.2300559264,-141.428923874,-149.5250724769,-161.9518655607,-168.8228941778,-142.5265638262,-141.9700572407,-147.7649763632,-167.8216279068,-209.9547192855,-158.5049060903,-156.9213284993,-147.2128676577,-142.7374825649,-135.6492273507,-174.0594268239,-169.0469612948,-160.2482421106,-175.5558886515,-136.0514866922,-153.3837675112,-147.9589166707,-157.6458693583,-144.6396924655,-174.7468409713,-153.976555224,-161.5876566316,-151.215051562,-200.8607817421,-140.176605241,-156.1691107968,-195.9204989578,-148.1255614664,-143.763135633,-136.2122835932,-147.106791177,-147.597399839,-140.9834755408,-148.0910188799,-131.1727159987,-164.2822839386,-212.9184448755,-145.8104198752,-150.3315557172,-155.9883744684,-153.6129434155,-174.5385756013,-134.7231136881,-151.5114616172,-144.5832940223,-149.794045316,-179.782782922,-168.2518391495,-155.5477582226,-135.000976527,-164.8784179487,-159.1122190687,-138.4577853466,-168.6636541812,-157.8116859542,-139.6180325077,-162.1921813444,-171.9023231718,-140.0769745143,-142.7373759861,-153.2696733697,-206.7132300217,-134.0340990468,-163.5452656224,-181.5987757022,-154.0255858436,-144.9901316412,-157.410520737,-145.1442232206,-210.4825024465,-153.8013128722,-239.0893716265,-217.2688241226,-126.3863944432,-172.3035576819,-260.0373195023,-185.6378915515,-245.3704897214,-156.424967009,-161.5927710158,-136.4900909992,-134.0387928353,-223.8462442341,-153.9977106672]},"Model1 ll":{"0":[-127.107809527,-130.0569766955,-122.1472236395,-139.4703328473,-143.2734157698,-124.382927528,-144.6391938362,-144.8047301041,-150.3744056378,-128.8283151088,-129.7535918561,-130.224469533,-141.4289238809,-133.0086607882,-142.8466042997,-127.8795789898,-129.02179329,-139.9614560792,-147.764973134,-145.6544839815,-132.8369273673,-131.3819863676,-156.9213285046,-130.2518764188,-123.6423843904,-133.8367470006,-134.6263724962,-147.0451395655,-132.5160842778,-146.9566410296,-124.8111015398,-140.9149359609,-128.6646699447,-136.4860955492,-131.7402230534,-143.129001648,-144.2741186925,-133.5098791536,-125.1683637029,-144.2326920741,-140.037596115,-132.7269908648,-157.8214721781,-135.746669364,-142.362333344,-136.2122835926,-134.9594197504,-141.0067653858,-137.1111147431,-128.6893129547,-126.8011428037,-145.5555628098,-146.2093028811,-127.624808051,-139.388088935,-138.8010974479,-148.1312761043,-136.5447702763,-132.7275083212,-151.5114616222,-128.4806574123,-145.8365321636,-156.1765941948,-120.8063187367,-149.7942017638,-128.455497228,-138.9255840593,-141.4683712157,-120.7824811711,-135.9089683714,-135.9729717343,-139.6180325111,-149.1830859445,-131.467592348,-133.7133746968,-140.3026611238,-137.0541698142,-142.0094470654,-132.3958137481,-140.837125429,-155.0736698146,-128.0769108228,-133.6625086509,-122.4048930995,-136.736903926,-128.7004917009,-130.2656595764,-154.1619285758,-126.7438852624,-126.3863944421,-158.3951905193,-144.1082702929,-149.6084578766,-128.4081672105,-151.5508444165,-158.1482537435,-133.0501414854,-127.5834803889,-133.2792101434,-143.5680721446]},"Time simulation":{"0":828.2694},"Time inference":{"0":3.4298}}