{"Parameters":{"0":{"Kappa":2,"Tau":0.0316227766}},"Positive hit":{"0":100},"SNPs":{"0":[495024,497204,496089,499893,496945,496850,496380,497480,497066,498989,499690,495032,495537,494888,496865,498283,498740,496910,493767,495904,496795,494872,498046,497833,495610,496541,495858,498346,497796,496871,496115,495289,494247,496265,498936,496633,494611,495152,497686,496527,493017,495009,493952,496646,491868,496741,497989,499120,498073,495060,498832,497828,495214,499003,496579,493099,497373,497546,497158,497607,492837,493846,499368,493455,495476,495646,496912,495453,498541,493233,494390,498199,495635,494106,495564,494499,497286,492547,495578,496434,496606,493853,498692,494917,496059,492806,493062,495576,493768,496923,500494,499870,500203,498581,493273,497155,493841,497199,497880,495853]},"Model0 ll":{"0":[-473.722979425,-301.910218082,-393.4096673184,-350.1538768025,-387.9085559031,-397.3749994915,-359.5180080833,-343.2793230718,-323.0781997865,-363.2336031805,-326.1182164934,-343.3548791608,-362.7762816837,-408.2760611019,-365.3079824698,-384.6251953397,-290.1564353353,-410.0282891273,-438.0420568302,-289.8596259526,-426.0404213353,-475.9651450849,-285.2762333049,-309.5845263098,-432.1251279261,-467.7193734726,-382.4600576424,-276.2188940041,-434.8654618158,-311.0390638479,-423.6895726005,-332.6524044037,-398.4202167482,-489.8713316446,-350.3197919218,-497.2728408921,-485.3245156113,-422.2601454992,-305.3971337352,-531.4407208132,-344.0138260598,-395.8451628822,-452.9881391268,-346.0719802884,-407.7996238758,-453.8212875814,-243.7591128961,-385.0741295005,-385.1705520775,-405.0251381698,-324.5155299826,-289.8071103543,-376.6341266656,-235.1046826542,-425.7318219659,-352.2982375725,-279.3962009468,-311.9200730646,-439.2250585246,-280.5727436858,-361.0570786958,-367.5493128081,-333.8418071982,-371.637453364,-390.0922253727,-348.0482164309,-355.471243135,-369.1986796255,-295.2164818293,-487.9602246487,-412.1359456155,-359.8896580171,-370.1509724763,-429.4381453692,-317.6640692122,-408.5558153316,-521.7600052289,-432.5327683061,-469.6231246687,-322.2579251344,-486.6930182413,-402.485532114,-289.974211802,-443.5675391225,-430.6470016374,-672.6453500118,-568.6198068829,-348.0708656065,-385.1192357442,-326.7879159653,-332.5831165968,-287.0288880795,-220.3248662292,-330.0596306576,-443.8679810028,-342.227795682,-578.5001865643,-282.4647625195,-334.6268110458,-401.19927768]},"Model1 ll":{"0":[-121.8388883007,-125.5240344592,-140.9887357893,-117.4943050629,-136.3715338951,-140.9284106985,-126.4265852365,-143.4029504441,-127.9388201049,-125.4386773545,-119.1764238389,-123.7320245912,-143.596985568,-127.4105377172,-137.0136449136,-154.2591271843,-138.3583362307,-134.4980988476,-130.7128197215,-128.7312356598,-136.0748690151,-161.9110628227,-141.4489068957,-137.5856047829,-147.5379171138,-142.5145228436,-133.2453481815,-118.4013342187,-123.9214239967,-123.7670744077,-143.0034801309,-126.904975865,-137.8931894119,-138.2355126983,-124.0831722245,-133.1984507574,-127.4652650035,-136.6655212449,-137.6483361051,-165.7853264432,-129.7856936992,-137.4596856934,-148.2115712739,-139.5722903152,-126.2278766288,-130.7213169207,-127.6412803279,-126.9251607243,-143.9675813582,-134.9594565967,-136.0723599624,-132.105811275,-133.3972068749,-130.2535749503,-132.7237645085,-128.5072258974,-140.2879813354,-143.5235282786,-139.8545726474,-138.5729875091,-150.2596208014,-143.4819917691,-133.5666483403,-130.6470916059,-134.4293819841,-136.0510668321,-142.4500951103,-140.6660028786,-131.2634513808,-138.5998805527,-140.0116444232,-123.0179883489,-116.6379089869,-148.895907897,-126.1826550859,-137.9916134306,-170.9084919127,-139.1660840645,-139.3154034131,-128.5021472994,-124.4723289842,-136.4306245179,-146.9130159812,-146.2578010351,-140.3311436012,-132.5198053687,-137.2970373399,-144.0114815835,-134.4983875885,-126.3375389919,-137.7325888953,-134.0757966831,-133.7324436284,-136.8070839146,-149.1345720298,-132.4584441151,-127.4593017291,-147.5519280933,-164.9576359183,-134.4785154561]},"Time simulation":{"0":1037.4829},"Time inference":{"0":3.8056}}