{"Parameters":{"0":{"Kappa":10,"Tau":3.9810717055}},"Positive hit":{"0":2},"Model0 ll":{"0":[-20041.2935415745,-18976.4561260288]},"Model1 ll":{"0":[-3294.0691228129,-250.8662640826]},"SNPs":{"0":[223348,219017]}}