{"Parameters":{"0":{"Kappa":10,"Tau":0.0316227766}},"Positive hit":{"0":2},"Model0 ll":{"0":[-1829.4867742909,-1796.294689263]},"Model1 ll":{"0":[-1266.5904342867,-136.9875772792]},"SNPs":{"0":[1093688,1089983]}}