{"Parameters":{"0":{"Kappa":10,"Tau":0.0050118723}},"Positive hit":{"0":2},"Model0 ll":{"0":[-190.509650864,-186.1440117978]},"Model1 ll":{"0":[-174.0755956724,-138.2293838243]},"SNPs":{"0":[1129240,1129796]}}