{"Parameters":{"0":{"Kappa":2,"Tau":3.1622776602}},"Positive hit":{"0":100},"SNPs":{"0":[503121,498943,501983,503728,498385,497498,505717,500110,502718,499954,498409,501501,503044,502565,496289,498583,497280,499267,496963,503210,500216,501809,499676,499961,500431,496265,498986,499402,498927,501329,501879,495589,501164,498131,500943,500731,502759,497932,501058,497328,499510,497720,500636,498592,500028,498227,503372,501409,502201,500009,500178,502671,505635,499724,501554,501659,503085,497983,499128,503305,500250,501385,503475,502075,501713,496503,502029,501031,496925,498701,502101,500115,501983,497244,502082,500511,499647,499870,498138,502470,501719,503377,503781,499933,500083,500810,497452,498465,499784,502702,501289,500659,503073,499135,500339,498093,502737,500616,501968,500103]},"Model0 ll":{"0":[-3780.7374226869,-3724.2111788011,-3734.8002964946,-3575.735866413,-3705.4294478635,-3733.278538225,-3805.90837957,-3434.6723638831,-3595.3299451676,-3759.6648885801,-3791.5192406993,-3419.3343526631,-3651.7998308434,-3845.7188120087,-3397.3741424789,-3757.0075431642,-3544.5581756854,-3540.5304820263,-3745.6760747796,-3571.1734942011,-4142.4114449395,-3919.5681101552,-4184.2893621822,-3370.8649335866,-3626.8483492193,-4027.9409320172,-3285.2743896191,-3722.950189606,-3805.3751086629,-3932.4535033469,-3707.0930529073,-3798.8638180465,-3406.2130158285,-3531.1622656989,-3808.719159243,-3690.6813656732,-3577.8323204214,-3891.5267050824,-3248.9571316911,-3405.5472191377,-3439.5846674497,-4082.8779484385,-3774.0129481397,-3479.4649562396,-3758.5956749684,-3749.8492166025,-3769.7274658815,-3289.5442417317,-3526.2777864375,-3856.6603301333,-3375.2772455057,-3812.2367153211,-3668.2118435875,-3491.5488674995,-3727.050728718,-3636.977724773,-3960.6231601603,-3872.3889298625,-3685.244754189,-3542.3867816938,-3847.818034445,-3606.1925193902,-3682.659667382,-3679.6550043704,-3983.4069840203,-3762.8646838304,-3744.1205273625,-3644.6082693512,-3803.6427984821,-3441.9375858784,-3874.2421769996,-3792.4981859031,-3737.9669259777,-3740.8414717072,-3775.3479349182,-3667.2386803748,-3537.8145395346,-3487.4207398725,-3522.3817507508,-3539.8072933352,-3735.4080186174,-3897.751193771,-3621.6960887829,-3413.8713277461,-3789.5620768451,-3448.627466674,-3595.4424717789,-3519.4091992293,-3782.5943241292,-3633.417151527,-3793.8760453721,-3822.5227737189,-3601.5132890285,-3463.1881162872,-3834.6814511396,-3512.0029399107,-3779.6171330605,-3758.6290001169,-3877.3389987778,-3420.9931359974]},"Model1 ll":{"0":[-160.7050928985,-155.4795235792,-138.6895635353,-194.5938902101,-142.0482023205,-137.9873793948,-168.1912787609,-136.6629341202,-139.1412987742,-160.0564940997,-157.4440474806,-134.5633362512,-135.0717181714,-126.0533557322,-134.9909071544,-131.7331731687,-134.5546149385,-140.6063600035,-180.1349403152,-145.2445681534,-156.313013085,-155.75843156,-171.6911257838,-137.6108363556,-138.716842643,-175.383647401,-144.440556115,-162.9426407247,-162.9713624877,-166.2677112301,-151.6960931285,-128.2891298451,-139.1737126551,-168.5971586612,-143.4424680328,-196.8041170308,-145.9997292942,-162.6514681763,-144.0958748623,-140.9502793778,-149.6207844195,-144.3472307598,-162.9215192275,-162.5033491683,-158.3384905834,-173.0787554555,-131.8505563481,-157.5235432351,-120.8176743488,-153.2698454245,-148.5454591871,-195.8536212864,-166.510352744,-138.5787773403,-152.0787234202,-162.0989824323,-186.2001924068,-135.8205241846,-146.8020463004,-148.5806675113,-147.2517228,-144.2032076693,-144.3675959155,-144.4526992376,-152.0618019972,-158.3662643567,-138.054171037,-137.7209547601,-161.4567457616,-131.0053186808,-167.5648806914,-144.3129274137,-135.0646845232,-141.6322254462,-152.4940878952,-175.5310130285,-156.2693460079,-147.6265319712,-152.5669223338,-150.2201311332,-146.8208098381,-144.9006361487,-121.9559627632,-146.6367708524,-133.1382344782,-163.6916217695,-146.6461430691,-142.9324039308,-185.4879106049,-168.0843262267,-129.6055100902,-136.2341740853,-129.9480821071,-157.1222397989,-140.2650019033,-137.3710768459,-186.3883650965,-155.315965707,-176.2745385051,-152.8233530105]},"Time simulation":{"0":1288.6771},"Time inference":{"0":11.6306}}