{"Parameters":{"0":{"Kappa":2,"Tau":0.1995262315}},"Positive hit":{"0":100},"SNPs":{"0":[498560,499069,500207,499461,498132,499992,495993,497116,499419,499412,498853,498076,499590,499688,498058,497291,500738,498501,501777,499400,499034,497287,500208,498481,498816,500291,499056,500207,499958,497614,504196,500453,499304,500902,500037,496255,500955,500796,499695,501763,499016,496671,499110,502540,497925,500579,502863,502547,494576,500279,499863,495101,498491,500354,495820,497913,497376,497175,497546,496906,499396,499908,497487,497750,504535,500248,498328,495480,501597,498383,502483,500848,497944,496563,498136,497801,501565,501134,501099,500675,497919,495718,499349,499392,497008,498154,501429,497727,502087,502004,498087,497079,500895,499503,500661,499094,495394,502261,495991,501189]},"Model0 ll":{"0":[-4044.8335070407,-3337.1770902377,-3673.5833611093,-3867.5133757272,-3863.390337049,-3819.019237857,-4141.5076297441,-3606.0201496857,-3481.5893684424,-3383.3881939274,-3586.4160115178,-3113.5382216734,-3629.7712234946,-3449.7179224725,-3743.2934275632,-4021.967010275,-3661.6754083032,-3529.8539753272,-3517.3180839191,-3944.0764922454,-3849.4393277614,-3984.2569117871,-3505.8552546021,-3625.6415576529,-4012.2161056509,-3362.3303969446,-4079.4508896132,-3817.7633448152,-3657.3236381645,-3650.2858856195,-3533.3150485015,-3985.5826785866,-3468.3410255638,-3714.4712220987,-3694.8893566958,-3828.4551495708,-3314.7191602004,-3439.9610913513,-3894.7152858973,-3579.2843052518,-3804.1230064586,-3661.2788768594,-3517.4217960338,-3467.8125053084,-3913.1085208367,-4063.7669103668,-3657.9978075325,-4124.9120090893,-3830.4049628006,-3631.1095519668,-3652.5341839009,-4132.5362675021,-3549.0078336594,-3620.9525572583,-3491.4173013977,-3499.518399656,-3546.1849273623,-3792.7170525935,-3763.5620477237,-3307.7415454871,-3819.3390703962,-3749.9946303804,-3498.0220310901,-3470.4716828531,-3389.338272537,-3602.3348312725,-3489.3436300358,-3768.3865411179,-3957.3026294582,-3792.641533704,-3498.3549591294,-3877.8243457932,-4030.2996581089,-3665.2978435184,-3926.4962845246,-4031.982239863,-3403.8010818191,-3464.3312785715,-3481.3010189576,-3460.8338948212,-3896.2964273918,-3640.8790386572,-3867.9224262578,-4007.2138370665,-4178.6119290568,-3268.9687345829,-3680.1707551335,-3398.5064274244,-3666.6722177853,-3657.2763388068,-3634.8542918722,-3884.6840179763,-3694.0953201311,-3829.9672755092,-3845.6143994835,-3820.9027075164,-4647.6803160406,-3581.3540547626,-4056.7362197621,-3675.8700112434]},"Model1 ll":{"0":[-320.1614568101,-273.1022427131,-211.2214059488,-265.7427904995,-268.3761603774,-331.5461661867,-257.6297482122,-281.5694161943,-402.3379543325,-275.5981958417,-253.6324450112,-237.9495478338,-239.1804657475,-218.8492848648,-250.6123112189,-234.598267406,-207.3120720994,-329.6365860212,-249.8717521747,-281.6923556287,-234.0917710705,-274.487940045,-332.043926508,-220.8347559991,-244.2322696234,-260.1966562979,-187.1089110606,-227.1099591728,-236.9600326842,-239.9319905759,-236.5187332791,-243.9341876634,-232.9715553155,-201.7553519657,-213.0751330063,-244.8111045802,-205.8658788588,-263.4622178383,-309.7674451476,-327.3302329129,-293.1919668221,-243.4334141932,-249.94166422,-249.9129968864,-286.0150918798,-288.145565061,-265.8401099727,-380.1552220137,-245.5637562658,-260.8221470846,-338.1663121208,-222.9085533255,-318.0935980323,-228.116371895,-276.1298844181,-313.0800294026,-250.1901709829,-252.907795021,-254.1851660999,-275.9497700913,-234.4685634534,-191.0911094657,-208.4408958404,-238.2807251048,-253.5015055488,-239.8142762116,-235.968640919,-272.025056966,-255.1333039606,-252.1819104159,-268.7964324831,-252.0309399369,-240.8271241538,-328.0194951279,-251.12105502,-215.0375645441,-207.7778579371,-247.134373762,-203.0690852016,-325.8753194313,-224.9681366599,-287.5605052503,-307.187678941,-277.0603489298,-267.9742603896,-297.4240175551,-272.3595290323,-257.7972202866,-243.573432763,-243.3493820141,-243.9112457059,-227.0255245077,-282.3105209852,-239.4211412782,-250.3199114555,-221.2505563686,-225.1452073166,-271.1408699379,-230.2475045755,-232.0829843095]},"Time simulation":{"0":955.0415},"Time inference":{"0":2.7612}}