{"Parameters":{"0":{"Kappa":10,"Tau":0.0125892541}},"Positive hit":{"0":1},"Model0 ll":{"0":[-404.289271486,-307.9889208434]},"Model1 ll":{"0":[-128.2101377606,-307.9889208707]},"SNPs":{"0":[1118489,1125962]}}