{"Parameters":{"0":{"Kappa":10,"Tau":0.5011872336}},"Positive hit":{"0":2},"Model0 ll":{"0":[-60737.7721895679,-61942.6889056961]},"Model1 ll":{"0":[-191.7301715635,-232.9065419298]},"SNPs":{"0":[761868,766111]}}