{"Parameters":{"0":{"Kappa":2,"Tau":0.0015848932}},"Positive hit":{"0":33},"SNPs":{"0":[497461,502041,501089,500307,496298,497554,499284,499027,497823,503718,501812,499946,500290,503745,499949,498936,499104,502324,499616,497969,500197,501033,498818,501294,500018,500230,498275,499244,501333,496500,501325,495871,499006,498424,502976,499176,498223,497100,496143,499589,499726,499337,499422,496504,498974,500814,496096,501593,500854,500471,501723,503312,501158,497961,503558,498814,496400,501774,500154,501970,498935,499176,496819,501566,498322,497748,500224,500317,502581,502027,500010,499750,500385,498300,499668,502717,499043,495436,495788,499402,499985,499670,502003,500636,499196,498700,498582,498910,499076,499087,496379,500812,499483,501447,497960,498932,502659,495573,499890,500610]},"Model0 ll":{"0":[-126.3394007104,-154.1462134439,-151.5385377352,-129.9862828505,-173.7361780553,-138.4922526848,-132.7003526807,-142.1254291327,-137.3074959793,-134.1814376295,-147.7291333398,-136.7758445624,-136.095567415,-136.5465096829,-145.2311881539,-123.5000318789,-135.552511622,-151.1324443918,-129.8528134399,-131.1965610551,-136.8248292801,-132.7886995658,-138.5590807893,-133.5214395947,-134.3394516911,-129.3929396754,-136.0341799805,-134.9786649598,-136.7558710104,-147.5443757989,-154.3675928025,-141.155498424,-141.9126498498,-142.8048999149,-132.1095801231,-126.7358779003,-125.0142758029,-123.3984642482,-136.6895120944,-151.1428494862,-139.0222024013,-129.1124824929,-136.8911581701,-130.1587012049,-158.6554320713,-147.5059921143,-142.6969912209,-143.3484276539,-148.282978524,-162.3369632248,-143.8351328376,-143.4530872107,-128.7417393072,-139.9855612655,-132.3953683561,-132.6224135895,-163.1801742846,-152.1991268002,-135.9400692921,-132.5708579126,-142.5694948771,-131.4879888782,-144.0912995986,-143.6703131004,-154.7209845741,-127.1561696022,-131.7534927198,-139.5926979079,-144.2488254523,-146.6500220069,-125.5096843267,-126.410161372,-131.2874358125,-125.5318740916,-127.9342703528,-138.9140695307,-141.3942255432,-150.6764866488,-162.4099128262,-150.7538706062,-135.0701300418,-134.7166117484,-133.9881613917,-136.1398199347,-148.1420781546,-129.0012473419,-132.1589204625,-142.2790764203,-138.6796825914,-145.8606465177,-161.8493916915,-132.6844379236,-176.4520442258,-127.4801927099,-137.6850408309,-140.7626127539,-120.9073641643,-127.7027843721,-130.4551949097,-133.5614809695]},"Model1 ll":{"0":[-126.2864310515,-154.1462134438,-151.4950920752,-129.1516350794,-139.8683688241,-126.5218918359,-132.7003526799,-142.1254291288,-136.0442783599,-132.9767979456,-147.7291333315,-136.7758445599,-127.5201883287,-136.4868376855,-145.2311881599,-123.5000318735,-134.7957699685,-148.833104989,-125.237469718,-124.493278631,-136.8248292781,-132.7886995641,-138.5590807834,-133.5214395986,-134.3394516897,-129.3929396707,-136.0341799838,-133.3815553477,-136.6726193424,-140.8032874679,-141.9188946784,-130.825294364,-141.9126498531,-140.695996837,-132.1095801228,-125.8039852861,-120.5847089223,-120.1709226586,-126.3666426249,-149.1810347805,-139.0207829536,-128.4924029368,-132.601621567,-126.0629570266,-132.4827225698,-147.5059921128,-142.6969912131,-143.3484276518,-134.7476346719,-153.2282061849,-132.119818497,-143.1671397236,-128.6993620541,-139.985561275,-132.3088360057,-122.5852256976,-147.908048185,-151.7074013589,-135.9400692943,-132.5708579083,-134.4975651301,-131.487988877,-142.9464491881,-142.5338263951,-141.5482031577,-127.1561696039,-131.753492278,-137.8544020117,-144.2488254495,-144.7718084869,-123.5614834033,-126.4101613689,-130.3699274725,-125.5318740947,-127.9011269931,-138.9140695338,-141.1599231212,-147.1345674512,-143.4596061476,-150.2348195565,-134.7001581751,-131.5685894574,-133.9697013166,-133.259839735,-147.6815500455,-127.696331397,-132.1589204669,-134.5665261669,-138.6796825837,-144.413708798,-141.2580799521,-132.6844379195,-174.1938649557,-126.980830588,-136.5991336982,-140.7597872336,-120.9073641638,-127.702784375,-130.4551949063,-129.2513877447]},"Time simulation":{"0":896.1004},"Time inference":{"0":3.5005}}