{"Parameters":{"0":{"Kappa":2,"Tau":0.001}},"Positive hit":{"0":33},"SNPs":{"0":[498690,499363,497453,500525,499541,502817,501862,499150,499275,505517,500202,500338,498558,501127,498985,498152,500123,500662,496460,498778,500432,499169,501511,497354,499737,498054,498324,501952,499896,500413,500544,501923,501802,498880,499912,500266,496455,498849,498917,500290,497601,498176,498123,497947,502437,497555,499552,498533,502642,497432,497805,499775,500915,499068,499722,499410,502250,502245,502636,497876,502410,501263,495687,504953,498469,501168,499804,501221,498859,499301,501607,499826,502060,500503,495971,498881,498962,500252,499409,496905,499233,496228,500586,499949,500147,499855,497538,498187,499103,499907,498155,497459,501061,497131,501546,501936,498277,500047,503320,497249]},"Model0 ll":{"0":[-174.5659849106,-136.1809750938,-141.5984264886,-134.0886528402,-143.0889095559,-158.574943812,-154.4769232525,-123.3584032555,-132.5569142481,-122.0868973783,-125.7358573771,-157.9905984228,-140.4419776914,-151.1111440451,-142.4961081,-127.2424757181,-131.5866291802,-137.8574390998,-150.3504524152,-148.4860499839,-144.8721116368,-137.1475604704,-138.6051721703,-135.4614256357,-134.4428072764,-175.3580894288,-145.1481334426,-135.8792449171,-166.1964041688,-133.461396494,-136.2754254238,-132.6394059321,-139.3233483958,-159.4247460423,-162.0352391087,-165.7323795749,-130.2895470607,-142.6424613802,-142.0562888501,-136.8708334581,-144.1825723469,-134.167033859,-156.9726523862,-152.8520533882,-147.230443019,-162.8113817343,-137.7534525896,-139.5389474249,-150.2762972709,-139.8426999936,-135.6428698941,-129.6293622344,-153.256250422,-159.9255003648,-133.7538701748,-131.4079962616,-146.494811753,-173.0442579415,-131.93709863,-155.9947029771,-147.5499966346,-142.1266198489,-153.7225459433,-138.8266483362,-133.6878597068,-132.3734205027,-147.5956330785,-132.1010011007,-135.4392698048,-143.803342127,-137.8720165849,-135.1555187262,-148.6270163985,-143.3843158149,-183.4006350099,-132.3191157327,-150.7803202029,-165.7951250226,-142.7602792721,-152.8176885948,-146.4140856216,-180.4239105575,-123.2617139466,-156.5233585674,-132.5499917403,-122.6402759811,-142.503949355,-136.7869273443,-137.9415876688,-153.5957722802,-127.7845294924,-122.0944458854,-135.8920545873,-133.3762685313,-142.6247071084,-146.0393963273,-120.0045783603,-142.1257129621,-146.8840032573,-137.8687230911]},"Model1 ll":{"0":[-163.8593650359,-135.7941891254,-139.6683501172,-134.0886528371,-143.0889095579,-158.5749438071,-153.2499939876,-122.2581649248,-124.6686353699,-121.8154161472,-125.7358573779,-140.0565772582,-133.0798133328,-147.844969013,-142.496108096,-127.1732939991,-128.3276626542,-136.8707635221,-134.5976940604,-134.0383281639,-144.4934478179,-130.0538757877,-138.6051721638,-135.46142564,-134.4428072824,-172.136643626,-145.1481334444,-134.2568220314,-166.1964041772,-133.4613964889,-133.7444762161,-132.6394059295,-138.0035818646,-150.8172599227,-162.0352391001,-165.7323795757,-127.3741987484,-142.6424613767,-142.0562888489,-136.8708334633,-136.5750613681,-134.1670338592,-152.7917460513,-136.4418228515,-147.2304430185,-142.4205412614,-137.7534525886,-138.6865725071,-150.2762972633,-139.8426999968,-124.1884551061,-129.6293622336,-153.2286587488,-157.2915309069,-129.5977501457,-131.4079962559,-146.4809154019,-173.044257932,-131.934321296,-155.9947029671,-147.5499966366,-142.1266198478,-132.3982771945,-138.8266483301,-133.6878597066,-132.3734205059,-139.6999257309,-132.1010011009,-130.4982152283,-143.8033421297,-137.8720165845,-135.1555187255,-146.915669724,-140.8030820273,-132.9155582618,-126.1246869086,-136.4551642924,-165.7951250125,-142.7602792707,-118.7634960014,-146.4140856277,-137.5039402496,-123.2617139438,-155.8676913954,-132.5499917465,-122.6402759819,-141.3411836146,-135.3309864995,-135.987134849,-153.2084742673,-127.7845294978,-121.2919354209,-135.8920545887,-126.4273164742,-142.6247071054,-146.0393963358,-119.9710985981,-136.2802013937,-146.8840032627,-137.8687230889]},"Time simulation":{"0":1302.9509},"Time inference":{"0":5.9232}}