{"Parameters":{"0":{"Kappa":10,"Tau":1995.2623149689}},"Positive hit":{"0":0},"Model0 ll":{"0":[-124.1305739545,-105.9979312635]},"Model1 ll":{"0":[-124.1305739512,-106.0222278543]},"SNPs":{"0":[113072,113139]}}