{"Parameters":{"0":{"Kappa":10,"Tau":1584.8931924611}},"Positive hit":{"0":0},"Model0 ll":{"0":[-139.3391953696,-126.0399041152]},"Model1 ll":{"0":[-154.0881171727,-137.7110869367]},"SNPs":{"0":[113465,114281]}}