{"Parameters":{"0":{"Kappa":10,"Tau":39.8107170554}},"Positive hit":{"0":0},"Model0 ll":{"0":[-122.1935964981,-126.7263949184]},"Model1 ll":{"0":[-134.9886244073,-143.988953254]},"SNPs":{"0":[112192,113830]}}