{"Parameters":{"0":{"Kappa":2,"Tau":0.1584893192}},"Positive hit":{"0":100},"SNPs":{"0":[498266,500898,498795,496813,500172,500362,501878,499909,496518,499703,500744,502952,502220,500826,498008,498019,501779,500319,500261,496660,498718,498050,500184,500716,501219,502494,501163,502138,500414,505989,496604,498648,497978,497055,497639,501757,503241,497746,502451,501540,498496,502082,503023,498072,500164,500617,504181,497264,498718,500115,498193,498915,500832,498935,502063,502733,502590,502853,499834,493540,502590,499549,500124,501887,501042,497948,502405,499904,503581,504295,498988,499395,498434,499401,499880,500883,499292,502691,503074,498706,500615,504770,497808,501378,496544,498891,500285,503251,499478,499888,498887,499120,502208,500416,499075,498296,502902,500898,502432,502016]},"Model0 ll":{"0":[-2661.9924416866,-2707.0722588218,-2972.2206532925,-2665.6771103871,-2652.6354550484,-2700.4482395361,-2591.8310737341,-2924.0460411768,-3081.4554495449,-3236.6218934957,-2759.922490349,-2881.4523226032,-2761.9209693938,-2827.0628748896,-2653.3288123736,-3119.3522340332,-2992.29127987,-2645.2731326551,-2672.9446371954,-3393.935972825,-2825.0738601723,-2417.6738810644,-2797.3139476074,-2838.8548908258,-2871.7007171871,-2693.2600048394,-2804.0962275664,-2833.7264158868,-2563.9087259107,-2683.278759544,-2976.0361380329,-3095.6620765343,-2954.9454488442,-3019.2234808681,-2697.5197515518,-2974.7462488352,-3043.0235282143,-3275.3591589341,-2587.0545213838,-2663.9735127293,-3207.4839885098,-2754.4762642649,-2701.3525759784,-2956.5766841318,-3103.3005117895,-2699.4695302345,-2626.5518616171,-3615.0710136465,-3161.4599069764,-2594.8381866233,-2947.2731790274,-2739.4553141862,-2856.8440233205,-2583.4552502541,-2678.074148584,-3026.6915988447,-2787.2479315283,-2558.0971785118,-3149.8179180456,-3376.4364194051,-2793.8529902056,-2897.4976903939,-3051.515819475,-2462.801314773,-2614.0896397532,-3251.8749798825,-2342.0636699432,-2789.35528954,-2463.5350823463,-2854.0460744095,-2864.5955816535,-3106.9125743814,-2651.2071637353,-2833.68453572,-2909.5086315116,-2812.9262581954,-3157.6726508649,-2915.0106523497,-2674.8607134572,-2970.1560931962,-2814.9334865584,-2774.1471993294,-2742.1269270058,-2857.7387003463,-2830.368596419,-2673.2401769094,-3126.9733670237,-2640.967309405,-2734.1947454228,-2814.7074077711,-2896.6356238196,-3192.4170792566,-3061.6550630966,-2719.4023305644,-2697.7786213599,-3074.4701874903,-2834.4150396682,-3024.9754196484,-2589.6612738616,-2632.0531494086]},"Model1 ll":{"0":[-229.9137280216,-139.8614491329,-182.1419407479,-172.9738200811,-194.5635465351,-222.7796865671,-207.0685969122,-225.9875881944,-200.7620533483,-240.5486051686,-206.2176592391,-203.2023975187,-190.6888686204,-200.0464369299,-223.0279985607,-218.0962653062,-206.9336966469,-165.1777659509,-209.9338829041,-244.2682453735,-218.5784304863,-267.415193673,-248.6810632591,-196.1937863317,-232.7193897884,-191.034475443,-224.1230574257,-175.093087432,-215.6989545265,-246.8873775339,-193.2805336013,-246.4474902258,-193.3380173467,-193.7350556659,-169.3665478355,-195.8277393282,-174.1006249813,-250.2015353849,-187.840914348,-203.2801037449,-202.5365618854,-270.0362027146,-194.9092224404,-248.5192210417,-212.5322739409,-205.716624211,-160.7152198651,-178.3132450324,-205.1268550399,-225.7471747482,-175.8775795578,-202.4280471074,-194.1898837686,-198.9906220648,-227.1211319019,-234.1988180872,-214.980711329,-246.0129730692,-223.3308977876,-189.1329310374,-184.4113812465,-212.9278040816,-272.2534705063,-194.1773578513,-169.2457923425,-189.730165158,-177.9750950244,-259.7046101802,-194.4956578927,-187.2912918537,-239.6128573972,-168.6170774408,-186.1295313982,-189.5588890823,-186.5565103652,-203.3544153981,-199.2269108819,-210.7263762192,-198.7174042926,-202.4334234731,-229.2859634497,-196.6009341256,-208.537960519,-226.258905339,-191.6824303047,-250.284135229,-201.875796419,-202.4521328077,-198.6160244484,-202.7655259274,-175.1767014745,-171.6796675049,-179.3559866905,-239.8275111344,-258.0916547687,-226.0766588414,-176.2283086808,-174.0954022108,-168.5741964313,-209.3191087025]},"Time simulation":{"0":741.2478},"Time inference":{"0":1.2633}}