{"Parameters":{"0":{"Kappa":10,"Tau":19.9526231497}},"Positive hit":{"0":1},"Model0 ll":{"0":[-117.4662028112,-132.7912576766]},"Model1 ll":{"0":[-117.4661976631,-123.0452433224]},"SNPs":{"0":[114537,113490]}}