{"Parameters":{"0":{"Kappa":2,"Tau":0.0501187234}},"Positive hit":{"0":100},"SNPs":{"0":[496397,497349,500850,497602,501812,501406,498664,495992,502042,500633,499260,497707,497798,500275,499890,497450,497792,497571,496541,497831,501522,494910,499942,494592,496967,496602,498782,500573,502529,500234,496168,501250,499165,496397,493696,498937,498720,499305,499016,500505,498609,494743,499237,498657,499420,501191,497053,500067,499203,497199,498309,499503,499875,497187,496923,497312,498630,494858,499493,497155,498564,501098,499120,495521,494887,496908,494456,494455,494743,493716,496315,500126,499414,497845,496504,499411,494745,500279,493859,496246,495743,495303,497119,502169,501409,498321,498457,498142,498277,497436,498230,498938,499172,495662,500285,497600,496885,498846,500434,494919]},"Model0 ll":{"0":[-568.6720029821,-454.7628997371,-542.5108741148,-787.2742067652,-608.4324784109,-500.9198383943,-669.7917113943,-970.5618883185,-525.3504125066,-649.7864509804,-442.513937094,-667.7566977876,-726.3040598371,-710.0184000015,-638.5331353581,-629.8842278304,-745.8091052305,-593.3401071206,-618.5454054194,-538.7254522345,-593.1738479004,-859.7969607973,-682.9933099919,-522.499895623,-662.9510236377,-574.0462839938,-599.6150212546,-881.2555252213,-593.3212480655,-572.5974484241,-631.0248602796,-576.708057453,-631.955784797,-598.8242484898,-755.230251552,-490.1601080228,-703.3329139312,-518.4295234275,-456.4336203123,-515.7800345317,-537.4198116916,-589.7092318448,-631.9416739868,-671.4545001779,-639.2011935269,-704.7713251218,-594.4403395304,-593.9513791756,-599.666231665,-725.8221192746,-569.9311552816,-732.0667216736,-617.6357995458,-723.9959020959,-638.1393719388,-804.0016868063,-695.9117027788,-630.194896385,-675.1807277557,-613.1429723041,-583.9622609273,-602.0461869383,-683.4312352069,-679.6966720563,-729.2475465758,-552.655838798,-852.4583509079,-776.0544939207,-604.799771237,-779.0616496207,-830.0024619957,-434.5356371367,-834.679821784,-690.2879282524,-770.8855785882,-497.7135718093,-642.8637262307,-586.8402182015,-578.7239399949,-565.2709693065,-809.3028290978,-813.0675769376,-654.9083297152,-530.3945519828,-654.9393713284,-633.1187152833,-756.9335867657,-640.3272978626,-682.3042158251,-682.3086381621,-775.5901384819,-655.4955820194,-558.7660288062,-833.588944015,-880.1078408938,-630.5615926341,-704.4931757105,-659.3961732031,-569.7350975724,-673.7271539089]},"Model1 ll":{"0":[-121.0537644366,-152.9783297607,-137.1097583826,-178.6201048581,-151.1500057626,-125.9010001502,-123.2050067678,-144.0474039211,-131.1315127648,-124.8699256924,-143.2593842361,-136.6133517167,-133.1613869546,-138.2199445004,-136.7251279839,-134.5163288028,-124.1244864607,-135.0707079382,-129.5143886974,-145.170493609,-134.2237948765,-130.5574080995,-155.805905006,-147.876002285,-143.9349154023,-138.9951869867,-151.227948671,-140.9723977376,-142.4471680392,-126.9158337911,-136.2709190888,-137.2253253579,-119.1883934626,-131.9625096404,-128.5087911504,-137.9852348962,-127.973992261,-135.1396813597,-140.7526657324,-135.642431948,-141.9574216112,-151.0308568128,-128.5672101465,-147.4606672975,-159.5795406839,-171.2724783672,-128.9207037606,-145.0273182829,-123.0005560285,-154.9038900342,-130.4914441115,-131.0017695156,-135.2443961398,-177.6949878894,-132.8719536142,-136.7582207303,-135.2025206892,-144.9743298993,-147.6198574203,-126.6534850087,-140.2337577816,-133.9497506467,-149.3449598689,-131.754940653,-151.8527975576,-138.2184645934,-139.8535959646,-134.6380808011,-146.0826266326,-133.6798118436,-134.8540665408,-129.1029081251,-144.819534198,-141.9555330713,-137.2042271494,-136.9131723364,-130.6125506366,-147.2239247069,-133.2940473296,-130.7434613489,-144.6912937685,-132.1606499356,-129.7212209224,-137.6872936997,-149.4858830075,-141.0713596099,-132.7694615953,-133.0729962333,-181.136510974,-137.0103783624,-129.9547537777,-148.7885958632,-130.0294472725,-150.0732165284,-120.0240697043,-130.989064028,-134.7397170088,-130.7250961846,-128.0028900705,-132.9033841931]},"Time simulation":{"0":975.6357},"Time inference":{"0":3.3803}}