{"Parameters":{"0":{"Kappa":10,"Tau":0.0012589254}},"Positive hit":{"0":2},"Model0 ll":{"0":[-163.696502565,-152.273800169]},"Model1 ll":{"0":[-159.9540922302,-149.5596594548]},"SNPs":{"0":[1138625,1136477]}}