{
    "alpha": 100,
    "hidden_states": {
        "Pop1": [
            0.0,
            0.08098609976774605,
            0.12046048152484842,
            0.18246215347373876,
            0.27772334600278337,
            0.4222418550790864,
            0.6504595149520835,
            1.0070579669224151,
            1.5119683143392084,
            2.3340779937943177,
            3.7660737818767682,
            6.956644245332945,
            5008.501156898037,
            Infinity
        ]
    },
    "model": {
        "N0": 0.0625,
        "class": "SMCModel",
        "knots": [
            0.08098609976774605,
            0.18246215347373876,
            0.4222418550790864,
            1.0070579669224151,
            2.3340779937943177,
            6.956644245332945
        ],
        "pid": "Pop1",
        "spline_class": "Piecewise",
        "y": [
            9.210335968248172,
            9.210333905289312,
            9.210333905289312,
            9.210333905289312,
            9.210333905289312,
            9.210333905289312
        ]
    },
    "rho": 0.009996002840327433,
    "theta": 0.0001
}