{
    "alpha": 100,
    "hidden_states": {
        "Pop1": [
            0.0,
            0.08313669512566126,
            0.13760394075209928,
            0.225640951642473,
            0.3682460611238567,
            0.6174054246653594,
            1.0261173993367987,
            1.7282914934512312,
            2.9891674926915077,
            5.81926624550395,
            5008.413046393556,
            Infinity
        ]
    },
    "model": {
        "N0": 0.0625,
        "class": "SMCModel",
        "knots": [
            0.08313669512566126,
            0.225640951642473,
            0.6174054246653594,
            1.7282914934512312,
            5.81926624550395
        ],
        "pid": "Pop1",
        "spline_class": "Piecewise",
        "y": [
            9.144684326810133,
            9.144684326810133,
            9.144684326810133,
            9.144684326810133,
            9.144684326810133
        ]
    },
    "rho": 0.0001,
    "theta": 0.0001
}