{
    "alpha": 100,
    "hidden_states": {
        "Pop1": [
            0.0,
            0.0005394134193409631,
            0.0008225034630078276,
            0.0012328814033117632,
            0.0018444277763976003,
            0.0027831713250193227,
            0.004245032488879828,
            0.006459005485629062,
            0.009799851903384322,
            0.01508037508636472,
            0.023700897252061887,
            0.04011281700189595,
            40.03573058775238,
            Infinity
        ]
    },
    "model": {
        "N0": 6.250000000000001,
        "class": "SMCModel",
        "knots": [
            0.0005394134193409631,
            0.0012328814033117632,
            0.0027831713250193227,
            0.006459005485629062,
            0.01508037508636472,
            0.04011281700189595
        ],
        "pid": "Pop1",
        "spline_class": "Piecewise",
        "y": [
            1.659475188037898,
            0.44714338414086996,
            -0.7216718086368235,
            -1.8090148546874296,
            -3.0250084410026696,
            0.5184325807601483
        ]
    },
    "rho": 0.009996002840327433,
    "theta": 0.0001
}