{
    "alpha": 100,
    "hidden_states": {
        "Pop1": [
            0.0,
            0.07495115637981191,
            0.11407787259430993,
            0.17098822187025295,
            0.2618794015863261,
            0.39563406978146115,
            0.6124238581940159,
            0.942603504970325,
            1.4311499520331388,
            2.197289737063356,
            3.518657186424296,
            6.2652719700459425,
            5007.8596754744385,
            Infinity
        ]
    },
    "model": {
        "N0": 0.0625,
        "class": "SMCModel",
        "knots": [
            0.07495115637981191,
            0.17098822187025295,
            0.39563406978146115,
            0.942603504970325,
            2.197289737063356,
            6.2652719700459425
        ],
        "pid": "Pop1",
        "spline_class": "Piecewise",
        "y": [
            6.44481228512567,
            6.44481228512567,
            6.44481228512567,
            6.44481228512567,
            6.44481228512567,
            6.44481228512567
        ]
    },
    "rho": 0.0001,
    "theta": 0.0001
}