{
    "LL": -8.682794130387926,
    "alpha": 100,
    "hidden_states": {
        "Pop1": [
            0.0,
            0.10398944549984272,
            0.16285731368889506,
            0.25426646652132073,
            0.390281043353616,
            0.5834907309649626,
            0.8926975940309921,
            1.348900568230883,
            2.0751783679840714,
            3.351456425889116,
            5.79628983191629,
            4995.525736221574,
            5009.857047605039,
            Infinity
        ]
    },
    "model": {
        "N0": 0.0625,
        "class": "SMCModel",
        "knots": [
            0.10398944549984272,
            0.25426646652132073,
            0.5834907309649626,
            1.348900568230883,
            3.351456425889116,
            4995.525736221574
        ],
        "pid": "Pop1",
        "spline_class": "Piecewise",
        "y": [
            9.2103364763918,
            9.210334411067272,
            9.210334411067272,
            9.210334411067272,
            9.210334411067272,
            9.210334411067272
        ]
    },
    "rho": 0.009996002840327433,
    "theta": 0.0001
}