{
    "alpha": 100,
    "hidden_states": {
        "Pop1": [
            0.0,
            0.0766541266852527,
            0.14654709659079992,
            0.2798819911505866,
            0.5391020865534244,
            1.0428464874931846,
            2.067277844181765,
            4.373552638595723,
            5007.835969065807,
            Infinity
        ]
    },
    "model": {
        "N0": 0.0625,
        "class": "SMCModel",
        "knots": [
            0.0766541266852527,
            0.2798819911505866,
            1.0428464874931846,
            4.373552638595723
        ],
        "pid": "Pop1",
        "spline_class": "Piecewise",
        "y": [
            5.251299982793191,
            4.540678321250316,
            3.7727309117428263,
            5.468264270758196
        ]
    },
    "rho": 0.009996002840327433,
    "theta": 0.0001
}