{
    "alpha": 100,
    "hidden_states": {
        "Pop1": [
            0.0,
            0.000850776274172402,
            0.0038099615599084353,
            0.01787617746717484,
            62.56219662383118,
            Infinity
        ]
    },
    "model": {
        "N0": 4.0,
        "class": "SMCModel",
        "knots": [
            0.000850776274172402,
            0.01787617746717484
        ],
        "pid": "Pop1",
        "spline_class": "Piecewise",
        "y": [
            -3.337005426148964,
            0.6473433830484366
        ]
    },
    "rho": 0.00999345264069605,
    "theta": 0.0001
}