{
    "alpha": 100,
    "hidden_states": {
        "Pop1": [
            0.0,
            0.000850776274172402,
            0.0038099615599084353,
            0.01787617746717484,
            62.56219662383118,
            Infinity
        ]
    },
    "model": {
        "N0": 4.0,
        "class": "SMCModel",
        "knots": [
            0.000850776274172402,
            0.01787617746717484
        ],
        "pid": "Pop1",
        "spline_class": "Piecewise",
        "y": [
            -2.4175975708745017,
            0.653706973495988
        ]
    },
    "rho": 0.009994935174501066,
    "theta": 0.0001
}