{
    "alpha": 100,
    "hidden_states": {
        "Pop1": [
            0.0,
            0.0768909067553742,
            0.20190248395701532,
            0.5008835296065705,
            1.238202482430968,
            3.3723896323936677,
            5008.314932234028,
            Infinity
        ]
    },
    "model": {
        "N0": 0.0625,
        "class": "SMCModel",
        "knots": [
            0.0768909067553742,
            0.5008835296065705,
            3.3723896323936677
        ],
        "pid": "Pop1",
        "spline_class": "Piecewise",
        "y": [
            9.137850890912722,
            9.137850890912722,
            9.137850890912722
        ]
    },
    "rho": 0.0001,
    "theta": 0.0001
}