{
    "alpha": 100,
    "hidden_states": {
        "Pop1": [
            0.0,
            0.07333164517418105,
            0.12271905089549116,
            0.212006051293503,
            0.3544143235721379,
            0.5780608358152192,
            0.969156566205405,
            1.624595486914696,
            2.814526467619133,
            5.351815142720577,
            5007.672494124064,
            Infinity
        ]
    },
    "model": {
        "N0": 0.0625,
        "class": "SMCModel",
        "knots": [
            0.07333164517418105,
            0.212006051293503,
            0.5780608358152192,
            1.624595486914696,
            5.351815142720577
        ],
        "pid": "Pop1",
        "spline_class": "Piecewise",
        "y": [
            5.790242266998146,
            4.846344215124111,
            4.749907505785719,
            3.920591057779829,
            5.487155275736354
        ]
    },
    "rho": 0.009996002840327433,
    "theta": 0.0001
}