{
    "alpha": 100,
    "hidden_states": {
        "Pop1": [
            0.0,
            0.05043053762692667,
            0.23009957856647012,
            1.0787102992395972,
            10.49207080291622,
            Infinity
        ]
    },
    "model": {
        "N0": 0.0625,
        "class": "SMCModel",
        "knots": [
            0.05043053762692667,
            1.0787102992395972
        ],
        "pid": "Pop1",
        "spline_class": "Piecewise",
        "y": [
            0.3774285186955921,
            2.2489891277674845
        ]
    },
    "rho": 0.003272260642436399,
    "theta": 0.0001
}