{"Parameters":{"0":{"Kappa":112.2018454302,"Tau":1.0}},"Positive hit":{"0":2},"SNPs":{"0":[7129,5805]},"Model0 ll":{"0":[-2861.3024550568,-2122.1040720458]},"Model1 ll":{"0":[-1085.8895653794,-1096.7508742738]}}