{"Parameters":{"0":{"Kappa":2511.8864315096,"Tau":1.0}},"Positive hit":{"0":2},"SNPs":{"0":[132955,130805]},"Model0 ll":{"0":[-39993.8514475027,-54289.3743271594]},"Model1 ll":{"0":[-16889.4865901252,-26883.6833973608]}}