{"Parameters":{"0":{"Kappa":316.2277660168,"Tau":1.0}},"Positive hit":{"0":2},"SNPs":{"0":[16158,16189]},"Model0 ll":{"0":[-6839.8808948555,-3642.3066541637]},"Model1 ll":{"0":[-1961.2770298034,-839.0910885112]}}