{"Parameters":{"0":{"Kappa":1778.2794100389,"Tau":1.0}},"Positive hit":{"0":2},"SNPs":{"0":[97002,88687]},"Model0 ll":{"0":[-33604.8424195119,-43126.9388825244]},"Model1 ll":{"0":[-13094.0844954466,-31209.1357272356]}}