{"Parameters":{"0":{"Kappa":28.1838293126,"Tau":1.0}},"Positive hit":{"0":2},"SNPs":{"0":[1667,1341]},"Model0 ll":{"0":[-421.7946508865,-499.607662637]},"Model1 ll":{"0":[-197.934737976,-237.6696025252]}}