{"Parameters":{"0":{"Kappa":794.3282347243,"Tau":1.0}},"Positive hit":{"0":2},"SNPs":{"0":[50012,48001]},"Model0 ll":{"0":[-13867.2404061851,-17735.3395910588]},"Model1 ll":{"0":[-4606.3096036274,-7538.6277639995]}}