{"Parameters":{"0":{"Kappa":22.3872113857,"Tau":1.0}},"Positive hit":{"0":2},"SNPs":{"0":[1153,1249]},"Model0 ll":{"0":[-504.1011827697,-355.8376445751]},"Model1 ll":{"0":[-238.7055764369,-213.524956707]}}