{"Parameters":{"0":{"Kappa":177.8279410039,"Tau":1.0}},"Positive hit":{"0":2},"SNPs":{"0":[7277,10221]},"Model0 ll":{"0":[-5113.9651365241,-1567.9779638988]},"Model1 ll":{"0":[-2162.3498971416,-485.6174183029]}}