{"Parameters":{"0":{"Kappa":1.5848931925,"Tau":1.0}},"Positive hit":{"0":1},"SNPs":{"0":[141,119]},"Model0 ll":{"0":[-45.7742523274,-71.639185797]},"Model1 ll":{"0":[-45.7816383732,-58.2188958772]}}