{"Parameters":{"0":{"Kappa":707.9457843841,"Tau":1.0}},"Positive hit":{"0":2},"SNPs":{"0":[35504,45405]},"Model0 ll":{"0":[-14635.7024082626,-6494.3768480421]},"Model1 ll":{"0":[-5042.2362314456,-1188.3662425191]}}