{"Parameters":{"0":{"Kappa":79.4328234724,"Tau":1.0}},"Positive hit":{"0":2},"SNPs":{"0":[4708,4830]},"Model0 ll":{"0":[-983.1939496573,-1331.6464464641]},"Model1 ll":{"0":[-286.6704940885,-439.9843387158]}}