{"Parameters":{"0":{"Kappa":398.1071705535,"Tau":1.0}},"Positive hit":{"0":2},"SNPs":{"0":[22673,21232]},"Model0 ll":{"0":[-5379.7633081715,-7879.1226739594]},"Model1 ll":{"0":[-1151.4448207981,-3345.0267974126]}}