{"Parameters":{"0":{"Kappa":8.9125093813,"Tau":1.0}},"Positive hit":{"0":2},"SNPs":{"0":[507,460]},"Model0 ll":{"0":[-223.0700209127,-186.5338289309]},"Model1 ll":{"0":[-134.3538527763,-132.1436838458]}}