{"Parameters":{"0":{"Kappa":3.1622776602,"Tau":1.0}},"Positive hit":{"0":2},"SNPs":{"0":[224,257]},"Model0 ll":{"0":[-92.0779461509,-99.143038253]},"Model1 ll":{"0":[-81.5070256585,-76.7017981467]}}