{"Parameters":{"0":{"Kappa":1.77827941,"Tau":1.0}},"Positive hit":{"0":2},"SNPs":{"0":[131,162]},"Model0 ll":{"0":[-42.4056796308,-58.6091959946]},"Model1 ll":{"0":[-39.1122313165,-56.080947354]}}