{"Parameters":{"0":{"Kappa":281.8382931264,"Tau":1.0}},"Positive hit":{"0":2},"SNPs":{"0":[14523,5612]},"Model0 ll":{"0":[-5605.9873960142,-3557.6044251285]},"Model1 ll":{"0":[-1759.9462110477,-2320.7759253516]}}