{
    "alpha": 100,
    "hidden_states": {
        "Pop1": [
            0.0,
            0.07888635573839349,
            0.10652556093403504,
            0.1431462753078811,
            0.1934743412636086,
            0.25669372468877827,
            0.3474975457304458,
            0.47558418489099147,
            0.6417412968025222,
            0.8682309219854522,
            1.188598701662196,
            1.618686077037146,
            2.236656630887927,
            3.1502146931846626,
            4.612742128030451,
            7.674069973795519,
            5007.8591849311115,
            Infinity
        ]
    },
    "model": {
        "N0": 0.0625,
        "class": "SMCModel",
        "knots": [
            0.07888635573839349,
            0.1431462753078811,
            0.25669372468877827,
            0.47558418489099147,
            0.8682309219854522,
            1.618686077037146,
            3.1502146931846626,
            7.674069973795519
        ],
        "pid": "Pop1",
        "spline_class": "Piecewise",
        "y": [
            6.077249282680743,
            5.150160340020872,
            5.183158498046201,
            5.303236659163587,
            5.438641427803147,
            5.406686660037044,
            4.45038950791298,
            5.457083667486827
        ]
    },
    "rho": 0.009996002840327433,
    "theta": 0.0001
}