{
    "alpha": 100,
    "hidden_states": {
        "Pop1": [
            0.0,
            0.07369513422777216,
            0.3550641557934036,
            1.6115112440672574,
            5007.795128542073,
            Infinity
        ]
    },
    "model": {
        "N0": 0.0625,
        "class": "SMCModel",
        "knots": [
            0.07369513422777216,
            1.6115112440672574
        ],
        "pid": "Pop1",
        "spline_class": "Piecewise",
        "y": [
            6.359159990402711,
            6.359159990402711
        ]
    },
    "rho": 0.0001,
    "theta": 0.0001
}