{
    "alpha": 100,
    "hidden_states": {
        "Pop1": [
            0.0,
            0.07466912098464819,
            0.1400652225617253,
            0.27719132204818747,
            0.5403392526787827,
            1.0667916717824075,
            2.051665458812406,
            4.368882058425273,
            5007.848534975602,
            Infinity
        ]
    },
    "model": {
        "N0": 0.0625,
        "class": "SMCModel",
        "knots": [
            0.07466912098464819,
            0.27719132204818747,
            1.0667916717824075,
            4.368882058425273
        ],
        "pid": "Pop1",
        "spline_class": "Piecewise",
        "y": [
            6.444443325209881,
            6.444443325209881,
            6.444443325209881,
            6.444443325209881
        ]
    },
    "rho": 0.0001,
    "theta": 0.0001
}