{
    "alpha": 100,
    "hidden_states": {
        "Pop1": [
            0.0,
            0.07211409208898978,
            0.11199767928004283,
            0.1702434490879881,
            0.2639240875522209,
            0.39923755357609636,
            0.614569415903767,
            0.947208816058377,
            1.4391652783042763,
            2.216407557896288,
            3.5490068166304845,
            6.333022533618812,
            5007.967709932841,
            Infinity
        ]
    },
    "model": {
        "N0": 0.0625,
        "class": "SMCModel",
        "knots": [
            0.07211409208898978,
            0.1702434490879881,
            0.39923755357609636,
            0.947208816058377,
            2.216407557896288,
            6.333022533618812
        ],
        "pid": "Pop1",
        "spline_class": "Piecewise",
        "y": [
            2.9871627299040187,
            3.418769767197834,
            4.041116919401529,
            4.749995263825811,
            5.37366784989709,
            5.240187459192623
        ]
    },
    "rho": 0.003979601104099725,
    "theta": 0.0001
}