{
    "alpha": 100,
    "hidden_states": {
        "Pop1": [
            0.0,
            0.0756464985613768,
            0.1026263619332969,
            0.13453306547270716,
            0.18768439868759884,
            0.2561748725866879,
            0.3440404721107691,
            0.4761085274909727,
            0.6532013946676254,
            0.895753861545397,
            1.2221763199033482,
            1.6517013066646982,
            2.2760945945108504,
            3.2079045715097054,
            4.7078191265396665,
            7.959375366074212,
            5007.9353175594715,
            Infinity
        ]
    },
    "model": {
        "N0": 0.0625,
        "class": "SMCModel",
        "knots": [
            0.0756464985613768,
            0.13453306547270716,
            0.2561748725866879,
            0.4761085274909727,
            0.895753861545397,
            1.6517013066646982,
            3.2079045715097054,
            7.959375366074212
        ],
        "pid": "Pop1",
        "spline_class": "Piecewise",
        "y": [
            6.458552001646342,
            6.458552001646342,
            6.458552001646342,
            6.458552001646342,
            6.458552001646342,
            6.458552001646342,
            6.458552001646342,
            6.458552001646342
        ]
    },
    "rho": 0.0001,
    "theta": 0.0001
}