{
    "alpha": 100,
    "hidden_states": {
        "Pop1": [
            0.0,
            0.07385066575292788,
            0.10554484323893035,
            0.1533544720551658,
            0.22429361919200547,
            0.31730311415025353,
            0.44601693235994727,
            0.6237061864937068,
            0.894609020476519,
            1.2681699849228747,
            1.8225385964043788,
            2.6856284067388443,
            4.102959793754714,
            7.038715537427237,
            5007.813299581022,
            Infinity
        ]
    },
    "model": {
        "N0": 0.0625,
        "class": "SMCModel",
        "knots": [
            0.07385066575292788,
            0.1533544720551658,
            0.31730311415025353,
            0.6237061864937068,
            1.2681699849228747,
            2.6856284067388443,
            7.038715537427237
        ],
        "pid": "Pop1",
        "spline_class": "Piecewise",
        "y": [
            4.370369091952335,
            4.163658915994806,
            4.405760901939405,
            4.694963580329104,
            4.73738020657878,
            4.215457420894475,
            5.456167265849295
        ]
    },
    "rho": 0.009996002840327433,
    "theta": 0.0001
}