{
    "alpha": 100,
    "hidden_states": {
        "Pop1": [
            0.0,
            0.0005199076780581461,
            0.0008630478266944239,
            0.0014079907472963824,
            0.0023729938142112825,
            0.0039086988138130226,
            0.006485050849145183,
            0.010807546877001849,
            0.01856135323858509,
            0.03327586825436217,
            0.1083643444861459,
            Infinity
        ]
    },
    "model": {
        "N0": 6.250000000000001,
        "class": "SMCModel",
        "knots": [
            0.0005199076780581461,
            0.0014079907472963824,
            0.0039086988138130226,
            0.010807546877001849,
            0.03327586825436217
        ],
        "pid": "Pop1",
        "spline_class": "Piecewise",
        "y": [
            -3.780093432051078,
            -3.1307812931893775,
            -2.4263251618647215,
            -1.764455697014096,
            -2.401798723809954
        ]
    },
    "rho": 0.0001081550577425425,
    "theta": 0.0001
}