{
    "alpha": 100,
    "hidden_states": {
        "Pop1": [
            0.0,
            0.08099560029661576,
            0.1294086846395868,
            0.22012429059764063,
            0.3624413031627955,
            0.6187860450635837,
            1.0558505713439323,
            1.7419017410728237,
            3.0199105253678313,
            5.891117885268248,
            5008.500440538636,
            Infinity
        ]
    },
    "model": {
        "N0": 0.0625,
        "class": "SMCModel",
        "knots": [
            0.08099560029661576,
            0.22012429059764063,
            0.6187860450635837,
            1.7419017410728237,
            5.891117885268248
        ],
        "pid": "Pop1",
        "spline_class": "Piecewise",
        "y": [
            9.125482154567557,
            9.125482154567557,
            9.125482154567557,
            9.125482154567557,
            9.125482154567557
        ]
    },
    "rho": 0.0001,
    "theta": 0.0001
}