{
    "alpha": 100,
    "hidden_states": {
        "Pop1": [
            0.0,
            0.07355472221836619,
            0.1913681873001009,
            0.47750218870429373,
            1.1887301143091185,
            3.18995341162195,
            5007.719221284645,
            Infinity
        ]
    },
    "model": {
        "N0": 0.0625,
        "class": "SMCModel",
        "knots": [
            0.07355472221836619,
            0.47750218870429373,
            3.18995341162195
        ],
        "pid": "Pop1",
        "spline_class": "Piecewise",
        "y": [
            6.365851143291712,
            6.365851143291712,
            6.365851143291712
        ]
    },
    "rho": 0.0001,
    "theta": 0.0001
}