{
    "alpha": 100,
    "hidden_states": {
        "Pop1": [
            0.0,
            0.0004735913832431551,
            0.0012117554694541146,
            0.003116821223679179,
            0.00810101629334947,
            0.020705365989141352,
            0.10978655644303156,
            Infinity
        ]
    },
    "model": {
        "N0": 6.250000000000001,
        "class": "SMCModel",
        "knots": [
            0.0004735913832431551,
            0.003116821223679179,
            0.020705365989141352
        ],
        "pid": "Pop1",
        "spline_class": "Piecewise",
        "y": [
            -3.666066712512091,
            -1.8923744230448107,
            -2.1926700732526987
        ]
    },
    "rho": 0.0003413340123913822,
    "theta": 0.0001
}