{
    "alpha": 100,
    "hidden_states": {
        "Pop1": [
            0.0,
            0.00047379508755850347,
            0.0009452931474652371,
            0.0018460951005748146,
            0.0035988025919914063,
            0.007063738055741392,
            0.013653975749514912,
            0.028125138201967836,
            0.12340741554974323,
            Infinity
        ]
    },
    "model": {
        "N0": 6.250000000000001,
        "class": "SMCModel",
        "knots": [
            0.00047379508755850347,
            0.0018460951005748146,
            0.007063738055741392,
            0.028125138201967836
        ],
        "pid": "Pop1",
        "spline_class": "Piecewise",
        "y": [
            1.2065837744539119,
            -0.37209894888405265,
            -1.6262464545938797,
            -1.7397548425503593
        ]
    },
    "rho": 0.009996606137488097,
    "theta": 0.0001
}