{
    "alpha": 100,
    "hidden_states": {
        "Pop1": [
            0.0,
            0.00047379508755850347,
            0.0009452931474652371,
            0.0018460951005748146,
            0.0035988025919914063,
            0.007063738055741392,
            0.013653975749514912,
            0.028125138201967836,
            0.12340741554974323,
            Infinity
        ]
    },
    "model": {
        "N0": 6.250000000000001,
        "class": "SMCModel",
        "knots": [
            0.00047379508755850347,
            0.0018460951005748146,
            0.007063738055741392,
            0.028125138201967836
        ],
        "pid": "Pop1",
        "spline_class": "Piecewise",
        "y": [
            -0.5106874876339904,
            -1.4061331706733795,
            -1.5177385914544617,
            -2.012128857630363
        ]
    },
    "rho": 0.0023214277508459232,
    "theta": 0.0001
}