{
    "alpha": 100,
    "hidden_states": {
        "Pop1": [
            0.0,
            0.07853157825002464,
            0.1214274661243794,
            0.18928907346983156,
            0.2868533958291202,
            0.43352634030105924,
            0.6444734480179419,
            0.9863099349520787,
            1.5050848786572597,
            2.335094486903638,
            3.8072494112225876,
            7.1069895751231815,
            5008.521320127675,
            Infinity
        ]
    },
    "model": {
        "N0": 0.0625,
        "class": "SMCModel",
        "knots": [
            0.07853157825002464,
            0.18928907346983156,
            0.43352634030105924,
            0.9863099349520787,
            2.335094486903638,
            7.1069895751231815
        ],
        "pid": "Pop1",
        "spline_class": "Piecewise",
        "y": [
            9.2103340732865,
            9.210334112203304,
            9.210334112203304,
            9.210334112203304,
            9.210334112203304,
            9.210334112203304
        ]
    },
    "rho": 0.009996002840327433,
    "theta": 0.0001
}