{
    "LL": NaN,
    "alpha": 100,
    "hidden_states": {
        "Pop1": [
            0.0,
            0.0004737066421752507,
            0.1283413321698622,
            Infinity
        ]
    },
    "model": {
        "N0": 6.250000000000001,
        "class": "SMCModel",
        "knots": [
            0.0004737066421752507
        ],
        "pid": "Pop1",
        "spline_class": "Piecewise",
        "y": [
            -2.017950532572296
        ]
    },
    "rho": 0.0001,
    "theta": 0.0001
}