{
    "alpha": 100,
    "hidden_states": {
        "Pop1": [
            0.0,
            0.07109833063072828,
            0.09769077526858647,
            0.1328257205457832,
            0.18529772317613635,
            0.25519676099950506,
            0.3438146167289615,
            0.47217385674096557,
            0.6480581530493871,
            0.8827283257684769,
            1.2100101033754538,
            1.638852436358526,
            2.2687859919780466,
            3.1856814049957283,
            4.659426918599852,
            7.801795758356096,
            5007.914644329805,
            Infinity
        ]
    },
    "model": {
        "N0": 0.0625,
        "class": "SMCModel",
        "knots": [
            0.07109833063072828,
            0.1328257205457832,
            0.25519676099950506,
            0.47217385674096557,
            0.8827283257684769,
            1.638852436358526,
            3.1856814049957283,
            7.801795758356096
        ],
        "pid": "Pop1",
        "spline_class": "Piecewise",
        "y": [
            6.422245409891786,
            6.422245409891786,
            6.422245409891786,
            6.422245409891786,
            6.422245409891786,
            6.422245409891786,
            6.422245409891786,
            6.422245409891786
        ]
    },
    "rho": 0.0001,
    "theta": 0.0001
}