{
    "alpha": 100,
    "hidden_states": {
        "Pop1": [
            0.0,
            0.000491709074683401,
            0.0012929787263354791,
            0.003270183307969165,
            0.008120166382791272,
            0.021146070819670945,
            80.02046882286007,
            Infinity
        ]
    },
    "model": {
        "N0": 6.250000000000001,
        "class": "SMCModel",
        "knots": [
            0.000491709074683401,
            0.003270183307969165,
            0.021146070819670945
        ],
        "pid": "Pop1",
        "spline_class": "Piecewise",
        "y": [
            -4.542497032619202,
            -1.8203986485527603,
            4.663809898290893
        ]
    },
    "rho": 0.009995027193097219,
    "theta": 0.0001
}