{
    "alpha": 100,
    "hidden_states": {
        "Pop1": [
            0.0,
            0.000491709074683401,
            0.0012929787263354791,
            0.003270183307969165,
            0.008120166382791272,
            0.021146070819670945,
            80.02046882286007,
            Infinity
        ]
    },
    "model": {
        "N0": 6.250000000000001,
        "class": "SMCModel",
        "knots": [
            0.000491709074683401,
            0.003270183307969165,
            0.021146070819670945
        ],
        "pid": "Pop1",
        "spline_class": "Piecewise",
        "y": [
            -4.5395443206737145,
            -1.8295072988818197,
            4.663906065810231
        ]
    },
    "rho": 0.00999502535197569,
    "theta": 0.0001
}