{
    "alpha": 100,
    "hidden_states": {
        "Pop1": [
            0.0,
            0.000491709074683401,
            0.0012929787263354791,
            0.003270183307969165,
            0.008120166382791272,
            0.021146070819670945,
            80.02046882286007,
            Infinity
        ]
    },
    "model": {
        "N0": 6.250000000000001,
        "class": "SMCModel",
        "knots": [
            0.000491709074683401,
            0.003270183307969165,
            0.021146070819670945
        ],
        "pid": "Pop1",
        "spline_class": "Piecewise",
        "y": [
            -4.542521508379082,
            -1.8203230014604266,
            4.663809100855822
        ]
    },
    "rho": 0.009995027208071236,
    "theta": 0.0001
}