{
    "alpha": 100,
    "hidden_states": {
        "Pop1": [
            0.0,
            0.000491709074683401,
            0.0012929787263354791,
            0.003270183307969165,
            0.008120166382791272,
            0.021146070819670945,
            80.02046882286007,
            Infinity
        ]
    },
    "model": {
        "N0": 6.250000000000001,
        "class": "SMCModel",
        "knots": [
            0.000491709074683401,
            0.003270183307969165,
            0.021146070819670945
        ],
        "pid": "Pop1",
        "spline_class": "Piecewise",
        "y": [
            -3.9373181757901543,
            -2.6783208145860704,
            4.657656492254936
        ]
    },
    "rho": 0.009994793891717478,
    "theta": 0.0001
}