{
    "alpha": 100,
    "hidden_states": {
        "Pop1": [
            0.0,
            0.000491709074683401,
            0.0012929787263354791,
            0.003270183307969165,
            0.008120166382791272,
            0.021146070819670945,
            80.02046882286007,
            Infinity
        ]
    },
    "model": {
        "N0": 6.250000000000001,
        "class": "SMCModel",
        "knots": [
            0.000491709074683401,
            0.003270183307969165,
            0.021146070819670945
        ],
        "pid": "Pop1",
        "spline_class": "Piecewise",
        "y": [
            -3.478978101843871,
            -2.759459268543122,
            4.56808735455071
        ]
    },
    "rho": 0.009993953589284585,
    "theta": 0.0001
}