{
    "alpha": 100,
    "hidden_states": {
        "Pop1": [
            0.0,
            0.07690881792576205,
            0.13229886683068304,
            0.22998040888032534,
            0.3783037481268782,
            0.6145865733219769,
            1.030181520505362,
            1.7346016849079051,
            3.044600756073977,
            5.9547678113480895,
            5008.43086279385,
            Infinity
        ]
    },
    "model": {
        "N0": 0.0625,
        "class": "SMCModel",
        "knots": [
            0.07690881792576205,
            0.22998040888032534,
            0.6145865733219769,
            1.7346016849079051,
            5.9547678113480895
        ],
        "pid": "Pop1",
        "spline_class": "Piecewise",
        "y": [
            9.21033591992853,
            9.210334054971549,
            9.210334054971549,
            9.210334054971549,
            9.210334054971549
        ]
    },
    "rho": 0.009996002840327433,
    "theta": 0.0001
}