{
    "alpha": 100,
    "hidden_states": {
        "Pop1": [
            0.0,
            0.08100442216827046,
            0.1294133878664882,
            0.2201861619320523,
            0.3626609387572765,
            0.6188735611896758,
            1.0561924375429865,
            1.7424921966233071,
            3.0220843466089375,
            5.901927277880019,
            5008.506893729672,
            Infinity
        ]
    },
    "model": {
        "N0": 0.0625,
        "class": "SMCModel",
        "knots": [
            0.08100442216827046,
            0.2201861619320523,
            0.6188735611896758,
            1.7424921966233071,
            5.901927277880019
        ],
        "pid": "Pop1",
        "spline_class": "Piecewise",
        "y": [
            6.31359760773498,
            6.31359760773498,
            6.31359760773498,
            6.31359760773498,
            6.31359760773498
        ]
    },
    "rho": 0.0001,
    "theta": 0.0001
}