{
    "alpha": 100,
    "hidden_states": {
        "Pop1": [
            0.0,
            0.07339001696845318,
            0.10029062581586444,
            0.13641103351965414,
            0.1910561871736411,
            0.2611706185701063,
            0.35526743578444414,
            0.47618939134520394,
            0.6367142411700318,
            0.8772254700072475,
            1.1864032587945568,
            1.6265066963178856,
            2.2408545883364437,
            3.1828856009700286,
            4.647105269400925,
            7.762814874486274,
            5007.705786962199,
            Infinity
        ]
    },
    "model": {
        "N0": 0.0625,
        "class": "SMCModel",
        "knots": [
            0.07339001696845318,
            0.13641103351965414,
            0.2611706185701063,
            0.47618939134520394,
            0.8772254700072475,
            1.6265066963178856,
            3.1828856009700286,
            7.762814874486274
        ],
        "pid": "Pop1",
        "spline_class": "Piecewise",
        "y": [
            6.361709859447707,
            6.361709859447707,
            6.361709859447707,
            6.361709859447707,
            6.361709859447707,
            6.361709859447707,
            6.361709859447707,
            6.361709859447707
        ]
    },
    "rho": 0.0001,
    "theta": 0.0001
}