{
    "alpha": 100,
    "hidden_states": {
        "Pop1": [
            0.0,
            0.0828186419327212,
            0.20266211803064751,
            0.5025351181935857,
            1.2645717012242543,
            3.3872279749217005,
            5008.335439310034,
            Infinity
        ]
    },
    "model": {
        "N0": 0.0625,
        "class": "SMCModel",
        "knots": [
            0.0828186419327212,
            0.5025351181935857,
            3.3872279749217005
        ],
        "pid": "Pop1",
        "spline_class": "Piecewise",
        "y": [
            9.210335980852857,
            9.21033398943841,
            9.21033398943841
        ]
    },
    "rho": 0.009996002840327433,
    "theta": 0.0001
}