{
    "alpha": 100,
    "hidden_states": {
        "Pop1": [
            0.0,
            0.08075257571061874,
            0.12019495690289866,
            0.18179323517379775,
            0.2770227714843571,
            0.42109588984734786,
            0.6493009716031263,
            1.003939605946251,
            1.5088190738920386,
            2.3282958133363305,
            3.755786176817759,
            6.9332608159711775,
            5008.485166634749,
            Infinity
        ]
    },
    "model": {
        "N0": 0.0625,
        "class": "SMCModel",
        "knots": [
            0.08075257571061874,
            0.18179323517379775,
            0.42109588984734786,
            1.003939605946251,
            2.3282958133363305,
            6.9332608159711775
        ],
        "pid": "Pop1",
        "spline_class": "Piecewise",
        "y": [
            9.148422193778767,
            9.148422193778767,
            9.148422193778767,
            9.148422193778767,
            9.148422193778767,
            9.148422193778767
        ]
    },
    "rho": 0.0001,
    "theta": 0.0001
}