{
    "alpha": 100,
    "hidden_states": {
        "Pop1": [
            0.0,
            0.07881921315373336,
            0.19340850454425762,
            0.48497085288498565,
            1.2131899192344735,
            3.232825154080752,
            5007.879618638973,
            Infinity
        ]
    },
    "model": {
        "N0": 0.0625,
        "class": "SMCModel",
        "knots": [
            0.07881921315373336,
            0.48497085288498565,
            3.232825154080752
        ],
        "pid": "Pop1",
        "spline_class": "Piecewise",
        "y": [
            6.391057124538173,
            6.391057124538173,
            6.391057124538173
        ]
    },
    "rho": 0.0001,
    "theta": 0.0001
}