{
    "alpha": 100,
    "hidden_states": {
        "Pop1": [
            0.0,
            0.08060977831812767,
            0.11004159824053097,
            0.1504213192126437,
            0.20174984492916562,
            0.268069936869867,
            0.3640723496017279,
            0.49819873234109674,
            0.6760516903142058,
            0.9144533578291442,
            1.251602101240879,
            1.7099522962948188,
            2.3722788812975746,
            3.3571269847151193,
            4.978001930630709,
            8.874481317986515,
            5008.405852222158,
            Infinity
        ]
    },
    "model": {
        "N0": 0.0625,
        "class": "SMCModel",
        "knots": [
            0.08060977831812767,
            0.1504213192126437,
            0.268069936869867,
            0.49819873234109674,
            0.9144533578291442,
            1.7099522962948188,
            3.3571269847151193,
            8.874481317986515
        ],
        "pid": "Pop1",
        "spline_class": "Piecewise",
        "y": [
            9.139748229396396,
            9.139748229396396,
            9.139748229396396,
            9.139748229396396,
            9.139748229396396,
            9.139748229396396,
            9.139748229396396,
            9.139748229396396
        ]
    },
    "rho": 0.0001,
    "theta": 0.0001
}