{
    "alpha": 100,
    "hidden_states": {
        "Pop1": [
            0.0,
            0.081016772788587,
            0.15120626300395132,
            0.29703457658544546,
            0.5735807597427901,
            1.135243115688064,
            2.1971449027840255,
            4.759879862466414,
            5008.504662739592,
            Infinity
        ]
    },
    "model": {
        "N0": 0.0625,
        "class": "SMCModel",
        "knots": [
            0.081016772788587,
            0.29703457658544546,
            1.135243115688064,
            4.759879862466414
        ],
        "pid": "Pop1",
        "spline_class": "Piecewise",
        "y": [
            1.313561269754992,
            1.6811422188193248,
            2.8499199038720793,
            4.920983118914594
        ]
    },
    "rho": 0.009996002840327433,
    "theta": 0.0001
}