{
    "alpha": 100,
    "hidden_states": {
        "Pop1": [
            0.0,
            0.07848214194808686,
            0.13265512212770383,
            0.23217617932517087,
            0.3783374035721527,
            0.616724925723166,
            1.0266055959737397,
            1.7182033808815729,
            3.0391177046613476,
            5.965986134966038,
            5008.516050852183,
            Infinity
        ]
    },
    "model": {
        "N0": 0.0625,
        "class": "SMCModel",
        "knots": [
            0.07848214194808686,
            0.23217617932517087,
            0.616724925723166,
            1.7182033808815729,
            5.965986134966038
        ],
        "pid": "Pop1",
        "spline_class": "Piecewise",
        "y": [
            9.210334072977234,
            9.210334112153806,
            9.210334112153806,
            9.210334112153806,
            9.210334112153806
        ]
    },
    "rho": 0.009996002840327433,
    "theta": 0.0001
}