{
    "alpha": 100,
    "hidden_states": {
        "Pop1": [
            0.0,
            0.0004819058756383697,
            0.0006655242510878232,
            0.0009069744059539124,
            0.0012626933205081236,
            0.0017406659309880212,
            0.002357994920788155,
            0.003202090248967384,
            0.004298998179944403,
            0.005739771804378243,
            0.007922651959017934,
            0.010757984593546545,
            0.014701981790066708,
            0.02057070718729872,
            0.029381061783372648,
            0.04429160528977239,
            0.10886952045181385,
            Infinity
        ]
    },
    "model": {
        "N0": 6.250000000000001,
        "class": "SMCModel",
        "knots": [
            0.0004819058756383697,
            0.0009069744059539124,
            0.0017406659309880212,
            0.003202090248967384,
            0.005739771804378243,
            0.010757984593546545,
            0.02057070718729872,
            0.04429160528977239
        ],
        "pid": "Pop1",
        "spline_class": "Piecewise",
        "y": [
            -1.8244181280563967,
            -1.8244181280563967,
            -1.8244181280563967,
            -1.8244181280563967,
            -1.8244181280563967,
            -1.8244181280563967,
            -1.8244181280563967,
            -1.8244181280563967
        ]
    },
    "rho": 0.0001,
    "theta": 0.0001
}