{
    "alpha": 100,
    "hidden_states": {
        "Pop1": [
            0.0,
            0.07060217081690236,
            0.18330389377954942,
            0.46757237152569997,
            1.199017436118322,
            3.1517366348932714,
            5007.835320257196,
            Infinity
        ]
    },
    "model": {
        "N0": 0.0625,
        "class": "SMCModel",
        "knots": [
            0.07060217081690236,
            0.46757237152569997,
            3.1517366348932714
        ],
        "pid": "Pop1",
        "spline_class": "Piecewise",
        "y": [
            6.359160354792663,
            6.359160354792663,
            6.359160354792663
        ]
    },
    "rho": 0.0001,
    "theta": 0.0001
}