{
    "alpha": 100,
    "hidden_states": {
        "Pop1": [
            0.0,
            0.07060217081690236,
            0.18330389377954942,
            0.46757237152569997,
            1.199017436118322,
            3.1517366348932714,
            5007.835320257196,
            Infinity
        ]
    },
    "model": {
        "N0": 0.0625,
        "class": "SMCModel",
        "knots": [
            0.07060217081690236,
            0.46757237152569997,
            3.1517366348932714
        ],
        "pid": "Pop1",
        "spline_class": "Piecewise",
        "y": [
            4.2437330540946006,
            3.529124075137222,
            5.415232770371113
        ]
    },
    "rho": 0.009996002840327433,
    "theta": 0.0001
}