{
    "alpha": 100,
    "hidden_states": {
        "Pop1": [
            0.0,
            0.07717384054283136,
            0.1049625904496145,
            0.14099058689901944,
            0.19603362792232143,
            0.2720043345477529,
            0.3622446629194379,
            0.5002665747910725,
            0.6840933757870461,
            0.9383051580254105,
            1.271855744396042,
            1.7378032812656903,
            2.404932045219455,
            3.395389382827641,
            5.005269667289617,
            9.008773454075476,
            5008.401971289838,
            Infinity
        ]
    },
    "model": {
        "N0": 0.0625,
        "class": "SMCModel",
        "knots": [
            0.07717384054283136,
            0.14099058689901944,
            0.2720043345477529,
            0.5002665747910725,
            0.9383051580254105,
            1.7378032812656903,
            3.395389382827641,
            9.008773454075476
        ],
        "pid": "Pop1",
        "spline_class": "Piecewise",
        "y": [
            9.139637969515034,
            9.139637969515034,
            9.139637969515034,
            9.139637969515034,
            9.139637969515034,
            9.139637969515034,
            9.139637969515034,
            9.139637969515034
        ]
    },
    "rho": 0.0001,
    "theta": 0.0001
}