{
    "alpha": 100,
    "hidden_states": {
        "Pop1": [
            0.0,
            0.07091643323042598,
            0.09746608701940306,
            0.1327667516086457,
            0.18527918879502,
            0.255028821081102,
            0.34372341683645724,
            0.4717202581512903,
            0.6471253720542982,
            0.8823781380257069,
            1.2083316373549375,
            1.6372104481951255,
            2.267092201670075,
            3.1820275863439114,
            4.653115150614036,
            7.780714988776407,
            5007.9074553131995,
            Infinity
        ]
    },
    "model": {
        "N0": 0.0625,
        "class": "SMCModel",
        "knots": [
            0.07091643323042598,
            0.1327667516086457,
            0.255028821081102,
            0.4717202581512903,
            0.8823781380257069,
            1.6372104481951255,
            3.1820275863439114,
            7.780714988776407
        ],
        "pid": "Pop1",
        "spline_class": "Piecewise",
        "y": [
            6.2513308483801415,
            5.273547988824934,
            5.316486203278914,
            5.480624712854046,
            5.583196124054315,
            5.507517817236977,
            4.654590852801187,
            5.495840088719012
        ]
    },
    "rho": 0.009996002840327433,
    "theta": 0.0001
}