{
    "alpha": 100,
    "hidden_states": {
        "Pop1": [
            0.0,
            0.0749689724581092,
            0.10267969167906113,
            0.13880156372202268,
            0.1934334686687682,
            0.26731063024356255,
            0.358120891718698,
            0.49602605151127177,
            0.6776299521753829,
            0.9289117234453228,
            1.261226293108476,
            1.7214194015083435,
            2.38371241478222,
            3.361102531098694,
            4.954031235829108,
            8.791116247783984,
            5008.357753730497,
            Infinity
        ]
    },
    "model": {
        "N0": 0.0625,
        "class": "SMCModel",
        "knots": [
            0.0749689724581092,
            0.13880156372202268,
            0.26731063024356255,
            0.49602605151127177,
            0.9289117234453228,
            1.7214194015083435,
            3.361102531098694,
            8.791116247783984
        ],
        "pid": "Pop1",
        "spline_class": "Piecewise",
        "y": [
            9.139198872775408,
            9.139198872775408,
            9.139198872775408,
            9.139198872775408,
            9.139198872775408,
            9.139198872775408,
            9.139198872775408,
            9.139198872775408
        ]
    },
    "rho": 0.0001,
    "theta": 0.0001
}