{
    "alpha": 100,
    "hidden_states": {
        "Pop1": [
            0.0,
            0.00048533490874863084,
            0.0008397730385473806,
            0.0013966758481106093,
            0.0023805080982512656,
            0.0039798939973526605,
            0.006722411179791448,
            0.011248058023463951,
            0.019057504842510665,
            0.03461541869005132,
            80.0269904000632,
            Infinity
        ]
    },
    "model": {
        "N0": 6.250000000000001,
        "class": "SMCModel",
        "knots": [
            0.00048533490874863084,
            0.0013966758481106093,
            0.0039798939973526605,
            0.011248058023463951,
            0.03461541869005132
        ],
        "pid": "Pop1",
        "spline_class": "Piecewise",
        "y": [
            -4.386891534911969,
            -3.159698361885542,
            -2.2916404055655297,
            -2.1104564961691272,
            4.665766557225597
        ]
    },
    "rho": 0.009994351015009104,
    "theta": 0.0001
}