{
    "alpha": 100,
    "hidden_states": {
        "Pop1": [
            0.0,
            0.00048533490874863084,
            0.0008397730385473806,
            0.0013966758481106093,
            0.0023805080982512656,
            0.0039798939973526605,
            0.006722411179791448,
            0.011248058023463951,
            0.019057504842510665,
            0.03461541869005132,
            80.0269904000632,
            Infinity
        ]
    },
    "model": {
        "N0": 6.250000000000001,
        "class": "SMCModel",
        "knots": [
            0.00048533490874863084,
            0.0013966758481106093,
            0.0039798939973526605,
            0.011248058023463951,
            0.03461541869005132
        ],
        "pid": "Pop1",
        "spline_class": "Piecewise",
        "y": [
            -5.129780034584919,
            -3.302518576542834,
            -2.100674723444912,
            -0.8087522987552107,
            4.670861576652851
        ]
    },
    "rho": 0.009994604802328083,
    "theta": 0.0001
}