{
    "alpha": 100,
    "hidden_states": {
        "Pop1": [
            0.0,
            0.0004826625126881603,
            0.0007515063953042426,
            0.0011493469747385387,
            0.0018074907713051828,
            0.0027392222320766872,
            0.004071552516638396,
            0.006133352046647288,
            0.009378484842923264,
            0.01434612178781052,
            0.022701698214998758,
            0.03791884258684834,
            0.12063363051587744,
            Infinity
        ]
    },
    "model": {
        "N0": 6.250000000000001,
        "class": "SMCModel",
        "knots": [
            0.0004826625126881603,
            0.0011493469747385387,
            0.0027392222320766872,
            0.006133352046647288,
            0.01434612178781052,
            0.03791884258684834
        ],
        "pid": "Pop1",
        "spline_class": "Piecewise",
        "y": [
            -4.738931320571178,
            -3.133848545202739,
            -2.0739740350796474,
            -2.0891655629109858,
            -1.7580928010403074,
            -2.2338786908999513
        ]
    },
    "rho": 0.0022490256861969894,
    "theta": 0.0001
}