{
    "alpha": 100,
    "hidden_states": {
        "Pop1": [
            0.0,
            0.0004826625126881603,
            0.0007515063953042426,
            0.0011493469747385387,
            0.0018074907713051828,
            0.0027392222320766872,
            0.004071552516638396,
            0.006133352046647288,
            0.009378484842923264,
            0.01434612178781052,
            0.022701698214998758,
            0.03791884258684834,
            0.12063363051587744,
            Infinity
        ]
    },
    "model": {
        "N0": 6.250000000000001,
        "class": "SMCModel",
        "knots": [
            0.0004826625126881603,
            0.0011493469747385387,
            0.0027392222320766872,
            0.006133352046647288,
            0.01434612178781052,
            0.03791884258684834
        ],
        "pid": "Pop1",
        "spline_class": "Piecewise",
        "y": [
            -5.497881161480361,
            -2.2724327752777826,
            -0.9539721744203331,
            -1.3318817471692783,
            -1.7130394448900546,
            -1.7310522209815888
        ]
    },
    "rho": 0.009995614397503112,
    "theta": 0.0001
}