{
    "alpha": 100,
    "hidden_states": {
        "Pop1": [
            0.0,
            0.0004826625126881603,
            0.0007515063953042426,
            0.0011493469747385387,
            0.0018074907713051828,
            0.0027392222320766872,
            0.004071552516638396,
            0.006133352046647288,
            0.009378484842923264,
            0.01434612178781052,
            0.022701698214998758,
            0.03791884258684834,
            0.12063363051587744,
            Infinity
        ]
    },
    "model": {
        "N0": 6.250000000000001,
        "class": "SMCModel",
        "knots": [
            0.0004826625126881603,
            0.0011493469747385387,
            0.0027392222320766872,
            0.006133352046647288,
            0.01434612178781052,
            0.03791884258684834
        ],
        "pid": "Pop1",
        "spline_class": "Piecewise",
        "y": [
            -5.4707252649100715,
            -2.090768464724992,
            -0.7491380273316982,
            -1.2587755501768134,
            -1.8460945998426865,
            -1.7087401470906078
        ]
    },
    "rho": 0.009994115013168095,
    "theta": 0.0001
}