{
    "alpha": 100,
    "hidden_states": {
        "Pop1": [
            0.0,
            0.07569529168946522,
            0.10929226249497981,
            0.16096956022792952,
            0.23500016043527017,
            0.33407528023629235,
            0.4673796489297611,
            0.6518596431369215,
            0.9475272172461081,
            1.3459917806543995,
            1.9296552826385303,
            2.8605666793192723,
            4.380287985673037,
            7.813616662142329,
            5008.306044377989,
            Infinity
        ]
    },
    "model": {
        "N0": 0.0625,
        "class": "SMCModel",
        "knots": [
            0.07569529168946522,
            0.16096956022792952,
            0.33407528023629235,
            0.6518596431369215,
            1.3459917806543995,
            2.8605666793192723,
            7.813616662142329
        ],
        "pid": "Pop1",
        "spline_class": "Piecewise",
        "y": [
            9.21033317789687,
            9.210333781247034,
            9.210333781247034,
            9.210333781247034,
            9.210333781247034,
            9.210333781247034,
            9.210333781247034
        ]
    },
    "rho": 0.009996002840327433,
    "theta": 0.0001
}