{
    "alpha": 100,
    "hidden_states": {
        "Pop1": [
            0.0,
            0.07908220209064033,
            0.13155819955078976,
            0.21235017170521936,
            0.3482008093439663,
            0.5808123431173556,
            0.9678846896019342,
            1.6265296895626948,
            2.803926808682717,
            5.356737954348101,
            5007.916812044503,
            Infinity
        ]
    },
    "model": {
        "N0": 0.0625,
        "class": "SMCModel",
        "knots": [
            0.07908220209064033,
            0.21235017170521936,
            0.5808123431173556,
            1.6265296895626948,
            5.356737954348101
        ],
        "pid": "Pop1",
        "spline_class": "Piecewise",
        "y": [
            6.416440025405248,
            6.416440025405248,
            6.416440025405248,
            6.416440025405248,
            6.416440025405248
        ]
    },
    "rho": 0.0001,
    "theta": 0.0001
}