{
    "alpha": 100,
    "hidden_states": {
        "Pop1": [
            0.0,
            0.07458975139232688,
            0.1144535092298405,
            0.17929947506844884,
            0.27370377536115215,
            0.41288926560268546,
            0.6118796150130633,
            0.9357435835545058,
            1.4208050664890397,
            2.1957236121417116,
            3.5657335158733092,
            6.383193079589143,
            5007.95085902223,
            Infinity
        ]
    },
    "model": {
        "N0": 0.0625,
        "class": "SMCModel",
        "knots": [
            0.07458975139232688,
            0.17929947506844884,
            0.41288926560268546,
            0.9357435835545058,
            2.1957236121417116,
            6.383193079589143
        ],
        "pid": "Pop1",
        "spline_class": "Piecewise",
        "y": [
            6.470109945576442,
            6.470109945576442,
            6.470109945576442,
            6.470109945576442,
            6.470109945576442,
            6.470109945576442
        ]
    },
    "rho": 0.0001,
    "theta": 0.0001
}