{
    "alpha": 100,
    "hidden_states": {
        "Pop1": [
            0.0,
            0.07458975139232688,
            0.1144535092298405,
            0.17929947506844884,
            0.27370377536115215,
            0.41288926560268546,
            0.6118796150130633,
            0.9357435835545058,
            1.4208050664890397,
            2.1957236121417116,
            3.5657335158733092,
            6.383193079589143,
            5007.95085902223,
            Infinity
        ]
    },
    "model": {
        "N0": 0.0625,
        "class": "SMCModel",
        "knots": [
            0.07458975139232688,
            0.17929947506844884,
            0.41288926560268546,
            0.9357435835545058,
            2.1957236121417116,
            6.383193079589143
        ],
        "pid": "Pop1",
        "spline_class": "Piecewise",
        "y": [
            4.0582440721343085,
            4.45640629261414,
            5.077613158740017,
            5.447043720692889,
            4.649620448014962,
            5.599587675462839
        ]
    },
    "rho": 0.009996002840327433,
    "theta": 0.0001
}