{
    "alpha": 100,
    "hidden_states": {
        "Pop1": [
            0.0,
            0.08119118680026645,
            0.10955492482494138,
            0.14545672967651035,
            0.19975924068141174,
            0.27108191716590696,
            0.36365701514797466,
            0.5052828625280373,
            0.689996745330994,
            0.9510307856522924,
            1.2839411021014129,
            1.749089705910737,
            2.415837064884967,
            3.420090684443131,
            5.067608399709879,
            9.312672772311943,
            5008.517813442293,
            Infinity
        ]
    },
    "model": {
        "N0": 0.0625,
        "class": "SMCModel",
        "knots": [
            0.08119118680026645,
            0.14545672967651035,
            0.27108191716590696,
            0.5052828625280373,
            0.9510307856522924,
            1.749089705910737,
            3.420090684443131,
            9.312672772311943
        ],
        "pid": "Pop1",
        "spline_class": "Piecewise",
        "y": [
            9.210333109351568,
            9.210334013705511,
            9.210334013705511,
            9.210334013705511,
            9.210334013705511,
            9.210334013705511,
            9.210334013705511,
            9.210334013705511
        ]
    },
    "rho": 0.009996002840327433,
    "theta": 0.0001
}