{
    "alpha": 100,
    "hidden_states": {
        "Pop1": [
            0.0,
            0.07384043120781761,
            0.10552329301881024,
            0.15333350695536171,
            0.22417500422525682,
            0.31695705689239745,
            0.4459321416117177,
            0.6235044526707503,
            0.8942081515243718,
            1.26762162432697,
            1.8219759869045367,
            2.68410040161294,
            4.101829050908541,
            7.0352867970652815,
            5007.813509336997,
            Infinity
        ]
    },
    "model": {
        "N0": 0.0625,
        "class": "SMCModel",
        "knots": [
            0.07384043120781761,
            0.15333350695536171,
            0.31695705689239745,
            0.6235044526707503,
            1.26762162432697,
            2.68410040161294,
            7.0352867970652815
        ],
        "pid": "Pop1",
        "spline_class": "Piecewise",
        "y": [
            6.4238479488196205,
            6.4238479488196205,
            6.4238479488196205,
            6.4238479488196205,
            6.4238479488196205,
            6.4238479488196205,
            6.4238479488196205
        ]
    },
    "rho": 0.0001,
    "theta": 0.0001
}