{
    "alpha": 100,
    "hidden_states": {
        "Pop1": [
            0.0,
            0.08313456148646717,
            0.11786674742648472,
            0.16547278745192717,
            0.2319199787560182,
            0.32849682450499473,
            0.47425261170136723,
            0.6693185491222918,
            0.9460061084313113,
            1.36015378325489,
            1.9574346484316956,
            2.8547739818741884,
            4.395867842832201,
            7.877586378851768,
            5008.413103068318,
            Infinity
        ]
    },
    "model": {
        "N0": 0.0625,
        "class": "SMCModel",
        "knots": [
            0.08313456148646717,
            0.16547278745192717,
            0.32849682450499473,
            0.6693185491222918,
            1.36015378325489,
            2.8547739818741884,
            7.877586378851768
        ],
        "pid": "Pop1",
        "spline_class": "Piecewise",
        "y": [
            9.210335447795497,
            9.210334019728728,
            9.210334019728728,
            9.210334019728728,
            9.210334019728728,
            9.210334019728728,
            9.210334019728728
        ]
    },
    "rho": 0.009996002840327433,
    "theta": 0.0001
}