{
    "alpha": 100,
    "hidden_states": {
        "Pop1": [
            0.0,
            0.07658814286126579,
            0.20013869503597065,
            0.49529045083073764,
            1.2244168217243032,
            3.33110500036197,
            5008.252376159173,
            Infinity
        ]
    },
    "model": {
        "N0": 0.0625,
        "class": "SMCModel",
        "knots": [
            0.07658814286126579,
            0.49529045083073764,
            3.33110500036197
        ],
        "pid": "Pop1",
        "spline_class": "Piecewise",
        "y": [
            9.139167869032505,
            9.139167869032505,
            9.139167869032505
        ]
    },
    "rho": 0.0001,
    "theta": 0.0001
}