{
    "alpha": 100,
    "hidden_states": {
        "Pop1": [
            0.0,
            0.07339056334363915,
            0.1116473978384163,
            0.17575821930781207,
            0.26979866845794354,
            0.4062415329717071,
            0.6054933815952611,
            0.9305868401639166,
            1.4145347168474243,
            2.1750878110446994,
            3.516311022726072,
            6.240725966213224,
            5007.70648932183,
            Infinity
        ]
    },
    "model": {
        "N0": 0.0625,
        "class": "SMCModel",
        "knots": [
            0.07339056334363915,
            0.17575821930781207,
            0.4062415329717071,
            0.9305868401639166,
            2.1750878110446994,
            6.240725966213224
        ],
        "pid": "Pop1",
        "spline_class": "Piecewise",
        "y": [
            5.9393842196606865,
            4.974904977876044,
            4.969201818375602,
            4.9841176751258125,
            5.466207821900113,
            4.490522711204871
        ]
    },
    "rho": 0.009996002840327433,
    "theta": 0.0001
}