{
    "alpha": 100,
    "hidden_states": {
        "Pop1": [
            0.0,
            0.000477435509323133,
            0.0009573247649307608,
            0.0018774541408099177,
            0.003658858217531444,
            0.007229559792671817,
            0.013979401198685132,
            0.028809146081510754,
            80.02526131388582,
            Infinity
        ]
    },
    "model": {
        "N0": 6.250000000000001,
        "class": "SMCModel",
        "knots": [
            0.000477435509323133,
            0.0018774541408099177,
            0.007229559792671817,
            0.028809146081510754
        ],
        "pid": "Pop1",
        "spline_class": "Piecewise",
        "y": [
            -5.0411816236308,
            -2.709245487657254,
            -0.2628328027354743,
            4.658956287020493
        ]
    },
    "rho": 0.00999504347858903,
    "theta": 0.0001
}