{
    "alpha": 100,
    "hidden_states": {
        "Pop1": [
            0.0,
            0.07764577445497402,
            0.37511606029086114,
            1.7048089767220114,
            5008.435277103355,
            Infinity
        ]
    },
    "model": {
        "N0": 0.0625,
        "class": "SMCModel",
        "knots": [
            0.07764577445497402,
            1.7048089767220114
        ],
        "pid": "Pop1",
        "spline_class": "Piecewise",
        "y": [
            6.585124143491098,
            6.585124143491098
        ]
    },
    "rho": 0.0001,
    "theta": 0.0001
}