{
    "alpha": 100,
    "hidden_states": {
        "Pop1": [
            0.0,
            0.07499903517658818,
            0.14060666768079783,
            0.2784493770949258,
            0.542570433530928,
            1.073323925881042,
            2.0645464819856443,
            4.409794467983286,
            5007.87344668506,
            Infinity
        ]
    },
    "model": {
        "N0": 0.0625,
        "class": "SMCModel",
        "knots": [
            0.07499903517658818,
            0.2784493770949258,
            1.073323925881042,
            4.409794467983286
        ],
        "pid": "Pop1",
        "spline_class": "Piecewise",
        "y": [
            2.615446916713869,
            4.0827414271427225,
            5.47123130118334,
            5.248362406350038
        ]
    },
    "rho": 0.009996002840327433,
    "theta": 0.0001
}