{
    "alpha": 100,
    "hidden_states": {
        "Pop1": [
            0.0,
            0.000850776274172402,
            0.0038099615599084353,
            0.01787617746717484,
            62.56219662383118,
            Infinity
        ]
    },
    "model": {
        "N0": 4.0,
        "class": "SMCModel",
        "knots": [
            0.000850776274172402,
            0.01787617746717484
        ],
        "pid": "Pop1",
        "spline_class": "Piecewise",
        "y": [
            -2.416058461386892,
            0.6537066954599587
        ]
    },
    "rho": 0.00999564469852503,
    "theta": 0.0001
}