{"Parameters":{"0":{"Kappa":2,"Tau":7943.282347243}},"Positive hit":{"0":0},"SNPs":{"0":[508767,505440]},"Model0 ll":{"0":[-127.7908358581,-128.5154877991]},"Model1 ll":{"0":[-160.088454661,-128.5154878009]}}