{"Parameters":{"0":{"Kappa":2,"Tau":10000.0000000002}},"Positive hit":{"0":0},"SNPs":{"0":[504181,507664]},"Model0 ll":{"0":[-129.5561547556,-149.3124760671]},"Model1 ll":{"0":[-129.5561547517,-149.3124760664]}}