{"Parameters":{"0":{"Kappa":2,"Tau":1258.9254117942}},"Positive hit":{"0":0},"SNPs":{"0":[508539,506953]},"Model0 ll":{"0":[-126.7918885253,-120.6877021094]},"Model1 ll":{"0":[-126.7918885241,-120.6877021071]}}