{"Parameters":{"0":{"Kappa":2,"Tau":0.0001584893}},"Positive hit":{"0":0},"SNPs":{"0":[498391,501407]},"Model0 ll":{"0":[-146.3183073868,-145.1580616831]},"Model1 ll":{"0":[-146.3183073803,-145.158061685]}}