{"Parameters":{"0":{"Kappa":2,"Tau":501.1872336273}},"Positive hit":{"0":0},"SNPs":{"0":[503118,503708]},"Model0 ll":{"0":[-135.5581170477,-144.1099421721]},"Model1 ll":{"0":[-135.5581170427,-144.1099421708]}}