{"Parameters":{"0":{"Kappa":2,"Tau":0.0251188643}},"Positive hit":{"0":2},"SNPs":{"0":[499237,497643]},"Model0 ll":{"0":[-435.0019728084,-304.7893625457]},"Model1 ll":{"0":[-156.6879064436,-126.9369794983]}}