{"Parameters":{"0":{"Kappa":2,"Tau":0.01}},"Positive hit":{"0":1},"SNPs":{"0":[505372,503319]},"Model0 ll":{"0":[-129.6553221048,-184.0944902847]},"Model1 ll":{"0":[-129.6553221105,-122.403299962]}}