{"Parameters":{"0":{"Kappa":2,"Tau":0.1}},"Positive hit":{"0":2},"SNPs":{"0":[500973,498413]},"Model0 ll":{"0":[-1515.6288045232,-1542.2088744597]},"Model1 ll":{"0":[-183.196674276,-939.7196418102]}}