{"Parameters":{"0":{"Kappa":2,"Tau":0.1584893192}},"Positive hit":{"0":2},"SNPs":{"0":[502616,501767]},"Model0 ll":{"0":[-2947.451137802,-2752.0079216235]},"Model1 ll":{"0":[-333.3689906974,-174.0587599751]}}