{"Parameters":{"0":{"Kappa":2,"Tau":0.0019952623}},"Positive hit":{"0":0},"SNPs":{"0":[500231,499554]},"Model0 ll":{"0":[-136.3095499657,-134.5662065284]},"Model1 ll":{"0":[-174.8214539178,-134.5662065311]}}