{"Parameters":{"0":{"Kappa":2,"Tau":0.0501187234}},"Positive hit":{"0":2},"SNPs":{"0":[497646,501650]},"Model0 ll":{"0":[-727.4266159732,-717.0485730558]},"Model1 ll":{"0":[-144.107577602,-135.2775412078]}}