{"Parameters":{"0":{"Kappa":2,"Tau":0.0007943282}},"Positive hit":{"0":0},"SNPs":{"0":[502423,500521]},"Model0 ll":{"0":[-136.9294542101,-132.1829985411]},"Model1 ll":{"0":[-137.4195233218,-164.7102810298]}}