{"Parameters":{"0":{"Kappa":2,"Tau":2511.8864315096}},"Positive hit":{"0":0},"SNPs":{"0":[505267,508249]},"Model0 ll":{"0":[-150.3040080823,-140.6403491669]},"Model1 ll":{"0":[-150.3040080702,-191.342340601]}}