{"Parameters":{"0":{"Kappa":2,"Tau":0.1258925412}},"Positive hit":{"0":2},"SNPs":{"0":[498327,501510]},"Model0 ll":{"0":[-2043.0880692036,-2282.5805169419]},"Model1 ll":{"0":[-138.6769762008,-1363.5799501875]}}