{"Parameters":{"0":{"Kappa":2,"Tau":15.8489319246}},"Positive hit":{"0":1},"SNPs":{"0":[494580,489631]},"Model0 ll":{"0":[-130.720978642,-149.438773494]},"Model1 ll":{"0":[-186.7145662809,-137.829897918]}}