{"Parameters":{"0":{"Kappa":2,"Tau":158.4893192461}},"Positive hit":{"0":0},"SNPs":{"0":[493673,488880]},"Model0 ll":{"0":[-136.6985486039,-136.2016748845]},"Model1 ll":{"0":[-136.6985486016,-178.4461454172]}}