{"Parameters":{"0":{"Kappa":2,"Tau":5011.8723362728}},"Positive hit":{"0":0},"SNPs":{"0":[503553,507903]},"Model0 ll":{"0":[-136.2673417984,-127.8649270844]},"Model1 ll":{"0":[-136.2673417965,-127.8649270903]}}