{"Parameters":{"0":{"Kappa":2,"Tau":0.0398107171}},"Positive hit":{"0":1},"SNPs":{"0":[490427,500669]},"Model0 ll":{"0":[-696.6340572954,-364.3806979998]},"Model1 ll":{"0":[-696.6340573249,-324.6180340126]}}