{"Parameters":{"0":{"Kappa":2,"Tau":0.0063095734}},"Positive hit":{"0":1},"SNPs":{"0":[496649,496181]},"Model0 ll":{"0":[-145.7024605801,-149.9376096059]},"Model1 ll":{"0":[-134.5211765828,-149.9376096131]}}