{"Parameters":{"0":{"Kappa":2,"Tau":0.5011872336}},"Positive hit":{"0":2},"SNPs":{"0":[500820,501067]},"Model0 ll":{"0":[-8030.3294521171,-8179.7576986753]},"Model1 ll":{"0":[-1113.3573019781,-1212.0364171904]}}