{"Parameters":{"0":{"Kappa":2,"Tau":0.1995262315}},"Positive hit":{"0":1},"SNPs":{"0":[499546,497031]},"Model0 ll":{"0":[-3566.941019989,-3814.0595159977]},"Model1 ll":{"0":[-258.8206482103,-3814.0595160383]}}