{"Parameters":{"0":{"Kappa":2,"Tau":0.001}},"Positive hit":{"0":0},"SNPs":{"0":[501449,501162]},"Model0 ll":{"0":[-133.4134420135,-166.0551098752]},"Model1 ll":{"0":[-133.4421819867,-168.4337820829]}}