{"Parameters":{"0":{"Kappa":2,"Tau":794.3282347243}},"Positive hit":{"0":0},"SNPs":{"0":[510836,503201]},"Model0 ll":{"0":[-158.9630037777,-123.5676517902]},"Model1 ll":{"0":[-213.6267599598,-123.567651792]}}