{"Parameters":{"0":{"Kappa":2,"Tau":0.0031622777}},"Positive hit":{"0":0},"SNPs":{"0":[497024,501278]},"Model0 ll":{"0":[-138.2713909105,-148.7456374442]},"Model1 ll":{"0":[-138.2713909073,-176.5664286644]}}