{"Parameters":{"0":{"Kappa":2,"Tau":398.1071705535}},"Positive hit":{"0":0},"SNPs":{"0":[506282,508702]},"Model0 ll":{"0":[-139.3357190866,-133.0373288347]},"Model1 ll":{"0":[-139.3357190884,-133.0373288342]}}