{"Parameters":{"0":{"Kappa":2,"Tau":0.0630957344}},"Positive hit":{"0":2},"SNPs":{"0":[505278,496268]},"Model0 ll":{"0":[-669.7105542626,-1059.7470208478]},"Model1 ll":{"0":[-135.633351963,-128.3712872734]}}