{"Parameters":{"0":{"Kappa":2,"Tau":0.0199526231}},"Positive hit":{"0":2},"SNPs":{"0":[500545,499736]},"Model0 ll":{"0":[-312.710715925,-334.9207675211]},"Model1 ll":{"0":[-143.2977745862,-246.5202071157]}}