{"Parameters":{"0":{"Kappa":2,"Tau":0.2511886432}},"Positive hit":{"0":2},"SNPs":{"0":[510504,505079]},"Model0 ll":{"0":[-4428.9950935175,-4436.217629732]},"Model1 ll":{"0":[-2105.5497215174,-282.4688514193]}}