{"Parameters":{"0":{"Kappa":2,"Tau":0.0158489319}},"Positive hit":{"0":2},"SNPs":{"0":[504316,501181]},"Model0 ll":{"0":[-152.9974218891,-166.2954760701]},"Model1 ll":{"0":[-146.0380615705,-124.9446556]}}