{"Parameters":{"0":{"Kappa":2,"Tau":0.0005011872}},"Positive hit":{"0":0},"SNPs":{"0":[498951,501698]},"Model0 ll":{"0":[-131.0767444731,-133.7212881658]},"Model1 ll":{"0":[-168.7288326256,-133.7212881613]}}