{"Parameters":{"0":{"Kappa":2,"Tau":12.5892541179}},"Positive hit":{"0":0},"SNPs":{"0":[493633,494715]},"Model0 ll":{"0":[-140.5309132024,-134.8416799054]},"Model1 ll":{"0":[-139.5691944189,-134.8416799021]}}