{"Parameters":{"0":{"Kappa":2,"Tau":0.0001}},"Positive hit":{"0":0},"SNPs":{"0":[492011,492804]},"Model0 ll":{"0":[-147.651060765,-133.9499263258]},"Model1 ll":{"0":[-182.2269983047,-133.9499263234]}}