{"Parameters":{"0":{"Kappa":2,"Tau":5.0118723363}},"Positive hit":{"0":2},"SNPs":{"0":[509055,509882]},"Model0 ll":{"0":[-970.4361821918,-883.6284653232]},"Model1 ll":{"0":[-580.851144301,-145.5847943901]}}