{"Parameters":{"0":{"Kappa":2,"Tau":3981.071705535}},"Positive hit":{"0":0},"SNPs":{"0":[507632,505995]},"Model0 ll":{"0":[-141.9869707637,-145.9379670496]},"Model1 ll":{"0":[-141.9869707577,-176.0671922461]}}