{"Parameters":{"0":{"Kappa":2,"Tau":0.0003162278}},"Positive hit":{"0":0},"SNPs":{"0":[499687,501363]},"Model0 ll":{"0":[-148.3679853995,-143.7585963227]},"Model1 ll":{"0":[-227.7382978314,-187.1865347775]}}