{"Parameters":{"0":{"Kappa":2,"Tau":79.4328234724}},"Positive hit":{"0":0},"SNPs":{"0":[493438,491844]},"Model0 ll":{"0":[-157.1609611597,-140.0974691644]},"Model1 ll":{"0":[-157.1609611599,-176.8869695863]}}