{"Parameters":{"0":{"Kappa":2,"Tau":0.0003981072}},"Positive hit":{"0":0},"SNPs":{"0":[498967,498739]},"Model0 ll":{"0":[-136.4974041835,-135.5174169368]},"Model1 ll":{"0":[-172.0176692498,-135.874980001]}}