{"Parameters":{"0":{"Kappa":2,"Tau":199.5262314969}},"Positive hit":{"0":0},"SNPs":{"0":[491699,493170]},"Model0 ll":{"0":[-136.8345230805,-138.3717059364]},"Model1 ll":{"0":[-136.8345230761,-155.0088372207]}}