{"Parameters":{"0":{"Kappa":2,"Tau":0.0316227766}},"Positive hit":{"0":2},"SNPs":{"0":[496720,499885]},"Model0 ll":{"0":[-392.0049387701,-300.9483618451]},"Model1 ll":{"0":[-135.8930541935,-140.8303448182]}}