{"Parameters":{"0":{"Kappa":2,"Tau":100.0}},"Positive hit":{"0":0},"SNPs":{"0":[487560,492495]},"Model0 ll":{"0":[-129.1021577684,-124.7900807418]},"Model1 ll":{"0":[-129.1021577742,-124.7900807424]}}