{"Parameters":{"0":{"Kappa":2,"Tau":1.2589254118}},"Positive hit":{"0":2},"SNPs":{"0":[498918,503826]},"Model0 ll":{"0":[-10253.2022057257,-9809.1489089315]},"Model1 ll":{"0":[-627.5287976187,-582.2557170828]}}