{"Parameters":{"0":{"Kappa":2,"Tau":3.1622776602}},"Positive hit":{"0":2},"SNPs":{"0":[501506,498448]},"Model0 ll":{"0":[-3974.5549377746,-3851.6987065132]},"Model1 ll":{"0":[-141.8004963307,-2326.7705725544]}}