{"Parameters":{"0":{"Kappa":2,"Tau":1.995262315}},"Positive hit":{"0":1},"SNPs":{"0":[506907,504798]},"Model0 ll":{"0":[-8138.1443009273,-7429.5723740842]},"Model1 ll":{"0":[-8138.144300845,-3791.8713391735]}}