{"Parameters":{"0":{"Kappa":2,"Tau":0.0012589254}},"Positive hit":{"0":0},"SNPs":{"0":[501677,498939]},"Model0 ll":{"0":[-156.9188646977,-128.7517774579]},"Model1 ll":{"0":[-156.9188646973,-143.5360868317]}}