{"Parameters":{"0":{"Kappa":2,"Tau":0.6309573445}},"Positive hit":{"0":2},"SNPs":{"0":[491577,492186]},"Model0 ll":{"0":[-8805.5791564997,-8426.5224594953]},"Model1 ll":{"0":[-1524.2145452877,-2091.4898704687]}}