{"Parameters":{"0":{"Kappa":2,"Tau":63.095734448}},"Positive hit":{"0":0},"SNPs":{"0":[493885,493109]},"Model0 ll":{"0":[-165.4281593529,-140.7803946051]},"Model1 ll":{"0":[-165.428159342,-140.7803946057]}}