{"Parameters":{"0":{"Kappa":2,"Tau":19.9526231497}},"Positive hit":{"0":0},"SNPs":{"0":[494211,492926]},"Model0 ll":{"0":[-135.9536138199,-133.0195546012]},"Model1 ll":{"0":[-176.3346915082,-163.3288082605]}}