{"Parameters":{"0":{"Kappa":2,"Tau":0.0001}},"Positive hit":{"0":1},"SNPs":{"0":[227703,229908]},"Model0 ll":{"0":[-129.0121006183,-115.2177432953]},"Model1 ll":{"0":[-125.3836904087,-145.3179435943]}}