{"Parameters":{"0":{"Kappa":2,"Tau":0.0158489319}},"Positive hit":{"0":1},"SNPs":{"0":[224296,222057]},"Model0 ll":{"0":[-190.3836367433,-182.0796072692]},"Model1 ll":{"0":[-190.3836367545,-116.6778206815]}}