{"Parameters":{"0":{"Kappa":2,"Tau":0.0251188643}},"Positive hit":{"0":2},"SNPs":{"0":[224406,222643]},"Model0 ll":{"0":[-191.2120666048,-149.8296923128]},"Model1 ll":{"0":[-161.4686222907,-127.8685297505]}}