{"Parameters":{"0":{"Kappa":2,"Tau":0.0006309573}},"Positive hit":{"0":1},"SNPs":{"0":[230194,223882]},"Model0 ll":{"0":[-156.4749773732,-129.9556149814]},"Model1 ll":{"0":[-156.4749773741,-127.7117037159]}}