{"Parameters":{"0":{"Kappa":2,"Tau":0.3981071706}},"Positive hit":{"0":2},"SNPs":{"0":[190712,190258]},"Model0 ll":{"0":[-2581.198372663,-2673.3091497242]},"Model1 ll":{"0":[-794.7446787434,-318.3415019547]}}