{"Parameters":{"0":{"Kappa":2,"Tau":3162.2776601684}},"Positive hit":{"0":1},"SNPs":{"0":[113669,115227]},"Model0 ll":{"0":[-121.9868170099,-118.4854181627]},"Model1 ll":{"0":[-121.9868171272,-116.5120325046]}}