{"Parameters":{"0":{"Kappa":2,"Tau":12.5892541179}},"Positive hit":{"0":0},"SNPs":{"0":[113158,113816]},"Model0 ll":{"0":[-121.2608764528,-126.0922113505]},"Model1 ll":{"0":[-121.3016760844,-138.1676255146]}}