{"Parameters":{"0":{"Kappa":2,"Tau":0.1995262315}},"Positive hit":{"0":2},"SNPs":{"0":[204370,204284]},"Model0 ll":{"0":[-1651.2657161958,-1702.9581447974]},"Model1 ll":{"0":[-179.8857664974,-178.7825334187]}}