{"Parameters":{"0":{"Kappa":2,"Tau":79.4328234724}},"Positive hit":{"0":0},"SNPs":{"0":[113410,113547]},"Model0 ll":{"0":[-114.1837063203,-123.1859673656]},"Model1 ll":{"0":[-122.0621509849,-123.1859673656]}}