{"Parameters":{"0":{"Kappa":2,"Tau":0.0019952623}},"Positive hit":{"0":0},"SNPs":{"0":[226136,227071]},"Model0 ll":{"0":[-124.4895841676,-116.8660091365]},"Model1 ll":{"0":[-124.4895841687,-116.866009139]}}