{"Parameters":{"0":{"Kappa":2,"Tau":794.3282347243}},"Positive hit":{"0":0},"SNPs":{"0":[112723,115110]},"Model0 ll":{"0":[-113.5074085698,-156.1246154571]},"Model1 ll":{"0":[-113.5074085697,-156.1246154533]}}