{"Parameters":{"0":{"Kappa":2,"Tau":39.8107170554}},"Positive hit":{"0":0},"SNPs":{"0":[113756,114262]},"Model0 ll":{"0":[-125.120389177,-114.8732738858]},"Model1 ll":{"0":[-127.3103191804,-114.8732738827]}}