{"Parameters":{"0":{"Kappa":2,"Tau":501.1872336273}},"Positive hit":{"0":2},"SNPs":{"0":[114011,111591]},"Model0 ll":{"0":[-126.3523243375,-145.1883813989]},"Model1 ll":{"0":[-124.1212874886,-111.8353773747]}}