{"Parameters":{"0":{"Kappa":2,"Tau":1.995262315}},"Positive hit":{"0":2},"SNPs":{"0":[144719,145431]},"Model0 ll":{"0":[-2397.7220613849,-2344.4918839215]},"Model1 ll":{"0":[-1209.1805119177,-1050.1224980978]}}