{"Parameters":{"0":{"Kappa":2,"Tau":0.0015848932}},"Positive hit":{"0":0},"SNPs":{"0":[227458,225966]},"Model0 ll":{"0":[-136.9888841801,-131.0610420559]},"Model1 ll":{"0":[-136.9888841772,-133.837096036]}}