{"Parameters":{"0":{"Kappa":2,"Tau":316.2277660168}},"Positive hit":{"0":0},"SNPs":{"0":[112481,113675]},"Model0 ll":{"0":[-112.9162919733,-133.3925864998]},"Model1 ll":{"0":[-112.9162919717,-133.3925864987]}}