{"Parameters":{"0":{"Kappa":2,"Tau":0.5011872336}},"Positive hit":{"0":2},"SNPs":{"0":[183865,186691]},"Model0 ll":{"0":[-3260.5430746455,-2948.1380592437]},"Model1 ll":{"0":[-375.2848236056,-850.7280771057]}}