{"Parameters":{"0":{"Kappa":2,"Tau":2511.8864315096}},"Positive hit":{"0":2},"SNPs":{"0":[112419,113363]},"Model0 ll":{"0":[-129.5603862049,-130.9834229434]},"Model1 ll":{"0":[-126.4571182571,-120.5252977591]}}