{"Parameters":{"0":{"Kappa":2,"Tau":0.0501187234}},"Positive hit":{"0":2},"SNPs":{"0":[218189,220891]},"Model0 ll":{"0":[-375.3669844319,-369.2099021317]},"Model1 ll":{"0":[-157.295234607,-286.5949135037]}}