{"Parameters":{"0":{"Kappa":2,"Tau":2.5118864315}},"Positive hit":{"0":2},"SNPs":{"0":[138435,137203]},"Model0 ll":{"0":[-1821.014145618,-1684.1707732207]},"Model1 ll":{"0":[-149.7819679046,-127.3103282986]}}