{"Parameters":{"0":{"Kappa":2,"Tau":31.6227766017}},"Positive hit":{"0":1},"SNPs":{"0":[112622,114155]},"Model0 ll":{"0":[-148.1302292703,-113.264771885]},"Model1 ll":{"0":[-145.5722093075,-126.0419668722]}}