{"Parameters":{"0":{"Kappa":2,"Tau":398.1071705535}},"Positive hit":{"0":0},"SNPs":{"0":[114216,114400]},"Model0 ll":{"0":[-113.5911943586,-124.606397308]},"Model1 ll":{"0":[-113.5911943616,-124.6065113413]}}