{"Parameters":{"0":{"Kappa":2,"Tau":50.1187233627}},"Positive hit":{"0":1},"SNPs":{"0":[114339,112967]},"Model0 ll":{"0":[-110.1212257033,-114.9828069736]},"Model1 ll":{"0":[-119.7501540715,-111.6009199753]}}