{"Parameters":{"0":{"Kappa":2,"Tau":0.0031622777}},"Positive hit":{"0":1},"SNPs":{"0":[226849,224598]},"Model0 ll":{"0":[-123.757130363,-131.3082826255]},"Model1 ll":{"0":[-146.8038555438,-126.1200449395]}}