{"Parameters":{"0":{"Kappa":2,"Tau":0.7943282347}},"Positive hit":{"0":2},"SNPs":{"0":[175490,175356]},"Model0 ll":{"0":[-3716.0363177149,-3593.1686843297]},"Model1 ll":{"0":[-739.5424966043,-671.8974467846]}}