{"Parameters":{"0":{"Kappa":2,"Tau":7.9432823472}},"Positive hit":{"0":0},"SNPs":{"0":[116207,114811]},"Model0 ll":{"0":[-166.3426351724,-141.6193923639]},"Model1 ll":{"0":[-166.3426351691,-141.6193923634]}}