{"Parameters":{"0":{"Kappa":2,"Tau":0.0003162278}},"Positive hit":{"0":0},"SNPs":{"0":[229050,227803]},"Model0 ll":{"0":[-127.5529040514,-138.0480302399]},"Model1 ll":{"0":[-127.5529040465,-137.3897760659]}}