{"Parameters":{"0":{"Kappa":2,"Tau":199.5262314969}},"Positive hit":{"0":1},"SNPs":{"0":[111740,113191]},"Model0 ll":{"0":[-129.300819876,-137.4330869825]},"Model1 ll":{"0":[-125.6720511685,-148.4661690902]}}