{"Parameters":{"0":{"Kappa":2,"Tau":0.01}},"Positive hit":{"0":1},"SNPs":{"0":[224288,224043]},"Model0 ll":{"0":[-119.3581808569,-200.264936997]},"Model1 ll":{"0":[-119.3582172719,-178.0841033386]}}