{"Parameters":{"0":{"Kappa":2,"Tau":1258.9254117942}},"Positive hit":{"0":1},"SNPs":{"0":[112842,112592]},"Model0 ll":{"0":[-127.0223598021,-125.3441333457]},"Model1 ll":{"0":[-123.9345534107,-126.8251898143]}}