{"Parameters":{"0":{"Kappa":2,"Tau":0.0003981072}},"Positive hit":{"0":0},"SNPs":{"0":[228098,226642]},"Model0 ll":{"0":[-131.4367843655,-120.6171559431]},"Model1 ll":{"0":[-131.4367843658,-123.53511382]}}