{"Parameters":{"0":{"Kappa":2,"Tau":0.0005011872}},"Positive hit":{"0":1},"SNPs":{"0":[226601,228282]},"Model0 ll":{"0":[-139.9307881747,-120.9928499446]},"Model1 ll":{"0":[-135.3301850698,-119.0756437212]}}