{"Parameters":{"0":{"Kappa":2,"Tau":25.1188643151}},"Positive hit":{"0":0},"SNPs":{"0":[114485,112866]},"Model0 ll":{"0":[-144.4398094425,-121.491241852]},"Model1 ll":{"0":[-159.0903095465,-135.8623277015]}}