{"Parameters":{"0":{"Kappa":2,"Tau":0.0398107171}},"Positive hit":{"0":2},"SNPs":{"0":[221903,223843]},"Model0 ll":{"0":[-341.0939408588,-305.9677516039]},"Model1 ll":{"0":[-113.6328583872,-113.3062449408]}}