{"Parameters":{"0":{"Kappa":2,"Tau":0.0002511886}},"Positive hit":{"0":1},"SNPs":{"0":[228376,229403]},"Model0 ll":{"0":[-167.3666145626,-152.8874206243]},"Model1 ll":{"0":[-129.7632541738,-213.7590171196]}}