{"Parameters":{"0":{"Kappa":2,"Tau":19.9526231497}},"Positive hit":{"0":0},"SNPs":{"0":[114208,114579]},"Model0 ll":{"0":[-123.0452005897,-118.0923744552]},"Model1 ll":{"0":[-121.2681537906,-133.326030615]}}