{"Parameters":{"0":{"Kappa":2,"Tau":0.0125892541}},"Positive hit":{"0":2},"SNPs":{"0":[224094,224303]},"Model0 ll":{"0":[-146.2067651088,-154.2398462331]},"Model1 ll":{"0":[-124.9903773656,-129.3036587508]}}