{"Parameters":{"0":{"Kappa":2,"Tau":5.0118723363}},"Positive hit":{"0":2},"SNPs":{"0":[117711,121189]},"Model0 ll":{"0":[-286.5664643277,-225.8724929349]},"Model1 ll":{"0":[-133.0544514592,-131.4498314887]}}