{
    "alpha": 100,
    "hidden_states": {
        "Pop1": [
            0.0,
            0.07560881422114002,
            0.34468473510286934,
            1.612646222731711,
            5007.878980083154,
            Infinity
        ]
    },
    "model": {
        "N0": 0.0625,
        "class": "SMCModel",
        "knots": [
            0.07560881422114002,
            1.612646222731711
        ],
        "pid": "Pop1",
        "spline_class": "Piecewise",
        "y": [
            2.7622801383596283,
            5.398216881154565
        ]
    },
    "rho": 0.009996002840327433,
    "theta": 0.0001
}