{
    "alpha": 100,
    "hidden_states": {
        "Pop1": [
            0.0,
            0.07075397853685716,
            0.3433611961806003,
            1.6352953830971066,
            5007.899107679517,
            Infinity
        ]
    },
    "model": {
        "N0": 0.0625,
        "class": "SMCModel",
        "knots": [
            0.07075397853685716,
            1.6352953830971066
        ],
        "pid": "Pop1",
        "spline_class": "Piecewise",
        "y": [
            6.364444373181655,
            6.364444373181655
        ]
    },
    "rho": 0.0001,
    "theta": 0.0001
}