{
    "alpha": 100,
    "hidden_states": {
        "Pop1": [
            0.0,
            0.08101059747842873,
            0.12076693757722756,
            0.1826576387480229,
            0.27849419621959554,
            0.4230662397705475,
            0.6517140088346344,
            1.009024675629623,
            1.5131988814709156,
            2.33888819170084,
            3.774044832834948,
            6.98802596725132,
            5008.508777447652,
            Infinity
        ]
    },
    "model": {
        "N0": 0.0625,
        "class": "SMCModel",
        "knots": [
            0.08101059747842873,
            0.1826576387480229,
            0.4230662397705475,
            1.009024675629623,
            2.33888819170084,
            6.98802596725132
        ],
        "pid": "Pop1",
        "spline_class": "Piecewise",
        "y": [
            9.143690859835754,
            9.143690859835754,
            9.143690859835754,
            9.143690859835754,
            9.143690859835754,
            9.143690859835754
        ]
    },
    "rho": 0.0001,
    "theta": 0.0001
}