{
    "LL": -10.60269240546504,
    "alpha": 100,
    "hidden_states": {
        "Pop1": [
            0.0,
            0.07333219131107019,
            0.14290571306424701,
            0.28317117103225115,
            0.5408780967882455,
            1.0381936693828422,
            2.0322234928727503,
            4.370826373032983,
            5007.669600258415,
            Infinity
        ]
    },
    "model": {
        "N0": 0.0625,
        "class": "SMCModel",
        "knots": [
            0.07333219131107019,
            0.28317117103225115,
            1.0381936693828422,
            4.370826373032983
        ],
        "pid": "Pop1",
        "spline_class": "Piecewise",
        "y": [
            6.305038033063579,
            6.305038033063579,
            6.305038033063579,
            6.305038033063579
        ]
    },
    "rho": 0.0001,
    "theta": 0.0001
}