{
    "LL": -3.807423362758416,
    "alpha": 100,
    "hidden_states": {
        "Pop1": [
            0.0,
            0.07333219131107019,
            0.14290571306424701,
            0.28317117103225115,
            0.5408780967882455,
            1.0381936693828422,
            2.0322234928727503,
            4.370826373032983,
            5007.669600258415,
            Infinity
        ]
    },
    "model": {
        "N0": 0.0625,
        "class": "SMCModel",
        "knots": [
            0.07333219131107019,
            0.28317117103225115,
            1.0381936693828422,
            4.370826373032983
        ],
        "pid": "Pop1",
        "spline_class": "Piecewise",
        "y": [
            4.0954716366466215,
            3.1542807042434795,
            3.475891133228351,
            4.778737632581243
        ]
    },
    "rho": 0.009995502444794524,
    "theta": 0.0001
}