{
    "alpha": 100,
    "hidden_states": {
        "Pop1": [
            0.0,
            0.08060904840510963,
            0.20160510733201698,
            0.49800228609579333,
            1.2513248770555532,
            3.356134382313749,
            5008.418487922703,
            Infinity
        ]
    },
    "model": {
        "N0": 0.0625,
        "class": "SMCModel",
        "knots": [
            0.08060904840510963,
            0.49800228609579333,
            3.356134382313749
        ],
        "pid": "Pop1",
        "spline_class": "Piecewise",
        "y": [
            9.2103356708541,
            9.210333780961912,
            9.210333780961912
        ]
    },
    "rho": 0.009996002840327433,
    "theta": 0.0001
}