{
    "alpha": 100,
    "hidden_states": {
        "Pop1": [
            0.0,
            0.0004796681176312622,
            0.0007082679587652061,
            0.0010006049419732385,
            0.0014532963184950474,
            0.002097482635202633,
            0.002963373878298456,
            0.004300612159906319,
            0.006168849969826194,
            0.008915293998470247,
            0.012599655408237452,
            0.018259554516590858,
            0.02716348342768589,
            0.04299684772576942,
            80.03004159485816,
            Infinity
        ]
    },
    "model": {
        "N0": 6.250000000000001,
        "class": "SMCModel",
        "knots": [
            0.0004796681176312622,
            0.0010006049419732385,
            0.002097482635202633,
            0.004300612159906319,
            0.008915293998470247,
            0.018259554516590858,
            0.04299684772576942
        ],
        "pid": "Pop1",
        "spline_class": "Piecewise",
        "y": [
            3.6022987133246875,
            3.1573180937451535,
            2.6416757794459067,
            1.584706963787453,
            0.46645110037686566,
            0.46645281008025563,
            3.1871137489772705
        ]
    },
    "rho": 5.599659574916668e-05,
    "theta": 0.0001
}