{
    "alpha": 100,
    "hidden_states": {
        "Pop1": [
            0.0,
            0.07488948560614425,
            0.1060173357508224,
            0.14852122051149227,
            0.21575594476128052,
            0.3072515342202609,
            0.4374239914189808,
            0.6312590217140597,
            0.9087106036568051,
            1.2925121588144406,
            1.8487459066628624,
            2.704492594889582,
            4.097289908863588,
            7.031142436590064,
            5007.842362072954,
            Infinity
        ]
    },
    "model": {
        "N0": 0.0625,
        "class": "SMCModel",
        "knots": [
            0.07488948560614425,
            0.14852122051149227,
            0.3072515342202609,
            0.6312590217140597,
            1.2925121588144406,
            2.704492594889582,
            7.031142436590064
        ],
        "pid": "Pop1",
        "spline_class": "Piecewise",
        "y": [
            6.440714466522957,
            6.440714466522957,
            6.440714466522957,
            6.440714466522957,
            6.440714466522957,
            6.440714466522957,
            6.440714466522957
        ]
    },
    "rho": 0.0001,
    "theta": 0.0001
}