{
    "alpha": 100,
    "hidden_states": {
        "Pop1": [
            0.0,
            0.07488948560614425,
            0.1060173357508224,
            0.14852122051149227,
            0.21575594476128052,
            0.3072515342202609,
            0.4374239914189808,
            0.6312590217140597,
            0.9087106036568051,
            1.2925121588144406,
            1.8487459066628624,
            2.704492594889582,
            4.097289908863588,
            7.031142436590064,
            5007.842362072954,
            Infinity
        ]
    },
    "model": {
        "N0": 0.0625,
        "class": "SMCModel",
        "knots": [
            0.07488948560614425,
            0.14852122051149227,
            0.3072515342202609,
            0.6312590217140597,
            1.2925121588144406,
            2.704492594889582,
            7.031142436590064
        ],
        "pid": "Pop1",
        "spline_class": "Piecewise",
        "y": [
            6.068673016154131,
            5.031839097348691,
            5.0080547229746655,
            5.0620959555483385,
            5.078186224451983,
            5.38762295250681,
            4.4407225062504825
        ]
    },
    "rho": 0.009996002840327433,
    "theta": 0.0001
}