{
    "alpha": 100,
    "hidden_states": {
        "Pop1": [
            0.0,
            0.07771134253718394,
            0.11816560647837715,
            0.18148306602127215,
            0.2800164131194477,
            0.42082770258701524,
            0.6490192111964563,
            0.9996654272019873,
            1.5083925813418644,
            2.3398734227839,
            3.7587692260230887,
            6.9337617754468255,
            5008.42430080805,
            Infinity
        ]
    },
    "model": {
        "N0": 0.0625,
        "class": "SMCModel",
        "knots": [
            0.07771134253718394,
            0.18148306602127215,
            0.42082770258701524,
            0.9996654272019873,
            2.3398734227839,
            6.9337617754468255
        ],
        "pid": "Pop1",
        "spline_class": "Piecewise",
        "y": [
            9.13509525464261,
            9.13509525464261,
            9.13509525464261,
            9.13509525464261,
            9.13509525464261,
            9.13509525464261
        ]
    },
    "rho": 0.0001,
    "theta": 0.0001
}