{"Parameters":{"0":{"Kappa":10,"Tau":0.6309573445}},"Positive hit":{"0":2},"SNPs":{"0":[499591,493710]},"Model0 ll":{"0":[-46898.6248641369,-51150.325330696]},"Model1 ll":{"0":[-167.4886676444,-279.1728591474]}}