{"Parameters":{"0":{"Kappa":10,"Tau":1.5848931925}},"Positive hit":{"0":2},"SNPs":{"0":[495916,502143]},"Model0 ll":{"0":[-75941.0137577605,-80019.9819678325]},"Model1 ll":{"0":[-266.8251095508,-293.4528424557]}}