{"Parameters":{"0":{"Kappa":10,"Tau":199.5262314969}},"Positive hit":{"0":0},"SNPs":{"0":[493568,492984]},"Model0 ll":{"0":[-137.6062494443,-135.738670568]},"Model1 ll":{"0":[-174.0220081555,-135.3314176283]}}