{"Parameters":{"0":{"Kappa":10,"Tau":3981.071705535}},"Positive hit":{"0":0},"SNPs":{"0":[505790,502415]},"Model0 ll":{"0":[-136.837403312,-139.4087030132]},"Model1 ll":{"0":[-173.1134718205,-139.5264265225]}}