{"Parameters":{"0":{"Kappa":10,"Tau":0.0001258925}},"Positive hit":{"0":1},"SNPs":{"0":[500265,503176]},"Model0 ll":{"0":[-132.9140259301,-139.203045148]},"Model1 ll":{"0":[-132.9140259262,-135.0181313327]}}