{"Parameters":{"0":{"Kappa":10,"Tau":2.5118864315}},"Positive hit":{"0":2},"SNPs":{"0":[491540,498229]},"Model0 ll":{"0":[-71120.447430407,-75222.5716989682]},"Model1 ll":{"0":[-213.2710903976,-226.5792771529]}}