{"Parameters":{"0":{"Kappa":10,"Tau":6309.573444802}},"Positive hit":{"0":0},"SNPs":{"0":[504125,507568]},"Model0 ll":{"0":[-140.9671551671,-148.5775388244]},"Model1 ll":{"0":[-181.1785610139,-192.1569266807]}}