{"Parameters":{"0":{"Kappa":10,"Tau":5.0118723363}},"Positive hit":{"0":2},"SNPs":{"0":[508992,501693]},"Model0 ll":{"0":[-26468.0074513503,-25445.4679755081]},"Model1 ll":{"0":[-176.8281918656,-179.804790913]}}