{"Parameters":{"0":{"Kappa":10,"Tau":100.0}},"Positive hit":{"0":0},"SNPs":{"0":[491039,492040]},"Model0 ll":{"0":[-141.6433300889,-123.0041010029]},"Model1 ll":{"0":[-141.6433300904,-123.0041010063]}}