{"Parameters":{"0":{"Kappa":10,"Tau":0.0019952623}},"Positive hit":{"0":0},"SNPs":{"0":[502287,502499]},"Model0 ll":{"0":[-122.622750834,-152.3556515395]},"Model1 ll":{"0":[-168.3269879838,-152.3556515486]}}