{"Parameters":{"0":{"Kappa":10,"Tau":316.2277660168}},"Positive hit":{"0":1},"SNPs":{"0":[506478,505309]},"Model0 ll":{"0":[-133.298891498,-175.4497441883]},"Model1 ll":{"0":[-133.2988915041,-149.1236358017]}}