{"Parameters":{"0":{"Kappa":10,"Tau":7943.282347243}},"Positive hit":{"0":0},"SNPs":{"0":[505871,506788]},"Model0 ll":{"0":[-128.6817531434,-128.6095673126]},"Model1 ll":{"0":[-188.6579549511,-128.6095673156]}}