{"Parameters":{"0":{"Kappa":10,"Tau":0.0003162278}},"Positive hit":{"0":0},"SNPs":{"0":[502528,500566]},"Model0 ll":{"0":[-131.1478292358,-138.0021477505]},"Model1 ll":{"0":[-131.1478292351,-143.1296354196]}}