{"Parameters":{"0":{"Kappa":10,"Tau":0.0001995262}},"Positive hit":{"0":0},"SNPs":{"0":[496456,500397]},"Model0 ll":{"0":[-142.2649832251,-125.422497033]},"Model1 ll":{"0":[-149.6870471019,-155.3853877877]}}