{"Parameters":{"0":{"Kappa":10,"Tau":1258.9254117942}},"Positive hit":{"0":0},"SNPs":{"0":[504887,503328]},"Model0 ll":{"0":[-163.4233861977,-164.9304179755]},"Model1 ll":{"0":[-172.7115329469,-164.9304179926]}}