{"Parameters":{"0":{"Kappa":10,"Tau":19.9526231497}},"Positive hit":{"0":0},"SNPs":{"0":[494714,493197]},"Model0 ll":{"0":[-136.5002097466,-139.8305346809]},"Model1 ll":{"0":[-213.6155696804,-149.5516258428]}}