{"Parameters":{"0":{"Kappa":10,"Tau":1000.0}},"Positive hit":{"0":0},"SNPs":{"0":[506263,506043]},"Model0 ll":{"0":[-136.1001099143,-137.0524086976]},"Model1 ll":{"0":[-136.1001099101,-143.8792137744]}}