{"Parameters":{"0":{"Kappa":10,"Tau":3.1622776602}},"Positive hit":{"0":2},"SNPs":{"0":[492001,497433]},"Model0 ll":{"0":[-60637.4101117706,-62616.8211670712]},"Model1 ll":{"0":[-176.8374687058,-291.4050671839]}}