{"Parameters":{"0":{"Kappa":10,"Tau":0.316227766}},"Positive hit":{"0":2},"SNPs":{"0":[496956,494684]},"Model0 ll":{"0":[-23595.7474455125,-24196.827930955]},"Model1 ll":{"0":[-145.0441441783,-152.4637675829]}}