{"Parameters":{"0":{"Kappa":10,"Tau":0.0316227766}},"Positive hit":{"0":2},"SNPs":{"0":[500657,500047]},"Model0 ll":{"0":[-1059.8775697238,-1086.7217252238]},"Model1 ll":{"0":[-151.8882864915,-140.9980445616]}}