{"Parameters":{"0":{"Kappa":10,"Tau":125.8925411794}},"Positive hit":{"0":0},"SNPs":{"0":[493677,492251]},"Model0 ll":{"0":[-132.6204457291,-152.024824269]},"Model1 ll":{"0":[-132.620445729,-196.6970210794]}}