{"Parameters":{"0":{"Kappa":10,"Tau":1.0}},"Positive hit":{"0":2},"SNPs":{"0":[500214,500726]},"Model0 ll":{"0":[-65832.7758521379,-64851.6255502029]},"Model1 ll":{"0":[-211.0051281357,-200.2319036645]}}