{"Parameters":{"0":{"Kappa":10,"Tau":10.0}},"Positive hit":{"0":2},"SNPs":{"0":[505729,505304]},"Model0 ll":{"0":[-598.6011737222,-491.2281118248]},"Model1 ll":{"0":[-187.7691463961,-183.7542041247]}}