{"Parameters":{"0":{"Kappa":10,"Tau":0.0006309573}},"Positive hit":{"0":0},"SNPs":{"0":[497369,496968]},"Model0 ll":{"0":[-139.4688803828,-162.955573546]},"Model1 ll":{"0":[-139.4688803817,-162.9555735512]}}