{"Parameters":{"0":{"Kappa":10,"Tau":0.0003981072}},"Positive hit":{"0":0},"SNPs":{"0":[503104,497352]},"Model0 ll":{"0":[-129.5614900948,-140.90191345]},"Model1 ll":{"0":[-153.1438501825,-143.9997555815]}}