{"Parameters":{"0":{"Kappa":10,"Tau":0.0007943282}},"Positive hit":{"0":0},"SNPs":{"0":[499363,501230]},"Model0 ll":{"0":[-148.2381737993,-148.5591168631]},"Model1 ll":{"0":[-151.6294528298,-148.5591168637]}}