{"Parameters":{"0":{"Kappa":10,"Tau":0.3981071706}},"Positive hit":{"0":2},"SNPs":{"0":[488277,493347]},"Model0 ll":{"0":[-34959.6610712677,-31839.4318357527]},"Model1 ll":{"0":[-273.1450854491,-165.9291858793]}}