{"Parameters":{"0":{"Kappa":10,"Tau":50.1187233627}},"Positive hit":{"0":0},"SNPs":{"0":[493040,490002]},"Model0 ll":{"0":[-150.7312817353,-136.2099917827]},"Model1 ll":{"0":[-254.5098112253,-173.7923830251]}}