{"Parameters":{"0":{"Kappa":10,"Tau":12.5892541179}},"Positive hit":{"0":1},"SNPs":{"0":[501474,495257]},"Model0 ll":{"0":[-161.849128904,-183.1286565743]},"Model1 ll":{"0":[-161.8491289106,-149.2799082092]}}