{"Parameters":{"0":{"Kappa":10,"Tau":398.1071705535}},"Positive hit":{"0":1},"SNPs":{"0":[509839,497425]},"Model0 ll":{"0":[-134.4092118627,-293.9637445881]},"Model1 ll":{"0":[-182.2211925837,-167.0724478962]}}