{"Parameters":{"0":{"Kappa":10,"Tau":0.0079432823}},"Positive hit":{"0":1},"SNPs":{"0":[503510,499891]},"Model0 ll":{"0":[-193.6276677781,-153.0575877406]},"Model1 ll":{"0":[-132.5127187362,-153.0575877446]}}