{"Parameters":{"0":{"Kappa":10,"Tau":1995.2623149689}},"Positive hit":{"0":0},"SNPs":{"0":[505437,506432]},"Model0 ll":{"0":[-139.1497861638,-143.0982001429]},"Model1 ll":{"0":[-139.149786159,-143.0982001356]}}