{"Parameters":{"0":{"Kappa":10,"Tau":0.0025118864}},"Positive hit":{"0":1},"SNPs":{"0":[498283,501010]},"Model0 ll":{"0":[-144.834838265,-142.2717446137]},"Model1 ll":{"0":[-144.6894772228,-136.3286832332]}}