{"Parameters":{"0":{"Kappa":10,"Tau":0.1}},"Positive hit":{"0":2},"SNPs":{"0":[498084,499895]},"Model0 ll":{"0":[-6476.6803909761,-5707.3097257972]},"Model1 ll":{"0":[-3792.4683529739,-143.7996628496]}}