{"Parameters":{"0":{"Kappa":10,"Tau":39.8107170554}},"Positive hit":{"0":0},"SNPs":{"0":[493418,495473]},"Model0 ll":{"0":[-131.1075836738,-137.7907881493]},"Model1 ll":{"0":[-180.2919233253,-169.9808612087]}}