{"Parameters":{"0":{"Kappa":10,"Tau":251.188643151}},"Positive hit":{"0":0},"SNPs":{"0":[504382,506897]},"Model0 ll":{"0":[-148.3870778424,-127.9132276713]},"Model1 ll":{"0":[-148.387077839,-127.9132276703]}}