{"Parameters":{"0":{"Kappa":10,"Tau":0.0251188643}},"Positive hit":{"0":1},"SNPs":{"0":[497629,502201]},"Model0 ll":{"0":[-804.9142668461,-556.0001863075]},"Model1 ll":{"0":[-131.3003313516,-556.0001863376]}}