{"Parameters":{"0":{"Kappa":10,"Tau":0.0039810717}},"Positive hit":{"0":0},"SNPs":{"0":[500431,498135]},"Model0 ll":{"0":[-149.0250548047,-182.3189752123]},"Model1 ll":{"0":[-148.3425625325,-182.3189752322]}}