{"Parameters":{"0":{"Kappa":10,"Tau":0.1258925412}},"Positive hit":{"0":2},"SNPs":{"0":[498029,502942]},"Model0 ll":{"0":[-8288.7431174401,-7147.5048951305]},"Model1 ll":{"0":[-4697.8463362728,-143.4980520826]}}