{"Parameters":{"0":{"Kappa":10,"Tau":0.0005011872}},"Positive hit":{"0":1},"SNPs":{"0":[496641,498963]},"Model0 ll":{"0":[-143.1063275812,-142.8212151851]},"Model1 ll":{"0":[-139.368384284,-150.6924518474]}}