{"Parameters":{"0":{"Kappa":10,"Tau":0.0398107171}},"Positive hit":{"0":2},"SNPs":{"0":[498855,505103]},"Model0 ll":{"0":[-1468.5831953987,-1118.3583196495]},"Model1 ll":{"0":[-133.881656712,-132.8693566916]}}