{"Parameters":{"0":{"Kappa":10,"Tau":0.0501187234}},"Positive hit":{"0":2},"SNPs":{"0":[507341,500635]},"Model0 ll":{"0":[-1519.7436033175,-1715.2914499373]},"Model1 ll":{"0":[-1062.0630111249,-1109.6722252318]}}