{"Parameters":{"0":{"Kappa":10,"Tau":6.3095734448}},"Positive hit":{"0":2},"SNPs":{"0":[510332,508760]},"Model0 ll":{"0":[-11281.4970074786,-10372.0193876102]},"Model1 ll":{"0":[-171.790567545,-142.266209015]}}