{"Parameters":{"0":{"Kappa":10,"Tau":1584.8931924611}},"Positive hit":{"0":0},"SNPs":{"0":[503958,509793]},"Model0 ll":{"0":[-134.3121910068,-145.6772289678]},"Model1 ll":{"0":[-134.3121910043,-145.7564164104]}}