{"Parameters":{"0":{"Kappa":10,"Tau":0.0012589254}},"Positive hit":{"0":1},"SNPs":{"0":[503443,501104]},"Model0 ll":{"0":[-137.8620987396,-167.0817729824]},"Model1 ll":{"0":[-137.8620987421,-142.4480299622]}}