{
    "alpha": 100,
    "hidden_states": {
        "Pop1": [
            0.0,
            0.07785798992151223,
            0.36366421469373467,
            1.7455648143514475,
            5008.425194414487,
            Infinity
        ]
    },
    "model": {
        "N0": 0.0625,
        "class": "SMCModel",
        "knots": [
            0.07785798992151223,
            1.7455648143514475
        ],
        "pid": "Pop1",
        "spline_class": "Piecewise",
        "y": [
            6.575074421198335,
            6.575074421198335
        ]
    },
    "rho": 0.0001,
    "theta": 0.0001
}