{
    "alpha": 100,
    "hidden_states": {
        "Pop1": [
            0.0,
            0.04797964841646106,
            0.0819936123026405,
            0.14064337634005938,
            0.23496986118824614,
            0.3874549954261942,
            0.6387955038861124,
            1.0725383729114564,
            1.8262127741697898,
            3.3178030456725875,
            10.434964597107614,
            Infinity
        ]
    },
    "model": {
        "N0": 0.0625,
        "class": "SMCModel",
        "knots": [
            0.04797964841646106,
            0.14064337634005938,
            0.3874549954261942,
            1.0725383729114564,
            3.3178030456725875
        ],
        "pid": "Pop1",
        "spline_class": "Piecewise",
        "y": [
            -1.4231815690865413,
            -1.4231815690865413,
            -1.4231815690865413,
            1.516180044966407,
            1.3049763424787884
        ]
    },
    "rho": 0.0001,
    "theta": 0.0001
}